benchmark_id,query_id,query_text_gold,query_norm,route,resolution_method,resolution_confidence,resolution_note,row_count,canonical_intent,persona_hint,observed_intents,observed_personas,source_files,query_text_pred,predicted_route,raw_predicted_route,confidence,rule,policy_reason,latency_ms,estimated_cost_usd,model,model_status,correct,false_short_circuit
qirv1-0025,97981feafbe26568,edtech build ai bootcamp,edtech build ai bootcamp,complex,intent_policy,0.98,Recognized intents consistently map to one frozen V1 route,1,strategy,edtech_founder,strategy:1,edtech_founder:1,Data - Nimisha.csv,edtech build ai bootcamp,short_circuit,short_circuit,0.81,short_entity_like_query,accepted_model_prediction,0.008402000005958143,0.0,deterministic_rules_v1,diagnostic,False,True
qirv1-0029,bfd8338264ff591c,institutional branding guidelines,institutional branding guidelines,medium,intent_policy,0.98,Recognized intents consistently map to one frozen V1 route,1,profile_management,college_b2b,profile_management:1,college_b2b:1,Data - Anika.csv,institutional branding guidelines,short_circuit,short_circuit,0.81,short_entity_like_query,accepted_model_prediction,0.008151999992378478,0.0,deterministic_rules_v1,diagnostic,False,True
qirv1-0035,b5255a77b69a281c,University of Washington scholarships,university of washington scholarships,medium,intent_policy,0.98,Recognized intents consistently map to one frozen V1 route,2,cost_financial_aid,high_school_student,cost_financial_aid:2,advisor:1|high_school_student:1,Data - Shivansh.csv,University of Washington scholarships,short_circuit,short_circuit,0.81,short_entity_like_query,accepted_model_prediction,0.008111999989068863,0.0,deterministic_rules_v1,diagnostic,False,True
qirv1-0044,05d3837270e671e7,application volume trend modeling,application volume trend modeling,complex,intent_policy,0.98,Recognized intents consistently map to one frozen V1 route,1,analytics_request,college_b2b,analytics_request:1,college_b2b:1,Data - Anika.csv,application volume trend modeling,short_circuit,short_circuit,0.81,short_entity_like_query,accepted_model_prediction,0.008121999997001694,0.0,deterministic_rules_v1,diagnostic,False,True
qirv1-0048,5f419d54f346d5ec,affordable private + good dorms,affordable private + good dorms,complex,intent_policy,0.98,Recognized intents consistently map to one frozen V1 route,1,multi_constraint,high_school_student,multi_constraint:1,high_school_student:1,Data Anthony.csv,affordable private + good dorms,short_circuit,short_circuit,0.81,short_entity_like_query,accepted_model_prediction,0.008252000000652515,0.0,deterministic_rules_v1,diagnostic,False,True
qirv1-0055,7aa7805abf1f7b15,eng to consulitng how,eng to consulitng how,llm_needed,intent_policy,0.98,Recognized intents consistently map to one frozen V1 route,1,advisory,college_student,advisory:1,college_student:1,Data - Nimisha.csv,eng to consulitng how,short_circuit,short_circuit,0.81,short_entity_like_query,accepted_model_prediction,0.007671000005871065,0.0,deterministic_rules_v1,diagnostic,False,True
qirv1-0067,3ae0c5ffa4c31ef4,scholarship officer undergrad success,scholarship officer undergrad success,llm_needed,intent_policy,0.98,Recognized intents consistently map to one frozen V1 route,2,advisory,scholarship_foundation_officer,advisory:2,scholarship_foundation_officer:2,Data - Nimisha.csv,scholarship officer undergrad success,short_circuit,short_circuit,0.81,short_entity_like_query,accepted_model_prediction,0.008221999991064877,0.0,deterministic_rules_v1,diagnostic,False,True
qirv1-0074,36f8b29442be468a,transf CS prereq missing,transf cs prereq missing,llm_needed,intent_policy,0.98,Recognized intents consistently map to one frozen V1 route,1,advisory,transfer_student,advisory:1,transfer_student:1,Data - Nimisha.csv,transf CS prereq missing,short_circuit,short_circuit,0.81,short_entity_like_query,accepted_model_prediction,0.007601000007184666,0.0,deterministic_rules_v1,diagnostic,False,True
qirv1-0083,d75d37af5064229e,cs yield down why,cs yield down why,complex,intent_policy,0.98,Recognized intents consistently map to one frozen V1 route,1,strategy,college_admissions_officer,strategy:1,college_admissions_officer:1,Data - Nimisha.csv,cs yield down why,short_circuit,short_circuit,0.81,short_entity_like_query,accepted_model_prediction,0.007381000003192639,0.0,deterministic_rules_v1,diagnostic,False,True
qirv1-0118,9518c2660cbfbc62,career changer teacher2data,career changer teacher2data,llm_needed,intent_policy,0.98,Recognized intents consistently map to one frozen V1 route,1,advisory,career_changer,advisory:1,career_changer:1,Data - Nimisha.csv,career changer teacher2data,short_circuit,short_circuit,0.81,short_entity_like_query,accepted_model_prediction,0.007741000004557463,0.0,deterministic_rules_v1,diagnostic,False,True
qirv1-0159,4c3308853e6a6b6f,archived admissions data access,archived admissions data access,medium,intent_policy,0.98,Recognized intents consistently map to one frozen V1 route,1,profile_management,college_b2b,profile_management:1,college_b2b:1,Data - Anika.csv,archived admissions data access,short_circuit,short_circuit,0.81,short_entity_like_query,accepted_model_prediction,0.00813199999072367,0.0,deterministic_rules_v1,diagnostic,False,True
qirv1-0180,044666f47bd5c495,elite non coastal universities,elite non coastal universities,complex,intent_policy,0.98,Recognized intents consistently map to one frozen V1 route,1,recommendation,advisor,recommendation:1,advisor:1,Data - Anika.csv,elite non coastal universities,short_circuit,short_circuit,0.81,short_entity_like_query,accepted_model_prediction,0.008171999994033285,0.0,deterministic_rules_v1,diagnostic,False,True
qirv1-0188,2c7d64e6392ad1b4,edtech founder project CS,edtech founder project cs,complex,intent_policy,0.98,Recognized intents consistently map to one frozen V1 route,1,strategy,edtech_founder,strategy:1,edtech_founder:1,Data - Nimisha.csv,edtech founder project CS,short_circuit,short_circuit,0.81,short_entity_like_query,accepted_model_prediction,0.00763100000256145,0.0,deterministic_rules_v1,diagnostic,False,True
qirv1-0229,ec876077af575c09,school profile publishing workflow,school profile publishing workflow,medium,intent_policy,0.98,Recognized intents consistently map to one frozen V1 route,1,profile_management,college_b2b,profile_management:1,college_b2b:1,Data - Anika.csv,school profile publishing workflow,short_circuit,short_circuit,0.81,short_entity_like_query,accepted_model_prediction,0.00804200000459332,0.0,deterministic_rules_v1,diagnostic,False,True
qirv1-0230,12c1c6312e4c06d1,longitudinal admissions data export,longitudinal admissions data export,medium,intent_policy,0.98,Recognized intents consistently map to one frozen V1 route,1,profile_management,college_b2b,profile_management:1,college_b2b:1,Data - Anika.csv,longitudinal admissions data export,short_circuit,short_circuit,0.81,short_entity_like_query,accepted_model_prediction,0.008021999988727657,0.0,deterministic_rules_v1,diagnostic,False,True
qirv1-0243,85ca377cdb0c638a,Columbia chill campus,columbia chill campus,llm_needed,intent_policy,0.98,Recognized intents consistently map to one frozen V1 route,1,campus_life_fit,college_student,campus_life_fit:1,college_student:1,Data - Shivansh.csv,Columbia chill campus,short_circuit,short_circuit,0.81,short_entity_like_query,accepted_model_prediction,0.007500999998910629,0.0,deterministic_rules_v1,diagnostic,False,True
qirv1-0253,b01159e73b8fb6bb,improve student match quality,improve student match quality,complex,intent_policy,0.98,Recognized intents consistently map to one frozen V1 route,1,recommendation,college_b2b,recommendation:1,college_b2b:1,Data - Anika.csv,improve student match quality,short_circuit,short_circuit,0.81,short_entity_like_query,accepted_model_prediction,0.007831999994323269,0.0,deterministic_rules_v1,diagnostic,False,True
qirv1-0256,1537ec245c457a34,analytics for admissions funnel,analytics for admissions funnel,complex,intent_policy,0.98,Recognized intents consistently map to one frozen V1 route,1,analytics_request,college_b2b,analytics_request:1,college_b2b:1,Data - Anika.csv,analytics for admissions funnel,short_circuit,short_circuit,0.81,short_entity_like_query,accepted_model_prediction,0.007862000003910907,0.0,deterministic_rules_v1,diagnostic,False,True
qirv1-0267,6456e0323dbe40b3,good school not scary,good school not scary,complex,intent_policy,0.98,Recognized intents consistently map to one frozen V1 route,1,rewrite_needed,high_school_student,rewrite_needed:1,high_school_student:1,Data Anthony.csv,good school not scary,short_circuit,short_circuit,0.81,short_entity_like_query,accepted_model_prediction,0.007621999998264073,0.0,deterministic_rules_v1,diagnostic,False,True
qirv1-0269,67f77d22516ab4d8,melt eng admits stop,melt eng admits stop,complex,intent_policy,0.98,Recognized intents consistently map to one frozen V1 route,1,strategy,college_admissions_officer,strategy:1,college_admissions_officer:1,Data - Nimisha.csv,melt eng admits stop,short_circuit,short_circuit,0.81,short_entity_like_query,accepted_model_prediction,0.0075210000005654365,0.0,deterministic_rules_v1,diagnostic,False,True
qirv1-0295,b253016902f8f734,regional hiring concentration effects,regional hiring concentration effects,complex,unanimous_observed,1.0,All valid historical route labels agree,1,guidance,advisor,guidance:1,advisor:1,Data - Anika.csv,regional hiring concentration effects,short_circuit,short_circuit,0.81,short_entity_like_query,accepted_model_prediction,0.008362000002648529,0.0,deterministic_rules_v1,diagnostic,False,True
qirv1-0050,17b220811ffce736,how employers evaluate certificates vs minors,how employers evaluate certificates vs minors,medium,unanimous_observed,1.0,All valid historical route labels agree,1,guidance,advisor,guidance:1,advisor:1,Data - Anika.csv,how employers evaluate certificates vs minors,complex,complex,0.9,comparison,accepted_model_prediction,0.0033950000073446063,0.0,deterministic_rules_v1,diagnostic,False,False
qirv1-0045,a7955f28929cdefc,Can graduate applicants receive recommendation letters from industry mentors?,can graduate applicants receive recommendation letters from industry mentors,llm_needed,intent_policy,0.98,Recognized intents consistently map to one frozen V1 route,1,advisory,graduate_applicant,advisory:1,graduate_applicant:1,Data - Nimisha.csv,Can graduate applicants receive recommendation letters from industry mentors?,complex,complex,0.84,recommendation_or_ranking,accepted_model_prediction,0.005027000000268345,0.0,deterministic_rules_v1,diagnostic,False,False
qirv1-0108,0b9f9e17db407820,best colleges for on-campus housing with high graduation rates in California,best colleges for on-campus housing with high graduation rates in california,medium,intent_policy,0.98,Recognized intents consistently map to one frozen V1 route,5,filtered_search,college_student,filtered_search:5,college_student:5,Data - Edward.csv,best colleges for on-campus housing with high graduation rates in California,complex,complex,0.84,recommendation_or_ranking,accepted_model_prediction,0.005427999994367383,0.0,deterministic_rules_v1,diagnostic,False,False
qirv1-0185,18969e73afe7f7ff,best colleges for honors seminar quality with robust internships in California,best colleges for honors seminar quality with robust internships in california,medium,intent_policy,0.98,Recognized intents consistently map to one frozen V1 route,5,filtered_search,teacher,filtered_search:5,teacher:5,Data - Edward.csv,best colleges for honors seminar quality with robust internships in California,complex,complex,0.84,recommendation_or_ranking,accepted_model_prediction,0.005367999989402961,0.0,deterministic_rules_v1,diagnostic,False,False
qirv1-0235,e9a21b332b1b9868,visibility in recommendation engine,visibility in recommendation engine,medium,unanimous_observed,1.0,All valid historical route labels agree,1,guidance,college_b2b,guidance:1,college_b2b:1,Data - Anika.csv,visibility in recommendation engine,complex,complex,0.84,recommendation_or_ranking,accepted_model_prediction,0.0035759999974516177,0.0,deterministic_rules_v1,diagnostic,False,False
qirv1-0175,a293fa8c17d0bfcb,which schools offer campus culture and inclusion and allow early application deadlines,which schools offer campus culture and inclusion and allow early application deadlines,short_circuit,intent_policy,0.98,Recognized intents consistently map to one frozen V1 route,5,attribute_lookup,parent,attribute_lookup:5,parent:5,Data - Edward.csv,which schools offer campus culture and inclusion and allow early application deadlines,llm_needed,llm_needed,0.82,subjective_or_advisory,accepted_model_prediction,0.008962999999084786,0.0,deterministic_rules_v1,diagnostic,False,False
qirv1-0236,c05cdd6b39de4a5c,schools with strong programs for students who grew up abroad or are third culture kids,schools with strong programs for students who grew up abroad or are third culture kids,medium,intent_policy,0.98,Recognized intents consistently map to one frozen V1 route,1,filtered_search,independent_counselor,filtered_search:1,independent_counselor:1,Data Anthony.csv,schools with strong programs for students who grew up abroad or are third culture kids,llm_needed,llm_needed,0.82,subjective_or_advisory,accepted_model_prediction,0.009504000004767477,0.0,deterministic_rules_v1,diagnostic,False,False
qirv1-0247,7fdd3cf06d6ff34b,marketing collaborative eng culture better,marketing collaborative eng culture better,complex,intent_policy,0.98,Recognized intents consistently map to one frozen V1 route,1,strategy,college_admissions_officer,strategy:1,college_admissions_officer:1,Data - Nimisha.csv,marketing collaborative eng culture better,llm_needed,llm_needed,0.82,subjective_or_advisory,accepted_model_prediction,0.006709999993859128,0.0,deterministic_rules_v1,diagnostic,False,False
qirv1-0281,215617fd275140d0,unis w big hackathon culture,unis w big hackathon culture,medium,intent_policy,0.98,Recognized intents consistently map to one frozen V1 route,1,filtered_search,high_school_student,filtered_search:1,high_school_student:1,Data Anthony.csv,unis w big hackathon culture,llm_needed,llm_needed,0.82,subjective_or_advisory,accepted_model_prediction,0.005998000006002258,0.0,deterministic_rules_v1,diagnostic,False,False
qirv1-0294,be61cdb2593cdea9,colleges with military veteran tuition benefits,colleges with military veteran tuition benefits,short_circuit,intent_policy,0.98,Recognized intents consistently map to one frozen V1 route,1,attribute_lookup,college_student,attribute_lookup:1,college_student:1,Data - Edward.csv,colleges with military veteran tuition benefits,llm_needed,llm_needed,0.82,subjective_or_advisory,accepted_model_prediction,0.006349000003069705,0.0,deterministic_rules_v1,diagnostic,False,False
qirv1-0038,8095165ca59b0105,good schools for kids who are smart but not great test takers,good schools for kids who are smart but not great test takers,llm_needed,intent_policy,0.98,Recognized intents consistently map to one frozen V1 route,1,advisory,parent,advisory:1,parent:1,Data Anthony.csv,good schools for kids who are smart but not great test takers,complex,complex,0.8,multiple_constraints,accepted_model_prediction,0.007361000001537832,0.0,deterministic_rules_v1,diagnostic,False,False
qirv1-0084,a5651c4800d0a718,schools that support communication with families students and have accessible housing,schools that support communication with families students and have accessible housing,medium,intent_policy,0.98,Recognized intents consistently map to one frozen V1 route,5,filtered_search,parent,filtered_search:5,parent:5,Data - Edward.csv,schools that support communication with families students and have accessible housing,complex,complex,0.8,multiple_constraints,accepted_model_prediction,0.007171000007133443,0.0,deterministic_rules_v1,diagnostic,False,False
qirv1-0121,455aac8687b13da5,schools with strong programs in philosophy and logic,schools with strong programs in philosophy and logic,medium,intent_policy,0.98,Recognized intents consistently map to one frozen V1 route,1,filtered_search,independent_counselor,filtered_search:1,independent_counselor:1,Data Anthony.csv,schools with strong programs in philosophy and logic,complex,complex,0.8,multiple_constraints,accepted_model_prediction,0.006259999992153098,0.0,deterministic_rules_v1,diagnostic,False,False
qirv1-0142,3cb70c515310d8a4,schools with art and creative talent scholarships,schools with art and creative talent scholarships,short_circuit,intent_policy,0.98,Recognized intents consistently map to one frozen V1 route,1,attribute_lookup,highschool_student,attribute_lookup:1,highschool_student:1,Data - Edward.csv,schools with art and creative talent scholarships,complex,complex,0.8,multiple_constraints,accepted_model_prediction,0.006029000005014495,0.0,deterministic_rules_v1,diagnostic,False,False
qirv1-0197,5604c58da9d5e1c3,how to document and share college counseling resources with students digitally,how to document and share college counseling resources with students digitally,llm_needed,intent_policy,0.98,Recognized intents consistently map to one frozen V1 route,1,advisory,counselor,advisory:1,counselor:1,Data - Ridhi.csv,how to document and share college counseling resources with students digitally,complex,complex,0.8,multiple_constraints,accepted_model_prediction,0.007199999998874773,0.0,deterministic_rules_v1,diagnostic,False,False
qirv1-0017,947b5030f8c7b108,schools with mental health resources,schools with mental health resources,llm_needed,intent_policy,0.98,Recognized intents consistently map to one frozen V1 route,1,campus_life_fit,parent,campus_life_fit:1,parent:1,Data - Anika.csv,schools with mental health resources,medium,medium,0.76,category_or_filter_search,accepted_model_prediction,0.007570999997597028,0.0,deterministic_rules_v1,diagnostic,False,False
qirv1-0024,0808f3c939926fc3,universities with low textbook costs,universities with low textbook costs,short_circuit,intent_policy,0.98,Recognized intents consistently map to one frozen V1 route,1,attribute_lookup,highschool_student,attribute_lookup:1,highschool_student:1,Data - Ridhi.csv,universities with low textbook costs,medium,medium,0.76,category_or_filter_search,accepted_model_prediction,0.007139999993910351,0.0,deterministic_rules_v1,diagnostic,False,False
qirv1-0033,95c38609200d027a,universities with strong linguistics research,universities with strong linguistics research,short_circuit,intent_policy,0.98,Recognized intents consistently map to one frozen V1 route,1,attribute_lookup,highschool_student,attribute_lookup:1,highschool_student:1,Data - Ridhi.csv,universities with strong linguistics research,medium,medium,0.76,category_or_filter_search,accepted_model_prediction,0.007250999999541818,0.0,deterministic_rules_v1,diagnostic,False,False
qirv1-0034,8f019668a887d788,schools with campus-wide language exchange programs,schools with campus-wide language exchange programs,short_circuit,intent_policy,0.98,Recognized intents consistently map to one frozen V1 route,1,attribute_lookup,highschool_student,attribute_lookup:1,highschool_student:1,Data - Edward.csv,schools with campus-wide language exchange programs,medium,medium,0.76,category_or_filter_search,accepted_model_prediction,0.0076019999966092655,0.0,deterministic_rules_v1,diagnostic,False,False
qirv1-0064,e3681fa197f93132,schools with campus zip lines or adventure courses,schools with campus zip lines or adventure courses,short_circuit,intent_policy,0.98,Recognized intents consistently map to one frozen V1 route,1,attribute_lookup,highschool_student,attribute_lookup:1,highschool_student:1,Data - Edward.csv,schools with campus zip lines or adventure courses,medium,medium,0.76,category_or_filter_search,accepted_model_prediction,0.0077010000012478486,0.0,deterministic_rules_v1,diagnostic,False,False
qirv1-0077,92419668bb02d7b6,universities with public transportation access,universities with public transportation access,short_circuit,intent_policy,0.98,Recognized intents consistently map to one frozen V1 route,1,attribute_lookup,highschool_student,attribute_lookup:1,highschool_student:1,Data - Ridhi.csv,universities with public transportation access,medium,medium,0.76,category_or_filter_search,accepted_model_prediction,0.007471000003533845,0.0,deterministic_rules_v1,diagnostic,False,False
qirv1-0081,8b9d3fbe9fd908d6,universities with public policy undergraduate programs,universities with public policy undergraduate programs,short_circuit,intent_policy,0.98,Recognized intents consistently map to one frozen V1 route,1,attribute_lookup,highschool_student,attribute_lookup:1,highschool_student:1,Data - Edward.csv,universities with public policy undergraduate programs,medium,medium,0.76,category_or_filter_search,accepted_model_prediction,0.007361000001537832,0.0,deterministic_rules_v1,diagnostic,False,False
qirv1-0096,5fb9cb513e4e6018,schools with active running or track clubs,schools with active running or track clubs,short_circuit,intent_policy,0.98,Recognized intents consistently map to one frozen V1 route,1,attribute_lookup,highschool_student,attribute_lookup:1,highschool_student:1,Data - Edward.csv,schools with active running or track clubs,medium,medium,0.76,category_or_filter_search,accepted_model_prediction,0.007471000003533845,0.0,deterministic_rules_v1,diagnostic,False,False
qirv1-0097,31a83b7de52aeb40,universities with social work degrees,universities with social work degrees,short_circuit,intent_policy,0.98,Recognized intents consistently map to one frozen V1 route,1,attribute_lookup,highschool_student,attribute_lookup:1,highschool_student:1,Data - Edward.csv,universities with social work degrees,medium,medium,0.76,category_or_filter_search,accepted_model_prediction,0.006819999995855142,0.0,deterministic_rules_v1,diagnostic,False,False
qirv1-0100,176956e9e1c587d5,universities with cultural exchange programs,universities with cultural exchange programs,short_circuit,intent_policy,0.98,Recognized intents consistently map to one frozen V1 route,1,attribute_lookup,highschool_student,attribute_lookup:1,highschool_student:1,Data - Ridhi.csv,universities with cultural exchange programs,medium,medium,0.76,category_or_filter_search,accepted_model_prediction,0.007131000003823829,0.0,deterministic_rules_v1,diagnostic,False,False
qirv1-0102,5b0a38d9ec0d75a1,universities with research in computational biology,universities with research in computational biology,short_circuit,intent_policy,0.98,Recognized intents consistently map to one frozen V1 route,1,attribute_lookup,highschool_student,attribute_lookup:1,highschool_student:1,Data - Ridhi.csv,universities with research in computational biology,medium,medium,0.76,category_or_filter_search,accepted_model_prediction,0.0075210000005654365,0.0,deterministic_rules_v1,diagnostic,False,False
qirv1-0104,0682d4ed720c5fc2,universities where freshmen cannot be cut from engineering,universities where freshmen cannot be cut from engineering,short_circuit,intent_policy,0.98,Recognized intents consistently map to one frozen V1 route,1,attribute_lookup,parent,attribute_lookup:1,parent:1,Data - Nimisha.csv,universities where freshmen cannot be cut from engineering,medium,medium,0.76,category_or_filter_search,accepted_model_prediction,0.008261999994374492,0.0,deterministic_rules_v1,diagnostic,False,False
qirv1-0105,8226823fc69fb7a3,schools with strong bioinformatics programs,schools with strong bioinformatics programs,short_circuit,intent_policy,0.98,Recognized intents consistently map to one frozen V1 route,1,attribute_lookup,highschool_student,attribute_lookup:1,highschool_student:1,Data - Edward.csv,schools with strong bioinformatics programs,medium,medium,0.76,category_or_filter_search,accepted_model_prediction,0.007069999995223952,0.0,deterministic_rules_v1,diagnostic,False,False
qirv1-0115,1b721ba038375fda,universities with peer-led study programs,universities with peer-led study programs,short_circuit,intent_policy,0.98,Recognized intents consistently map to one frozen V1 route,1,attribute_lookup,highschool_student,attribute_lookup:1,highschool_student:1,Data - Ridhi.csv,universities with peer-led study programs,medium,medium,0.76,category_or_filter_search,accepted_model_prediction,0.0072610000074746495,0.0,deterministic_rules_v1,diagnostic,False,False
qirv1-0137,ca176957f19b74a1,schools with 3D printing labs open to all students,schools with 3d printing labs open to all students,short_circuit,intent_policy,0.98,Recognized intents consistently map to one frozen V1 route,1,attribute_lookup,college_student,attribute_lookup:1,college_student:1,Data - Edward.csv,schools with 3D printing labs open to all students,medium,medium,0.76,category_or_filter_search,accepted_model_prediction,0.008261999994374492,0.0,deterministic_rules_v1,diagnostic,False,False
qirv1-0144,996f0f56ba9fb5fe,schools with active intramural esports leagues,schools with active intramural esports leagues,short_circuit,intent_policy,0.98,Recognized intents consistently map to one frozen V1 route,1,attribute_lookup,highschool_student,attribute_lookup:1,highschool_student:1,Data - Edward.csv,schools with active intramural esports leagues,medium,medium,0.76,category_or_filter_search,accepted_model_prediction,0.007271000001196626,0.0,deterministic_rules_v1,diagnostic,False,False
qirv1-0146,06c2eb5e1d296e32,colleges with strong parental communication policies,colleges with strong parental communication policies,short_circuit,intent_policy,0.98,Recognized intents consistently map to one frozen V1 route,1,attribute_lookup,parent,attribute_lookup:1,parent:1,Data - Edward.csv,colleges with strong parental communication policies,medium,medium,0.76,category_or_filter_search,accepted_model_prediction,0.007831999994323269,0.0,deterministic_rules_v1,diagnostic,False,False
qirv1-0166,6d8e5b52501e07fd,universities with student-run environmental law organizations,universities with student-run environmental law organizations,short_circuit,intent_policy,0.98,Recognized intents consistently map to one frozen V1 route,1,attribute_lookup,highschool_student,attribute_lookup:1,highschool_student:1,Data - Edward.csv,universities with student-run environmental law organizations,medium,medium,0.76,category_or_filter_search,accepted_model_prediction,0.008112000003279718,0.0,deterministic_rules_v1,diagnostic,False,False
qirv1-0174,44162869e01615f1,colleges that accept community college associate degrees,colleges that accept community college associate degrees,short_circuit,intent_policy,0.98,Recognized intents consistently map to one frozen V1 route,1,attribute_lookup,college_student,attribute_lookup:1,college_student:1,Data - Edward.csv,colleges that accept community college associate degrees,medium,medium,0.76,category_or_filter_search,accepted_model_prediction,0.007991999993350873,0.0,deterministic_rules_v1,diagnostic,False,False
qirv1-0212,f9c00c703199b4e2,universities with research in sociogenomics,universities with research in sociogenomics,short_circuit,intent_policy,0.98,Recognized intents consistently map to one frozen V1 route,1,attribute_lookup,highschool_student,attribute_lookup:1,highschool_student:1,Data - Edward.csv,universities with research in sociogenomics,medium,medium,0.76,category_or_filter_search,accepted_model_prediction,0.0074410000081570615,0.0,deterministic_rules_v1,diagnostic,False,False
qirv1-0214,29cd26cae92f6f18,schools with campus ambassador programs,schools with campus ambassador programs,short_circuit,intent_policy,0.98,Recognized intents consistently map to one frozen V1 route,1,attribute_lookup,highschool_student,attribute_lookup:1,highschool_student:1,Data - Edward.csv,schools with campus ambassador programs,medium,medium,0.76,category_or_filter_search,accepted_model_prediction,0.006920000004129179,0.0,deterministic_rules_v1,diagnostic,False,False
qirv1-0277,08e560a87a7f8633,schools with active student government,schools with active student government,short_circuit,intent_policy,0.98,Recognized intents consistently map to one frozen V1 route,1,attribute_lookup,highschool_student,attribute_lookup:1,highschool_student:1,Data - Ridhi.csv,schools with active student government,medium,medium,0.76,category_or_filter_search,accepted_model_prediction,0.006910000010407202,0.0,deterministic_rules_v1,diagnostic,False,False
qirv1-0280,b9516ad2188df690,colleges with strong cognitive science + philosophy programs,colleges with strong cognitive science + philosophy programs,complex,intent_policy,0.98,Recognized intents consistently map to one frozen V1 route,1,multi_constraint,highschool_student,multi_constraint:1,highschool_student:1,Data - Ridhi.csv,colleges with strong cognitive science + philosophy programs,medium,medium,0.76,category_or_filter_search,accepted_model_prediction,0.007911999986731644,0.0,deterministic_rules_v1,diagnostic,False,False
qirv1-0287,307b4ef2c090cb94,universities with peer-led tutoring programs,universities with peer-led tutoring programs,short_circuit,intent_policy,0.98,Recognized intents consistently map to one frozen V1 route,1,attribute_lookup,highschool_student,attribute_lookup:1,highschool_student:1,Data - Ridhi.csv,universities with peer-led tutoring programs,medium,medium,0.76,category_or_filter_search,accepted_model_prediction,0.007220000000529581,0.0,deterministic_rules_v1,diagnostic,False,False
qirv1-0291,70349999798bd381,schools with strong industrial engineering programs,schools with strong industrial engineering programs,short_circuit,intent_policy,0.98,Recognized intents consistently map to one frozen V1 route,1,attribute_lookup,highschool_student,attribute_lookup:1,highschool_student:1,Data - Edward.csv,schools with strong industrial engineering programs,medium,medium,0.76,category_or_filter_search,accepted_model_prediction,0.007370000005835209,0.0,deterministic_rules_v1,diagnostic,False,False
qirv1-0300,1378980107287dc4,universities with high numbers of NSF fellowship winners,universities with high numbers of nsf fellowship winners,short_circuit,intent_policy,0.98,Recognized intents consistently map to one frozen V1 route,1,attribute_lookup,highschool_student,attribute_lookup:1,highschool_student:1,Data - Edward.csv,universities with high numbers of NSF fellowship winners,medium,medium,0.76,category_or_filter_search,accepted_model_prediction,0.007980999995993443,0.0,deterministic_rules_v1,diagnostic,False,False
qirv1-0003,0400ac4ceff3aa72,can we integrate your platform with our CRM system,can we integrate your platform with our crm system,complex,unanimous_observed,1.0,All valid historical route labels agree,1,technical,college_b2b,technical:1,college_b2b:1,Data - Ridhi.csv,can we integrate your platform with our CRM system,medium,medium,0.72,default_standard_search,accepted_model_prediction,0.01184799999975894,0.0,deterministic_rules_v1,diagnostic,False,False
qirv1-0005,6d61f025e104a1f1,what is the helicopter parent trap and how to avoid it,what is the helicopter parent trap and how to avoid it,llm_needed,intent_policy,0.98,Recognized intents consistently map to one frozen V1 route,1,emotional_advisory,parent,emotional_advisory:1,parent:1,Data - Ridhi.csv,what is the helicopter parent trap and how to avoid it,medium,medium,0.72,default_standard_search,accepted_model_prediction,0.010174999999890133,0.0,deterministic_rules_v1,diagnostic,False,False
qirv1-0008,a296ec02e7ceeb39,how to advise students about the value of internships and when to pursue them,how to advise students about the value of internships and when to pursue them,llm_needed,intent_policy,0.98,Recognized intents consistently map to one frozen V1 route,1,advisory,advisor,advisory:1,advisor:1,Data - Ridhi.csv,how to advise students about the value of internships and when to pursue them,medium,medium,0.72,default_standard_search,accepted_model_prediction,0.016684000001987442,0.0,deterministic_rules_v1,diagnostic,False,False
qirv1-0009,7fd98a5676790124,does Duke have data science,does duke have data science,short_circuit,intent_policy,0.98,Recognized intents consistently map to one frozen V1 route,2,attribute_lookup,advisor,attribute_lookup:2,advisor:1|college_student:1,Data - Shivansh.csv,does Duke have data science,medium,medium,0.72,default_standard_search,accepted_model_prediction,0.009124000001747845,0.0,deterministic_rules_v1,diagnostic,False,False
qirv1-0010,9687890832257857,how to counsel students on negotiating their first salary,how to counsel students on negotiating their first salary,llm_needed,intent_policy,0.98,Recognized intents consistently map to one frozen V1 route,1,advisory,advisor,advisory:1,advisor:1,Data - Ridhi.csv,how to counsel students on negotiating their first salary,medium,medium,0.72,default_standard_search,accepted_model_prediction,0.008972999992806763,0.0,deterministic_rules_v1,diagnostic,False,False
qirv1-0012,9eb48d246441bcae,how to write an email to a professor that doesn't sound dumb,how to write an email to a professor that doesn't sound dumb,llm_needed,intent_policy,0.98,Recognized intents consistently map to one frozen V1 route,1,advisory,college_student,advisory:1,college_student:1,Data - Ridhi.csv,how to write an email to a professor that doesn't sound dumb,medium,medium,0.72,default_standard_search,accepted_model_prediction,0.009293000005072827,0.0,deterministic_rules_v1,diagnostic,False,False
qirv1-0018,7c1a92dfd094b137,what jobs hire people with history degrees,what jobs hire people with history degrees,llm_needed,intent_policy,0.98,Recognized intents consistently map to one frozen V1 route,1,advisory,college_student,advisory:1,college_student:1,Data - Ridhi.csv,what jobs hire people with history degrees,medium,medium,0.72,default_standard_search,accepted_model_prediction,0.007381000003192639,0.0,deterministic_rules_v1,diagnostic,False,False
qirv1-0019,c64a6d14bbdf407a,what role should teachers play in college counseling conversations,what role should teachers play in college counseling conversations,llm_needed,intent_policy,0.98,Recognized intents consistently map to one frozen V1 route,1,advisory,counselor,advisory:1,counselor:1,Data - Ridhi.csv,what role should teachers play in college counseling conversations,medium,medium,0.72,default_standard_search,accepted_model_prediction,0.008582999996065155,0.0,deterministic_rules_v1,diagnostic,False,False
qirv1-0020,c9720398654d70f3,how to build a robust institutional advancement and fundraising office,how to build a robust institutional advancement and fundraising office,short_circuit,intent_policy,0.98,Recognized intents consistently map to one frozen V1 route,1,attribute_lookup,college,attribute_lookup:1,college:1,Data - Edward.csv,how to build a robust institutional advancement and fundraising office,medium,medium,0.72,default_standard_search,accepted_model_prediction,0.008793000006335205,0.0,deterministic_rules_v1,diagnostic,False,False
qirv1-0021,02ae62b4add038e6,How do design graduates improve weak portfolios for employment?,how do design graduates improve weak portfolios for employment,llm_needed,intent_policy,0.98,Recognized intents consistently map to one frozen V1 route,1,advisory,employer_recruiter,advisory:1,employer_recruiter:1,Data - Nimisha.csv,How do design graduates improve weak portfolios for employment?,medium,medium,0.72,default_standard_search,accepted_model_prediction,0.0086330000073076,0.0,deterministic_rules_v1,diagnostic,False,False
qirv1-0022,5f5f4d30730cdbea,how to create a retention dashboard to track institutional progress,how to create a retention dashboard to track institutional progress,short_circuit,intent_policy,0.98,Recognized intents consistently map to one frozen V1 route,1,attribute_lookup,college,attribute_lookup:1,college:1,Data - Edward.csv,how to create a retention dashboard to track institutional progress,medium,medium,0.72,default_standard_search,accepted_model_prediction,0.009023000004049209,0.0,deterministic_rules_v1,diagnostic,False,False
qirv1-0023,53333db75d7d2eb8,how to tailor advising approaches for adult learners returning to college,how to tailor advising approaches for adult learners returning to college,llm_needed,intent_policy,0.98,Recognized intents consistently map to one frozen V1 route,1,emotional_advisory,advisor,emotional_advisory:1,advisor:1,Data - Edward.csv,how to tailor advising approaches for adult learners returning to college,medium,medium,0.72,default_standard_search,accepted_model_prediction,0.008962999999084786,0.0,deterministic_rules_v1,diagnostic,False,False
qirv1-0027,2cb6aa429b15e11a,what to do if my roommate and I don't get along,what to do if my roommate and i don't get along,llm_needed,intent_policy,0.98,Recognized intents consistently map to one frozen V1 route,1,emotional_advisory,college_student,emotional_advisory:1,college_student:1,Data - Ridhi.csv,what to do if my roommate and I don't get along,medium,medium,0.72,default_standard_search,accepted_model_prediction,0.00874299999509276,0.0,deterministic_rules_v1,diagnostic,False,False
qirv1-0043,14548b70b21a2266,what is the FAFSA and when should we fill it out,what is the fafsa and when should we fill it out,llm_needed,intent_policy,0.98,Recognized intents consistently map to one frozen V1 route,1,advisory,parent,advisory:1,parent:1,Data - Ridhi.csv,what is the FAFSA and when should we fill it out,medium,medium,0.72,default_standard_search,accepted_model_prediction,0.0085819999924297,0.0,deterministic_rules_v1,diagnostic,False,False
qirv1-0047,202d1f805744ab63,hiring mgr AI grads applied weak,hiring mgr ai grads applied weak,llm_needed,intent_policy,0.98,Recognized intents consistently map to one frozen V1 route,2,advisory,industry_hiring_manager,advisory:2,industry_hiring_manager:2,Data - Nimisha.csv,hiring mgr AI grads applied weak,medium,medium,0.72,default_standard_search,accepted_model_prediction,0.006881000004455018,0.0,deterministic_rules_v1,diagnostic,False,False
qirv1-0054,33f9e68a3cb2ed49,how to get more colleges to visit or engage with your high school,how to get more colleges to visit or engage with your high school,llm_needed,intent_policy,0.98,Recognized intents consistently map to one frozen V1 route,1,advisory,counselor,advisory:1,counselor:1,Data - Ridhi.csv,how to get more colleges to visit or engage with your high school,medium,medium,0.72,default_standard_search,accepted_model_prediction,0.009353999999461848,0.0,deterministic_rules_v1,diagnostic,False,False
qirv1-0057,32840d06393fa4f9,how to advise students preparing for behavioral job interviews,how to advise students preparing for behavioral job interviews,short_circuit,intent_policy,0.98,Recognized intents consistently map to one frozen V1 route,1,attribute_lookup,advisor,attribute_lookup:1,advisor:1,Data - Edward.csv,how to advise students preparing for behavioral job interviews,medium,medium,0.72,default_standard_search,accepted_model_prediction,0.008312000005616937,0.0,deterministic_rules_v1,diagnostic,False,False
qirv1-0061,8179baaa7bdea545,cs schools w good social life pls,cs schools w good social life pls,complex,intent_policy,0.98,Recognized intents consistently map to one frozen V1 route,1,multi_constraint,high_school_student,multi_constraint:1,high_school_student:1,Data Anthony.csv,cs schools w good social life pls,medium,medium,0.72,default_standard_search,accepted_model_prediction,0.007050999997204599,0.0,deterministic_rules_v1,diagnostic,False,False
qirv1-0072,911ed1e14af36ecf,is a biology degree useful if i dont want to be a doctor,is a biology degree useful if i dont want to be a doctor,llm_needed,intent_policy,0.98,Recognized intents consistently map to one frozen V1 route,1,reflective_advisory,high_school_student,reflective_advisory:1,high_school_student:1,Data Anthony.csv,is a biology degree useful if i dont want to be a doctor,medium,medium,0.72,default_standard_search,accepted_model_prediction,0.009383000005414033,0.0,deterministic_rules_v1,diagnostic,False,False
qirv1-0075,30f78dcb4b260b21,Are there mentorship opportunities for community college students in business majors?,are there mentorship opportunities for community college students in business majors,llm_needed,intent_policy,0.98,Recognized intents consistently map to one frozen V1 route,1,advisory,community_college_student,advisory:1,community_college_student:1,Data - Nimisha.csv,Are there mentorship opportunities for community college students in business majors?,medium,medium,0.72,default_standard_search,accepted_model_prediction,0.009673999997517058,0.0,deterministic_rules_v1,diagnostic,False,False
qirv1-0076,35eefda69722e67f,what are the social pressures at selective universities and how do parents help,what are the social pressures at selective universities and how do parents help,llm_needed,intent_policy,0.98,Recognized intents consistently map to one frozen V1 route,1,advisory,parent,advisory:1,parent:1,Data - Ridhi.csv,what are the social pressures at selective universities and how do parents help,medium,medium,0.72,default_standard_search,accepted_model_prediction,0.009783999999513071,0.0,deterministic_rules_v1,diagnostic,False,False
qirv1-0079,8a225e0e7876ce9a,scholarship officer rural cs poor,scholarship officer rural cs poor,llm_needed,intent_policy,0.98,Recognized intents consistently map to one frozen V1 route,1,advisory,scholarship_foundation_officer,advisory:1,scholarship_foundation_officer:1,Data - Nimisha.csv,scholarship officer rural cs poor,medium,medium,0.72,default_standard_search,accepted_model_prediction,0.006729999995513936,0.0,deterministic_rules_v1,diagnostic,False,False
qirv1-0082,0decd83a9ef32282,large public health colleges in warm states good financial aid reach schools,large public health colleges in warm states good financial aid reach schools,complex,intent_policy,0.98,Recognized intents consistently map to one frozen V1 route,1,multi_constraint,advisor,multi_constraint:1,advisor:1,Data - Shivansh.csv,large public health colleges in warm states good financial aid reach schools,medium,medium,0.72,default_standard_search,accepted_model_prediction,0.00957399998924302,0.0,deterministic_rules_v1,diagnostic,False,False
qirv1-0085,c54d6650d4b651c3,engineering schools where undergrads publish before senior year,engineering schools where undergrads publish before senior year,complex,intent_policy,0.98,Recognized intents consistently map to one frozen V1 route,1,multi_constraint,high_school_student,multi_constraint:1,high_school_student:1,Data - Nimisha.csv,engineering schools where undergrads publish before senior year,medium,medium,0.72,default_standard_search,accepted_model_prediction,0.00809200000162491,0.0,deterministic_rules_v1,diagnostic,False,False
qirv1-0086,a880557d20182818,how to structure a first semester advising appointment for a new freshman,how to structure a first semester advising appointment for a new freshman,llm_needed,intent_policy,0.98,Recognized intents consistently map to one frozen V1 route,1,advisory,advisor,advisory:1,advisor:1,Data - Ridhi.csv,how to structure a first semester advising appointment for a new freshman,medium,medium,0.72,default_standard_search,accepted_model_prediction,0.009423999998148247,0.0,deterministic_rules_v1,diagnostic,False,False
qirv1-0087,7d983aca7e88908f,how to evaluate the impact of campus employment on student retention,how to evaluate the impact of campus employment on student retention,short_circuit,intent_policy,0.98,Recognized intents consistently map to one frozen V1 route,1,attribute_lookup,college,attribute_lookup:1,college:1,Data - Edward.csv,how to evaluate the impact of campus employment on student retention,medium,medium,0.72,default_standard_search,accepted_model_prediction,0.008922999995775172,0.0,deterministic_rules_v1,diagnostic,False,False
qirv1-0089,57ee9429d33b9dbd,eng debt trap?,eng debt trap,llm_needed,intent_policy,0.98,Recognized intents consistently map to one frozen V1 route,1,advisory,parent,advisory:1,parent:1,Data - Nimisha.csv,eng debt trap?,medium,medium,0.72,default_standard_search,accepted_model_prediction,0.007361000001537832,0.0,deterministic_rules_v1,diagnostic,False,False
qirv1-0093,aa574f3bc1098bbf,how to help students navigate roommate conflicts,how to help students navigate roommate conflicts,llm_needed,intent_policy,0.98,Recognized intents consistently map to one frozen V1 route,1,emotional_advisory,advisor,emotional_advisory:1,advisor:1,Data - Edward.csv,how to help students navigate roommate conflicts,medium,medium,0.72,default_standard_search,accepted_model_prediction,0.007590999999251835,0.0,deterministic_rules_v1,diagnostic,False,False
qirv1-0094,63ff8751253ad471,career changer law 2 cs dumb?,career changer law 2 cs dumb,llm_needed,intent_policy,0.98,Recognized intents consistently map to one frozen V1 route,1,emotional_advisory,career_changer,emotional_advisory:1,career_changer:1,Data - Nimisha.csv,career changer law 2 cs dumb?,medium,medium,0.72,default_standard_search,accepted_model_prediction,0.006920000004129179,0.0,deterministic_rules_v1,diagnostic,False,False
qirv1-0095,7af46f1c6cfee9c7,how to request an extension on an assignment,how to request an extension on an assignment,llm_needed,intent_policy,0.98,Recognized intents consistently map to one frozen V1 route,1,advisory,college_student,advisory:1,college_student:1,Data - Ridhi.csv,how to request an extension on an assignment,medium,medium,0.72,default_standard_search,accepted_model_prediction,0.007702000004883303,0.0,deterministic_rules_v1,diagnostic,False,False
qirv1-0098,28fa239a0e94f363,How can transfer students manage differences in extracurricular opportunities?,how can transfer students manage differences in extracurricular opportunities,llm_needed,intent_policy,0.98,Recognized intents consistently map to one frozen V1 route,1,advisory,transfer_student,advisory:1,transfer_student:1,Data - Nimisha.csv,How can transfer students manage differences in extracurricular opportunities?,medium,medium,0.72,default_standard_search,accepted_model_prediction,0.008983000000739594,0.0,deterministic_rules_v1,diagnostic,False,False
qirv1-0099,f08b6bde2ea32500,mech eng 2 yr to 4 yr worth?,mech eng 2 yr to 4 yr worth,llm_needed,intent_policy,0.98,Recognized intents consistently map to one frozen V1 route,1,advisory,transfer_student,advisory:1,transfer_student:1,Data - Nimisha.csv,mech eng 2 yr to 4 yr worth?,medium,medium,0.72,default_standard_search,accepted_model_prediction,0.007310999990295386,0.0,deterministic_rules_v1,diagnostic,False,False
qirv1-0110,64b9019b2a10fd06,how do we keep our admissions staff account access up to date when team members leave or join,how do we keep our admissions staff account access up to date when team members leave or join,llm_needed,intent_policy,0.98,Recognized intents consistently map to one frozen V1 route,1,advisory,college_b2b,advisory:1,college_b2b:1,Data - Ridhi.csv,how do we keep our admissions staff account access up to date when team members leave or join,medium,medium,0.72,default_standard_search,accepted_model_prediction,0.013860999999337764,0.0,deterministic_rules_v1,diagnostic,False,False
qirv1-0111,bb57671c13254ded,how to advocate for systemic changes in curriculum or policy that affect students,how to advocate for systemic changes in curriculum or policy that affect students,llm_needed,intent_policy,0.98,Recognized intents consistently map to one frozen V1 route,1,advisory,advisor,advisory:1,advisor:1,Data - Ridhi.csv,how to advocate for systemic changes in curriculum or policy that affect students,medium,medium,0.72,default_standard_search,accepted_model_prediction,0.009883999993576253,0.0,deterministic_rules_v1,diagnostic,False,False
qirv1-0113,73150c804ba4b092,How can community college students connect with university alumni for mentorship?,how can community college students connect with university alumni for mentorship,llm_needed,intent_policy,0.98,Recognized intents consistently map to one frozen V1 route,1,advisory,community_college_student,advisory:1,community_college_student:1,Data - Nimisha.csv,How can community college students connect with university alumni for mentorship?,medium,medium,0.72,default_standard_search,accepted_model_prediction,0.009514000012700308,0.0,deterministic_rules_v1,diagnostic,False,False
qirv1-0117,ba697a14a8308350,create reach target safety list for film in Texas under 40k,create reach target safety list for film in texas under 40k,complex,intent_policy,0.98,Recognized intents consistently map to one frozen V1 route,1,comparison,advisor,comparison:1,advisor:1,Data - Shivansh.csv,create reach target safety list for film in Texas under 40k,medium,medium,0.72,default_standard_search,accepted_model_prediction,0.009062999993147969,0.0,deterministic_rules_v1,diagnostic,False,False
qirv1-0119,ca05659c5667d051,how to support international students who are academically struggling,how to support international students who are academically struggling,llm_needed,intent_policy,0.98,Recognized intents consistently map to one frozen V1 route,1,emotional_advisory,advisor,emotional_advisory:1,advisor:1,Data - Edward.csv,how to support international students who are academically struggling,medium,medium,0.72,default_standard_search,accepted_model_prediction,0.009002999988183547,0.0,deterministic_rules_v1,diagnostic,False,False
qirv1-0123,635a35514efdd148,switch bio 2 biomed eng jr yr dumb?,switch bio 2 biomed eng jr yr dumb,llm_needed,intent_policy,0.98,Recognized intents consistently map to one frozen V1 route,1,advisory,college_student,advisory:1,college_student:1,Data - Nimisha.csv,switch bio 2 biomed eng jr yr dumb?,medium,medium,0.72,default_standard_search,accepted_model_prediction,0.007861999989700053,0.0,deterministic_rules_v1,diagnostic,False,False
qirv1-0124,11726805d19cf43d,small engineering colleges with division I sports,small engineering colleges with division i sports,complex,intent_policy,0.98,Recognized intents consistently map to one frozen V1 route,1,multi_constraint,high_school_student,multi_constraint:1,high_school_student:1,Data - Nimisha.csv,small engineering colleges with division I sports,medium,medium,0.72,default_standard_search,accepted_model_prediction,0.007931999988386451,0.0,deterministic_rules_v1,diagnostic,False,False
qirv1-0126,3c1512fc5ca6288b,how to build institutional infrastructure for a study abroad office,how to build institutional infrastructure for a study abroad office,short_circuit,intent_policy,0.98,Recognized intents consistently map to one frozen V1 route,1,attribute_lookup,college,attribute_lookup:1,college:1,Data - Edward.csv,how to build institutional infrastructure for a study abroad office,medium,medium,0.72,default_standard_search,accepted_model_prediction,0.009132999991834367,0.0,deterministic_rules_v1,diagnostic,False,False
qirv1-0127,909f56cdb2e10701,Transfer student social events?,transfer student social events,short_circuit,intent_policy,0.98,Recognized intents consistently map to one frozen V1 route,1,attribute_lookup,transfer_student,attribute_lookup:1,transfer_student:1,Data - Nimisha.csv,Transfer student social events?,medium,medium,0.72,default_standard_search,accepted_model_prediction,0.008272000002307323,0.0,deterministic_rules_v1,diagnostic,False,False
qirv1-0129,942e329a3293404f,how to build a campus recreation center that serves all students equitably,how to build a campus recreation center that serves all students equitably,short_circuit,intent_policy,0.98,Recognized intents consistently map to one frozen V1 route,1,attribute_lookup,college,attribute_lookup:1,college:1,Data - Edward.csv,how to build a campus recreation center that serves all students equitably,medium,medium,0.72,default_standard_search,accepted_model_prediction,0.011827999998104133,0.0,deterministic_rules_v1,diagnostic,False,False
qirv1-0132,3fd71ba6ed8f6e7a,how to engage parents who are over-involved in their student's applications,how to engage parents who are over-involved in their student's applications,llm_needed,intent_policy,0.98,Recognized intents consistently map to one frozen V1 route,1,advisory,counselor,advisory:1,counselor:1,Data - Ridhi.csv,how to engage parents who are over-involved in their student's applications,medium,medium,0.72,default_standard_search,accepted_model_prediction,0.009845000008112947,0.0,deterministic_rules_v1,diagnostic,False,False
qirv1-0134,285b25bb30d716dc,does UC San Diego have philosophy,does uc san diego have philosophy,short_circuit,intent_policy,0.98,Recognized intents consistently map to one frozen V1 route,1,attribute_lookup,college_student,attribute_lookup:1,college_student:1,Data - Shivansh.csv,does UC San Diego have philosophy,medium,medium,0.72,default_standard_search,accepted_model_prediction,0.0072009999882993725,0.0,deterministic_rules_v1,diagnostic,False,False
qirv1-0135,a7422b301e4ef47d,what are common mistakes students make in the college application process,what are common mistakes students make in the college application process,llm_needed,intent_policy,0.98,Recognized intents consistently map to one frozen V1 route,1,advisory,counselor,advisory:1,counselor:1,Data - Ridhi.csv,what are common mistakes students make in the college application process,medium,medium,0.72,default_standard_search,accepted_model_prediction,0.010105000001203734,0.0,deterministic_rules_v1,diagnostic,False,False
qirv1-0139,1cf4facb000234fe,create reach target safety list for economics in California under 30k,create reach target safety list for economics in california under 30k,complex,intent_policy,0.98,Recognized intents consistently map to one frozen V1 route,1,multi_constraint,advisor,multi_constraint:1,advisor:1,Data - Shivansh.csv,create reach target safety list for economics in California under 30k,medium,medium,0.72,default_standard_search,accepted_model_prediction,0.008923000009986026,0.0,deterministic_rules_v1,diagnostic,False,False
qirv1-0140,324b50a30067d4ed,feeling overwhelmed in college what should I do,feeling overwhelmed in college what should i do,llm_needed,intent_policy,0.98,Recognized intents consistently map to one frozen V1 route,1,emotional_advisory,college_student,emotional_advisory:1,college_student:1,Data - Edward.csv,feeling overwhelmed in college what should I do,medium,medium,0.72,default_standard_search,accepted_model_prediction,0.008002000001283704,0.0,deterministic_rules_v1,diagnostic,False,False
qirv1-0141,b981a35ed74be267,what is the best practice for responding to student inquiries through your system,what is the best practice for responding to student inquiries through your system,llm_needed,intent_policy,0.98,Recognized intents consistently map to one frozen V1 route,1,advisory,college_b2b,advisory:1,college_b2b:1,Data - Ridhi.csv,what is the best practice for responding to student inquiries through your system,medium,medium,0.72,default_standard_search,accepted_model_prediction,0.010244999998576532,0.0,deterministic_rules_v1,diagnostic,False,False
qirv1-0143,5b123fe707bd5239,how to deal with a professor who gives confusing instructions,how to deal with a professor who gives confusing instructions,llm_needed,intent_policy,0.98,Recognized intents consistently map to one frozen V1 route,1,advisory,college_student,advisory:1,college_student:1,Data - Ridhi.csv,how to deal with a professor who gives confusing instructions,medium,medium,0.72,default_standard_search,accepted_model_prediction,0.008643000001029577,0.0,deterministic_rules_v1,diagnostic,False,False
qirv1-0145,ed3fabdc84bae143,does USC have electrical engineering,does usc have electrical engineering,short_circuit,intent_policy,0.98,Recognized intents consistently map to one frozen V1 route,1,attribute_lookup,advisor,attribute_lookup:1,advisor:1,Data - Shivansh.csv,does USC have electrical engineering,medium,medium,0.72,default_standard_search,accepted_model_prediction,0.024506000002588735,0.0,deterministic_rules_v1,diagnostic,False,False
qirv1-0147,1850316812fc133f,what extracurriculars do top colleges actually care about,what extracurriculars do top colleges actually care about,llm_needed,intent_policy,0.98,Recognized intents consistently map to one frozen V1 route,1,advisory,parent,advisory:1,parent:1,Data - Ridhi.csv,what extracurriculars do top colleges actually care about,medium,medium,0.72,default_standard_search,accepted_model_prediction,0.008391999998025312,0.0,deterministic_rules_v1,diagnostic,False,False
qirv1-0152,1cd9ae10698c12d9,how to evaluate the impact of guaranteed admission programs on enrollment quality,how to evaluate the impact of guaranteed admission programs on enrollment quality,short_circuit,intent_policy,0.98,Recognized intents consistently map to one frozen V1 route,1,attribute_lookup,college,attribute_lookup:1,college:1,Data - Edward.csv,how to evaluate the impact of guaranteed admission programs on enrollment quality,medium,medium,0.72,default_standard_search,accepted_model_prediction,0.009884999997211708,0.0,deterministic_rules_v1,diagnostic,False,False
qirv1-0153,7c3df0d8834deef8,comparing cs salary outcomes across regions for my son,comparing cs salary outcomes across regions for my son,short_circuit,intent_policy,0.98,Recognized intents consistently map to one frozen V1 route,1,attribute_lookup,parent,attribute_lookup:1,parent:1,Data - Nimisha.csv,comparing cs salary outcomes across regions for my son,medium,medium,0.72,default_standard_search,accepted_model_prediction,0.0082119999973429,0.0,deterministic_rules_v1,diagnostic,False,False
qirv1-0154,a7983cf31f1794b9,does baylor have good support services for students from low income backgrounds,does baylor have good support services for students from low income backgrounds,short_circuit,intent_policy,0.98,Recognized intents consistently map to one frozen V1 route,1,attribute_lookup,parent,attribute_lookup:1,parent:1,Data Anthony.csv,does baylor have good support services for students from low income backgrounds,medium,medium,0.72,default_standard_search,accepted_model_prediction,0.009493999996834646,0.0,deterministic_rules_v1,diagnostic,False,False
qirv1-0155,210e546b1c7c4e8c,how to design a campus food pantry to address student hunger,how to design a campus food pantry to address student hunger,short_circuit,intent_policy,0.98,Recognized intents consistently map to one frozen V1 route,1,attribute_lookup,college,attribute_lookup:1,college:1,Data - Edward.csv,how to design a campus food pantry to address student hunger,medium,medium,0.72,default_standard_search,accepted_model_prediction,0.008843000003366797,0.0,deterministic_rules_v1,diagnostic,False,False
qirv1-0157,62194659860a3c27,how to network as an introvert in college,how to network as an introvert in college,llm_needed,intent_policy,0.98,Recognized intents consistently map to one frozen V1 route,1,advisory,college_student,advisory:1,college_student:1,Data - Ridhi.csv,how to network as an introvert in college,medium,medium,0.72,default_standard_search,accepted_model_prediction,0.0075210000005654365,0.0,deterministic_rules_v1,diagnostic,False,False
qirv1-0163,1d39b5112612e4d9,University of Maryland average ACT,university of maryland average act,short_circuit,intent_policy,0.98,Recognized intents consistently map to one frozen V1 route,1,attribute_lookup,high_school_student,attribute_lookup:1,high_school_student:1,Data - Shivansh.csv,University of Maryland average ACT,medium,medium,0.72,default_standard_search,accepted_model_prediction,0.0071199999922555435,0.0,deterministic_rules_v1,diagnostic,False,False
qirv1-0170,d36cd70a16d28378,Community college STEM faculty office hours?,community college stem faculty office hours,short_circuit,intent_policy,0.98,Recognized intents consistently map to one frozen V1 route,1,attribute_lookup,community_college_student,attribute_lookup:1,community_college_student:1,Data - Nimisha.csv,Community college STEM faculty office hours?,medium,medium,0.72,default_standard_search,accepted_model_prediction,0.007741000004557463,0.0,deterministic_rules_v1,diagnostic,False,False
qirv1-0171,1727d078605058bd,how do we position our school against peer institutions on your platform,how do we position our school against peer institutions on your platform,llm_needed,intent_policy,0.98,Recognized intents consistently map to one frozen V1 route,1,advisory,college_b2b,advisory:1,college_b2b:1,Data - Ridhi.csv,how do we position our school against peer institutions on your platform,medium,medium,0.72,default_standard_search,accepted_model_prediction,0.009723999994548649,0.0,deterministic_rules_v1,diagnostic,False,False
qirv1-0173,83d7d1808d1a8a2f,Community college STEM lab safety training?,community college stem lab safety training,short_circuit,intent_policy,0.98,Recognized intents consistently map to one frozen V1 route,1,attribute_lookup,community_college_student,attribute_lookup:1,community_college_student:1,Data - Nimisha.csv,Community college STEM lab safety training?,medium,medium,0.72,default_standard_search,accepted_model_prediction,0.007049999993569145,0.0,deterministic_rules_v1,diagnostic,False,False
qirv1-0176,2acc96a119c2bc84,Grad program funding packages?,grad program funding packages,short_circuit,intent_policy,0.98,Recognized intents consistently map to one frozen V1 route,1,attribute_lookup,graduate_applicant,attribute_lookup:1,graduate_applicant:1,Data - Nimisha.csv,Grad program funding packages?,medium,medium,0.72,default_standard_search,accepted_model_prediction,0.008181999987755262,0.0,deterministic_rules_v1,diagnostic,False,False
qirv1-0178,5c4fa5af668371a9,how to build a comprehensive new staff and administrator onboarding program,how to build a comprehensive new staff and administrator onboarding program,short_circuit,intent_policy,0.98,Recognized intents consistently map to one frozen V1 route,1,attribute_lookup,college,attribute_lookup:1,college:1,Data - Edward.csv,how to build a comprehensive new staff and administrator onboarding program,medium,medium,0.72,default_standard_search,accepted_model_prediction,0.009332999994171587,0.0,deterministic_rules_v1,diagnostic,False,False
qirv1-0179,602c7d4aabf66704,how to train faculty in active learning and inclusive pedagogy,how to train faculty in active learning and inclusive pedagogy,short_circuit,intent_policy,0.98,Recognized intents consistently map to one frozen V1 route,1,attribute_lookup,college,attribute_lookup:1,college:1,Data - Edward.csv,how to train faculty in active learning and inclusive pedagogy,medium,medium,0.72,default_standard_search,accepted_model_prediction,0.008601999994084508,0.0,deterministic_rules_v1,diagnostic,False,False
qirv1-0183,b4e8f550f6179aee,how do I advise a student who did their CC online and wants a rural residential experience,how do i advise a student who did their cc online and wants a rural residential experience,llm_needed,intent_policy,0.98,Recognized intents consistently map to one frozen V1 route,1,advisory,community_college_advisor,advisory:1,community_college_advisor:1,Data Anthony.csv,how do I advise a student who did their CC online and wants a rural residential experience,medium,medium,0.72,default_standard_search,accepted_model_prediction,0.013338999991674427,0.0,deterministic_rules_v1,diagnostic,False,False
qirv1-0187,afc5ea957a778685,good colleges for students who want flexibility in pacing,good colleges for students who want flexibility in pacing,complex,intent_policy,0.98,Recognized intents consistently map to one frozen V1 route,1,recommendation,parent,recommendation:1,parent:1,Data - Anika.csv,good colleges for students who want flexibility in pacing,medium,medium,0.72,default_standard_search,accepted_model_prediction,0.0082119999973429,0.0,deterministic_rules_v1,diagnostic,False,False
qirv1-0193,b1a10cc17732f8a0,how to develop a student success technology ecosystem,how to develop a student success technology ecosystem,short_circuit,intent_policy,0.98,Recognized intents consistently map to one frozen V1 route,1,attribute_lookup,college,attribute_lookup:1,college:1,Data - Edward.csv,how to develop a student success technology ecosystem,medium,medium,0.72,default_standard_search,accepted_model_prediction,0.008151999992378478,0.0,deterministic_rules_v1,diagnostic,False,False
qirv1-0195,84b29eee2f36cf1b,comp sci gpa reset after transfer?,comp sci gpa reset after transfer,llm_needed,intent_policy,0.98,Recognized intents consistently map to one frozen V1 route,1,advisory,transfer_student,advisory:1,transfer_student:1,Data - Nimisha.csv,comp sci gpa reset after transfer?,medium,medium,0.72,default_standard_search,accepted_model_prediction,0.007259999989628341,0.0,deterministic_rules_v1,diagnostic,False,False
qirv1-0196,74d13d2e6f88dc2c,how to conduct an effective sophomore year check-in about college planning,how to conduct an effective sophomore year check-in about college planning,llm_needed,intent_policy,0.98,Recognized intents consistently map to one frozen V1 route,1,advisory,counselor,advisory:1,counselor:1,Data - Ridhi.csv,how to conduct an effective sophomore year check-in about college planning,medium,medium,0.72,default_standard_search,accepted_model_prediction,0.00940399999649344,0.0,deterministic_rules_v1,diagnostic,False,False
qirv1-0198,7c1632e30a454c99,How can project-based CS labs enhance learning outcomes?,how can project-based cs labs enhance learning outcomes,complex,intent_policy,0.98,Recognized intents consistently map to one frozen V1 route,1,strategy,edtech_founder,strategy:1,edtech_founder:1,Data - Nimisha.csv,How can project-based CS labs enhance learning outcomes?,medium,medium,0.72,default_standard_search,accepted_model_prediction,0.008362000002648529,0.0,deterministic_rules_v1,diagnostic,False,False
qirv1-0200,2bd01ddef65d7857,civil eng infrastructure bill demand spike,civil eng infrastructure bill demand spike,short_circuit,intent_policy,0.98,Recognized intents consistently map to one frozen V1 route,1,attribute_lookup,government_workforce_analyst,attribute_lookup:1,government_workforce_analyst:1,Data - Nimisha.csv,civil eng infrastructure bill demand spike,medium,medium,0.72,default_standard_search,accepted_model_prediction,0.007319999994592763,0.0,deterministic_rules_v1,diagnostic,False,False
qirv1-0201,c062a4547dc26b08,how to advise students who want to transfer from a 4-year to a community college,how to advise students who want to transfer from a 4-year to a community college,llm_needed,intent_policy,0.98,Recognized intents consistently map to one frozen V1 route,1,emotional_advisory,advisor,emotional_advisory:1,advisor:1,Data - Edward.csv,how to advise students who want to transfer from a 4-year to a community college,medium,medium,0.72,default_standard_search,accepted_model_prediction,0.010365000008505376,0.0,deterministic_rules_v1,diagnostic,False,False
qirv1-0203,3b3ab72b0d740cac,engineering programs with strong alumni mentorship networks,engineering programs with strong alumni mentorship networks,short_circuit,intent_policy,0.98,Recognized intents consistently map to one frozen V1 route,1,attribute_lookup,high_school_student,attribute_lookup:1,high_school_student:1,Data - Nimisha.csv,engineering programs with strong alumni mentorship networks,medium,medium,0.72,default_standard_search,accepted_model_prediction,0.007862000003910907,0.0,deterministic_rules_v1,diagnostic,False,False
qirv1-0204,b1ace66383c3464e,how to get leadership positions in student clubs,how to get leadership positions in student clubs,llm_needed,intent_policy,0.98,Recognized intents consistently map to one frozen V1 route,1,advisory,college_student,advisory:1,college_student:1,Data - Ridhi.csv,how to get leadership positions in student clubs,medium,medium,0.72,default_standard_search,accepted_model_prediction,0.007762000009847725,0.0,deterministic_rules_v1,diagnostic,False,False
qirv1-0205,7c8662bafe8ce252,how to evaluate and improve campus climate survey results,how to evaluate and improve campus climate survey results,short_circuit,intent_policy,0.98,Recognized intents consistently map to one frozen V1 route,1,attribute_lookup,college,attribute_lookup:1,college:1,Data - Edward.csv,how to evaluate and improve campus climate survey results,medium,medium,0.72,default_standard_search,accepted_model_prediction,0.008322000013549768,0.0,deterministic_rules_v1,diagnostic,False,False
qirv1-0207,38a4790159e77dcc,edtech build cs portfolio tool,edtech build cs portfolio tool,complex,intent_policy,0.98,Recognized intents consistently map to one frozen V1 route,1,strategy,edtech_founder,strategy:1,edtech_founder:1,Data - Nimisha.csv,edtech build cs portfolio tool,medium,medium,0.72,default_standard_search,accepted_model_prediction,0.006900000002474371,0.0,deterministic_rules_v1,diagnostic,False,False
qirv1-0208,79deefc291b045b2,student wants tech career but dislikes coding,student wants tech career but dislikes coding,llm_needed,intent_policy,0.98,Recognized intents consistently map to one frozen V1 route,1,advisory,counselor,advisory:1,counselor:1,Data - Nimisha.csv,student wants tech career but dislikes coding,medium,medium,0.72,default_standard_search,accepted_model_prediction,0.008032000010871343,0.0,deterministic_rules_v1,diagnostic,False,False
qirv1-0209,4015989df9463919,how to help a student who is academically capable but unmotivated,how to help a student who is academically capable but unmotivated,llm_needed,intent_policy,0.98,Recognized intents consistently map to one frozen V1 route,1,emotional_advisory,advisor,emotional_advisory:1,advisor:1,Data - Edward.csv,how to help a student who is academically capable but unmotivated,medium,medium,0.72,default_standard_search,accepted_model_prediction,0.008942999997429979,0.0,deterministic_rules_v1,diagnostic,False,False
qirv1-0213,bb63b04da47d8670,cc student lab access low,cc student lab access low,llm_needed,intent_policy,0.98,Recognized intents consistently map to one frozen V1 route,2,advisory,community_college_student,advisory:2,community_college_student:2,Data - Nimisha.csv,cc student lab access low,medium,medium,0.72,default_standard_search,accepted_model_prediction,0.006689000002779721,0.0,deterministic_rules_v1,diagnostic,False,False
qirv1-0216,31631378981385ac,How can community college students find research opportunities at universities?,how can community college students find research opportunities at universities,llm_needed,intent_policy,0.98,Recognized intents consistently map to one frozen V1 route,1,advisory,community_college_student,advisory:1,community_college_student:1,Data - Nimisha.csv,How can community college students find research opportunities at universities?,medium,medium,0.72,default_standard_search,accepted_model_prediction,0.009093000002735607,0.0,deterministic_rules_v1,diagnostic,False,False
qirv1-0218,70610cccbe94fa73,how to run effective group advising or workshop sessions,how to run effective group advising or workshop sessions,short_circuit,intent_policy,0.98,Recognized intents consistently map to one frozen V1 route,1,attribute_lookup,advisor,attribute_lookup:1,advisor:1,Data - Edward.csv,how to run effective group advising or workshop sessions,medium,medium,0.72,default_standard_search,accepted_model_prediction,0.00817200000824414,0.0,deterministic_rules_v1,diagnostic,False,False
qirv1-0219,d709daa610964a05,how to build a resource library for advisors that includes major and career information,how to build a resource library for advisors that includes major and career information,llm_needed,intent_policy,0.98,Recognized intents consistently map to one frozen V1 route,1,advisory,advisor,advisory:1,advisor:1,Data - Ridhi.csv,how to build a resource library for advisors that includes major and career information,medium,medium,0.72,default_standard_search,accepted_model_prediction,0.010134000007155919,0.0,deterministic_rules_v1,diagnostic,False,False
qirv1-0221,f69b611a17c95374,small philosophy colleges in California low tuition,small philosophy colleges in california low tuition,complex,intent_policy,0.98,Recognized intents consistently map to one frozen V1 route,1,multi_constraint,counselor_teacher,multi_constraint:1,counselor_teacher:1,Data - Shivansh.csv,small philosophy colleges in California low tuition,medium,medium,0.72,default_standard_search,accepted_model_prediction,0.008061000002612673,0.0,deterministic_rules_v1,diagnostic,False,False
qirv1-0224,ddf1e1c1fe837412,best practices for running a career advising drop-in,best practices for running a career advising drop-in,llm_needed,intent_policy,0.98,Recognized intents consistently map to one frozen V1 route,1,advisory,advisor,advisory:1,advisor:1,Data - Ridhi.csv,best practices for running a career advising drop-in,medium,medium,0.72,default_standard_search,accepted_model_prediction,0.008062000006248127,0.0,deterministic_rules_v1,diagnostic,False,False
qirv1-0226,3ba847a375c5c8c1,how to help students communicate with financial aid about appeal or special circumstances,how to help students communicate with financial aid about appeal or special circumstances,llm_needed,intent_policy,0.98,Recognized intents consistently map to one frozen V1 route,1,advisory,advisor,advisory:1,advisor:1,Data - Ridhi.csv,how to help students communicate with financial aid about appeal or special circumstances,medium,medium,0.72,default_standard_search,accepted_model_prediction,0.00998400000185029,0.0,deterministic_rules_v1,diagnostic,False,False
qirv1-0227,e897f8d72719c0fd,how to help a student who is a strong writer but low test scores decide where to apply,how to help a student who is a strong writer but low test scores decide where to apply,llm_needed,intent_policy,0.98,Recognized intents consistently map to one frozen V1 route,1,advisory,counselor,advisory:1,counselor:1,Data - Ridhi.csv,how to help a student who is a strong writer but low test scores decide where to apply,medium,medium,0.72,default_standard_search,accepted_model_prediction,0.011025999995695202,0.0,deterministic_rules_v1,diagnostic,False,False
qirv1-0228,1fd72d9859baf9d6,which schools offer study abroad options and allow no SAT requirement,which schools offer study abroad options and allow no sat requirement,short_circuit,intent_policy,0.98,Recognized intents consistently map to one frozen V1 route,5,attribute_lookup,college_student,attribute_lookup:5,college_student:5,Data - Edward.csv,which schools offer study abroad options and allow no SAT requirement,medium,medium,0.72,default_standard_search,accepted_model_prediction,0.009153999997124629,0.0,deterministic_rules_v1,diagnostic,False,False
qirv1-0231,9748d9bc39295ebf,cs major building portfolio without internships,cs major building portfolio without internships,llm_needed,intent_policy,0.98,Recognized intents consistently map to one frozen V1 route,1,advisory,college_student,advisory:1,college_student:1,Data - Nimisha.csv,cs major building portfolio without internships,medium,medium,0.72,default_standard_search,accepted_model_prediction,0.0075210000005654365,0.0,deterministic_rules_v1,diagnostic,False,False
qirv1-0233,ec664bca8992ec55,mid sized universities with strong human factors engineering,mid sized universities with strong human factors engineering,complex,intent_policy,0.98,Recognized intents consistently map to one frozen V1 route,1,multi_constraint,college_student,multi_constraint:1,college_student:1,Data - Anika.csv,mid sized universities with strong human factors engineering,medium,medium,0.72,default_standard_search,accepted_model_prediction,0.008182000001966117,0.0,deterministic_rules_v1,diagnostic,False,False
qirv1-0237,6e0e59a35b18a823,can I take grad-level classes as an undergrad,can i take grad-level classes as an undergrad,short_circuit,intent_policy,0.98,Recognized intents consistently map to one frozen V1 route,1,attribute_lookup,college_student,attribute_lookup:1,college_student:1,Data - Edward.csv,can I take grad-level classes as an undergrad,medium,medium,0.72,default_standard_search,accepted_model_prediction,0.00796199999797409,0.0,deterministic_rules_v1,diagnostic,False,False
qirv1-0239,32baaa712b1edc1c,does wake forest track student progress well,does wake forest track student progress well,short_circuit,intent_policy,0.98,Recognized intents consistently map to one frozen V1 route,1,attribute_lookup,parent,attribute_lookup:1,parent:1,Data Anthony.csv,does wake forest track student progress well,medium,medium,0.72,default_standard_search,accepted_model_prediction,0.007601000007184666,0.0,deterministic_rules_v1,diagnostic,False,False
qirv1-0242,2ebca07aae96a5e2,engineering schools with 4 year graduation guarantee,engineering schools with 4 year graduation guarantee,short_circuit,intent_policy,0.98,Recognized intents consistently map to one frozen V1 route,1,attribute_lookup,parent,attribute_lookup:1,parent:1,Data - Nimisha.csv,engineering schools with 4 year graduation guarantee,medium,medium,0.72,default_standard_search,accepted_model_prediction,0.007770999999934247,0.0,deterministic_rules_v1,diagnostic,False,False
qirv1-0246,96df81f7c3d3eea3,what college rankings actually matter and what are misleading,what college rankings actually matter and what are misleading,llm_needed,intent_policy,0.98,Recognized intents consistently map to one frozen V1 route,1,advisory,parent,advisory:1,parent:1,Data - Ridhi.csv,what college rankings actually matter and what are misleading,medium,medium,0.72,default_standard_search,accepted_model_prediction,0.00834299999041832,0.0,deterministic_rules_v1,diagnostic,False,False
qirv1-0249,4a045a854b85c8f9,how to build institutional capacity for trauma-informed student services,how to build institutional capacity for trauma-informed student services,short_circuit,intent_policy,0.98,Recognized intents consistently map to one frozen V1 route,1,attribute_lookup,college,attribute_lookup:1,college:1,Data - Edward.csv,how to build institutional capacity for trauma-informed student services,medium,medium,0.72,default_standard_search,accepted_model_prediction,0.008943000011640834,0.0,deterministic_rules_v1,diagnostic,False,False
qirv1-0251,db98e09b088723d6,does University of Maryland have political science,does university of maryland have political science,short_circuit,intent_policy,0.98,Recognized intents consistently map to one frozen V1 route,1,attribute_lookup,counselor_teacher,attribute_lookup:1,counselor_teacher:1,Data - Shivansh.csv,does University of Maryland have political science,medium,medium,0.72,default_standard_search,accepted_model_prediction,0.007581000005529859,0.0,deterministic_rules_v1,diagnostic,False,False
qirv1-0252,3f76281eea878903,do college rankings matter when you plan to work internationally after graduating,do college rankings matter when you plan to work internationally after graduating,llm_needed,intent_policy,0.98,Recognized intents consistently map to one frozen V1 route,1,reflective_advisory,counselor,reflective_advisory:1,counselor:1,Data Anthony.csv,do college rankings matter when you plan to work internationally after graduating,medium,medium,0.72,default_standard_search,accepted_model_prediction,0.009554000001799068,0.0,deterministic_rules_v1,diagnostic,False,False
qirv1-0258,bd9ef4450c043ec9,good schools if i like problem solving more than coding,good schools if i like problem solving more than coding,llm_needed,intent_policy,0.98,Recognized intents consistently map to one frozen V1 route,1,advisory,high_school_student,advisory:1,high_school_student:1,Data Anthony.csv,good schools if i like problem solving more than coding,medium,medium,0.72,default_standard_search,accepted_model_prediction,0.008393000001660766,0.0,deterministic_rules_v1,diagnostic,False,False
qirv1-0260,b00a67b9efa78ab9,Are there programs for community college students to shadow professionals in their field?,are there programs for community college students to shadow professionals in their field,llm_needed,intent_policy,0.98,Recognized intents consistently map to one frozen V1 route,1,advisory,community_college_student,advisory:1,community_college_student:1,Data - Nimisha.csv,Are there programs for community college students to shadow professionals in their field?,medium,medium,0.72,default_standard_search,accepted_model_prediction,0.010005000007140552,0.0,deterministic_rules_v1,diagnostic,False,False
qirv1-0262,3b644f7b300e30ed,how to respond to external rankings and their impact on institutional reputation,how to respond to external rankings and their impact on institutional reputation,llm_needed,intent_policy,0.98,Recognized intents consistently map to one frozen V1 route,1,emotional_advisory,college,emotional_advisory:1,college:1,Data - Edward.csv,how to respond to external rankings and their impact on institutional reputation,medium,medium,0.72,default_standard_search,accepted_model_prediction,0.009724000008759504,0.0,deterministic_rules_v1,diagnostic,False,False
qirv1-0263,4d719eb86716ef80,data sci grads stats light,data sci grads stats light,llm_needed,intent_policy,0.98,Recognized intents consistently map to one frozen V1 route,1,advisory,employer,advisory:1,employer:1,Data - Nimisha.csv,data sci grads stats light,medium,medium,0.72,default_standard_search,accepted_model_prediction,0.006820000010065996,0.0,deterministic_rules_v1,diagnostic,False,False
qirv1-0270,f9dc849bed0b1e55,is UT Austin good for cs,is ut austin good for cs,short_circuit,intent_policy,0.98,Recognized intents consistently map to one frozen V1 route,1,attribute_lookup,high_school_student,attribute_lookup:1,high_school_student:1,Data Anthony.csv,is UT Austin good for cs,medium,medium,0.72,default_standard_search,accepted_model_prediction,0.00705000000778,0.0,deterministic_rules_v1,diagnostic,False,False
qirv1-0272,d4b97d0a208840b2,cc hist course night?,cc hist course night,llm_needed,intent_policy,0.98,Recognized intents consistently map to one frozen V1 route,1,advisory,community_college_student,advisory:1,community_college_student:1,Data - Nimisha.csv,cc hist course night?,medium,medium,0.72,default_standard_search,accepted_model_prediction,0.00792200000887533,0.0,deterministic_rules_v1,diagnostic,False,False
qirv1-0274,74a79c5668feabb4,how to write effective advising case notes and summaries,how to write effective advising case notes and summaries,short_circuit,intent_policy,0.98,Recognized intents consistently map to one frozen V1 route,1,attribute_lookup,advisor,attribute_lookup:1,advisor:1,Data - Edward.csv,how to write effective advising case notes and summaries,medium,medium,0.72,default_standard_search,accepted_model_prediction,0.008233000002633162,0.0,deterministic_rules_v1,diagnostic,False,False
qirv1-0282,c3b8a4c7565d5d78,how to advise students about apprenticeship programs as alternatives to traditional degrees,how to advise students about apprenticeship programs as alternatives to traditional degrees,short_circuit,intent_policy,0.98,Recognized intents consistently map to one frozen V1 route,1,attribute_lookup,advisor,attribute_lookup:1,advisor:1,Data - Edward.csv,how to advise students about apprenticeship programs as alternatives to traditional degrees,medium,medium,0.72,default_standard_search,accepted_model_prediction,0.009934999994243299,0.0,deterministic_rules_v1,diagnostic,False,False
qirv1-0284,4bcffae13dcb53cf,advising student intrested aerospace + physics overlap,advising student intrested aerospace + physics overlap,llm_needed,intent_policy,0.98,Recognized intents consistently map to one frozen V1 route,1,advisory,counselor,advisory:1,counselor:1,Data - Nimisha.csv,advising student intrested aerospace + physics overlap,medium,medium,0.72,default_standard_search,accepted_model_prediction,0.00767099999166021,0.0,deterministic_rules_v1,diagnostic,False,False
qirv1-0288,b885a9a9de173f21,how to build an accelerated degree pathway for high-performing students,how to build an accelerated degree pathway for high-performing students,short_circuit,intent_policy,0.98,Recognized intents consistently map to one frozen V1 route,1,attribute_lookup,college,attribute_lookup:1,college:1,Data - Edward.csv,how to build an accelerated degree pathway for high-performing students,medium,medium,0.72,default_standard_search,accepted_model_prediction,0.009062999993147969,0.0,deterministic_rules_v1,diagnostic,False,False
qirv1-0292,3c6d5bf0eed1b139,what is the nearest airport to schools in really remote locations,what is the nearest airport to schools in really remote locations,llm_needed,intent_policy,0.98,Recognized intents consistently map to one frozen V1 route,1,advisory,parent,advisory:1,parent:1,Data Anthony.csv,what is the nearest airport to schools in really remote locations,medium,medium,0.72,default_standard_search,accepted_model_prediction,0.009303999988219402,0.0,deterministic_rules_v1,diagnostic,False,False
qirv1-0296,7309c946b8a02f23,how to implement intrusive advising to support struggling students,how to implement intrusive advising to support struggling students,short_circuit,intent_policy,0.98,Recognized intents consistently map to one frozen V1 route,1,attribute_lookup,college,attribute_lookup:1,college:1,Data - Edward.csv,how to implement intrusive advising to support struggling students,medium,medium,0.72,default_standard_search,accepted_model_prediction,0.008772999990469543,0.0,deterministic_rules_v1,diagnostic,False,False
qirv1-0297,92ab330736b45e96,medium-sized nursing colleges in Texas low tuition,medium-sized nursing colleges in texas low tuition,complex,intent_policy,0.98,Recognized intents consistently map to one frozen V1 route,1,multi_constraint,advisor,multi_constraint:1,advisor:1,Data - Shivansh.csv,medium-sized nursing colleges in Texas low tuition,medium,medium,0.72,default_standard_search,accepted_model_prediction,0.007752000001914894,0.0,deterministic_rules_v1,diagnostic,False,False
