benchmark_id,query_text,predicted_route,raw_predicted_route,confidence,rule,policy_reason,latency_ms,estimated_cost_usd,model,model_status
qirv1-0001,what schools should i apply to for nursing not Florida under 40k,complex,complex,0.84,recommendation_or_ranking,accepted_model_prediction,0.09067700000287005,0.0,deterministic_rules_v1,diagnostic
qirv1-0002,colleges on the East Coast under 30k with strong research and internships,complex,complex,0.8,multiple_constraints,accepted_model_prediction,0.013770999998996558,0.0,deterministic_rules_v1,diagnostic
qirv1-0003,can we integrate your platform with our CRM system,medium,medium,0.72,default_standard_search,accepted_model_prediction,0.011677000003373905,0.0,deterministic_rules_v1,diagnostic
qirv1-0004,affordable political science schools in Texas with good job placement,complex,complex,0.8,multiple_constraints,accepted_model_prediction,0.008101999995346887,0.0,deterministic_rules_v1,diagnostic
qirv1-0005,what is the helicopter parent trap and how to avoid it,medium,medium,0.72,default_standard_search,accepted_model_prediction,0.010205000009477772,0.0,deterministic_rules_v1,diagnostic
qirv1-0006,do colleges consider course load senior year,medium,medium,0.72,default_standard_search,accepted_model_prediction,0.008712999999715976,0.0,deterministic_rules_v1,diagnostic
qirv1-0007,how employers view interdisciplinary certificates,medium,medium,0.72,default_standard_search,accepted_model_prediction,0.008062000006248127,0.0,deterministic_rules_v1,diagnostic
qirv1-0008,how to advise students about the value of internships and when to pursue them,medium,medium,0.72,default_standard_search,accepted_model_prediction,0.016444999999976062,0.0,deterministic_rules_v1,diagnostic
qirv1-0009,does Duke have data science,medium,medium,0.72,default_standard_search,accepted_model_prediction,0.00888399999610101,0.0,deterministic_rules_v1,diagnostic
qirv1-0010,how to counsel students on negotiating their first salary,medium,medium,0.72,default_standard_search,accepted_model_prediction,0.009142999999767198,0.0,deterministic_rules_v1,diagnostic
qirv1-0011,which universities have strong programs placing students in rural health corps positions,medium,medium,0.72,default_standard_search,accepted_model_prediction,0.009675000001152512,0.0,deterministic_rules_v1,diagnostic
qirv1-0012,how to write an email to a professor that doesn't sound dumb,medium,medium,0.72,default_standard_search,accepted_model_prediction,0.008893999989822987,0.0,deterministic_rules_v1,diagnostic
qirv1-0013,what is a holds advisor and what kinds of holds affect students most,medium,medium,0.72,default_standard_search,accepted_model_prediction,0.009413999990215416,0.0,deterministic_rules_v1,diagnostic
qirv1-0014,what essays does Columbia require,medium,medium,0.72,default_standard_search,accepted_model_prediction,0.0067800000067563815,0.0,deterministic_rules_v1,diagnostic
qirv1-0015,affordable computer science schools near Chicago with good internships,complex,complex,0.8,multiple_constraints,accepted_model_prediction,0.006901000006109825,0.0,deterministic_rules_v1,diagnostic
qirv1-0016,Arizona State,short_circuit,short_circuit,0.81,short_entity_like_query,accepted_model_prediction,0.009113999993815014,0.0,deterministic_rules_v1,diagnostic
qirv1-0017,schools with mental health resources,medium,medium,0.76,category_or_filter_search,accepted_model_prediction,0.00776199999563687,0.0,deterministic_rules_v1,diagnostic
qirv1-0018,what jobs hire people with history degrees,medium,medium,0.72,default_standard_search,accepted_model_prediction,0.007620999994628619,0.0,deterministic_rules_v1,diagnostic
qirv1-0019,what role should teachers play in college counseling conversations,medium,medium,0.72,default_standard_search,accepted_model_prediction,0.008441999995056904,0.0,deterministic_rules_v1,diagnostic
qirv1-0020,how to build a robust institutional advancement and fundraising office,medium,medium,0.72,default_standard_search,accepted_model_prediction,0.008692999998061168,0.0,deterministic_rules_v1,diagnostic
qirv1-0021,How do design graduates improve weak portfolios for employment?,medium,medium,0.72,default_standard_search,accepted_model_prediction,0.008452999992414334,0.0,deterministic_rules_v1,diagnostic
qirv1-0022,how to create a retention dashboard to track institutional progress,medium,medium,0.72,default_standard_search,accepted_model_prediction,0.008934000007343457,0.0,deterministic_rules_v1,diagnostic
qirv1-0023,how to tailor advising approaches for adult learners returning to college,medium,medium,0.72,default_standard_search,accepted_model_prediction,0.00879299999212435,0.0,deterministic_rules_v1,diagnostic
qirv1-0024,universities with low textbook costs,medium,medium,0.76,category_or_filter_search,accepted_model_prediction,0.0069809999985182,0.0,deterministic_rules_v1,diagnostic
qirv1-0025,edtech build ai bootcamp,short_circuit,short_circuit,0.81,short_entity_like_query,accepted_model_prediction,0.008192999999323547,0.0,deterministic_rules_v1,diagnostic
qirv1-0026,UC Berkeley vibe,llm_needed,llm_needed,0.82,subjective_or_advisory,accepted_model_prediction,0.005437999988089359,0.0,deterministic_rules_v1,diagnostic
qirv1-0027,what to do if my roommate and I don't get along,medium,medium,0.72,default_standard_search,accepted_model_prediction,0.008683000004339192,0.0,deterministic_rules_v1,diagnostic
qirv1-0028,University of Florida internships,short_circuit,short_circuit,0.81,short_entity_like_query,accepted_model_prediction,0.008233000002633162,0.0,deterministic_rules_v1,diagnostic
qirv1-0029,institutional branding guidelines,short_circuit,short_circuit,0.81,short_entity_like_query,accepted_model_prediction,0.007912000000942498,0.0,deterministic_rules_v1,diagnostic
qirv1-0030,Stanford tuition vs UC Berkeley tuition,complex,complex,0.9,comparison,accepted_model_prediction,0.003546000002074834,0.0,deterministic_rules_v1,diagnostic
qirv1-0031,recommend medium-sized colleges near a major tech hub for aerospace engineering reach schools,complex,complex,0.84,recommendation_or_ranking,accepted_model_prediction,0.005928999996740458,0.0,deterministic_rules_v1,diagnostic
qirv1-0032,how to appeal waitlist decisions,medium,medium,0.72,default_standard_search,accepted_model_prediction,0.006700000000137152,0.0,deterministic_rules_v1,diagnostic
qirv1-0033,universities with strong linguistics research,medium,medium,0.76,category_or_filter_search,accepted_model_prediction,0.007190000005152797,0.0,deterministic_rules_v1,diagnostic
qirv1-0034,schools with campus-wide language exchange programs,medium,medium,0.76,category_or_filter_search,accepted_model_prediction,0.007421000006502254,0.0,deterministic_rules_v1,diagnostic
qirv1-0035,University of Washington scholarships,short_circuit,short_circuit,0.81,short_entity_like_query,accepted_model_prediction,0.008062000006248127,0.0,deterministic_rules_v1,diagnostic
qirv1-0036,large computer science colleges near a major tech hub under 40k not too competitive,complex,complex,0.8,multiple_constraints,accepted_model_prediction,0.007871999997632884,0.0,deterministic_rules_v1,diagnostic
qirv1-0037,best biology schools in Texas,medium,medium,0.72,default_standard_search,accepted_model_prediction,0.006640000009383584,0.0,deterministic_rules_v1,diagnostic
qirv1-0038,good schools for kids who are smart but not great test takers,complex,complex,0.8,multiple_constraints,accepted_model_prediction,0.0072009999882993725,0.0,deterministic_rules_v1,diagnostic
qirv1-0039,colleges with strong literacy education programs,medium,medium,0.76,category_or_filter_search,accepted_model_prediction,0.007260999993263795,0.0,deterministic_rules_v1,diagnostic
qirv1-0040,affordable mechanical engineering schools near a tech hub with good internships,complex,complex,0.8,multiple_constraints,accepted_model_prediction,0.007250999999541818,0.0,deterministic_rules_v1,diagnostic
qirv1-0041,urban universities with strong practicum placements in city schools,medium,medium,0.72,default_standard_search,accepted_model_prediction,0.008202000003620924,0.0,deterministic_rules_v1,diagnostic
qirv1-0042,colleges where alumni commonly return to give back to their communities,medium,medium,0.76,category_or_filter_search,accepted_model_prediction,0.008882999992465557,0.0,deterministic_rules_v1,diagnostic
qirv1-0043,what is the FAFSA and when should we fill it out,medium,medium,0.72,default_standard_search,accepted_model_prediction,0.00817200000824414,0.0,deterministic_rules_v1,diagnostic
qirv1-0044,application volume trend modeling,short_circuit,short_circuit,0.81,short_entity_like_query,accepted_model_prediction,0.007992000007561728,0.0,deterministic_rules_v1,diagnostic
qirv1-0045,Can graduate applicants receive recommendation letters from industry mentors?,complex,complex,0.84,recommendation_or_ranking,accepted_model_prediction,0.004898000000252978,0.0,deterministic_rules_v1,diagnostic
qirv1-0046,Vanderbilt vs Princeton for philosophy,complex,complex,0.9,comparison,accepted_model_prediction,0.0029950000026701673,0.0,deterministic_rules_v1,diagnostic
qirv1-0047,hiring mgr AI grads applied weak,medium,medium,0.72,default_standard_search,accepted_model_prediction,0.006589999998141138,0.0,deterministic_rules_v1,diagnostic
qirv1-0048,affordable private + good dorms,short_circuit,short_circuit,0.81,short_entity_like_query,accepted_model_prediction,0.00809200000162491,0.0,deterministic_rules_v1,diagnostic
qirv1-0049,schools in colorado,medium,medium,0.76,category_or_filter_search,accepted_model_prediction,0.005999000009637712,0.0,deterministic_rules_v1,diagnostic
qirv1-0050,how employers evaluate certificates vs minors,complex,complex,0.9,comparison,accepted_model_prediction,0.0034950000014077887,0.0,deterministic_rules_v1,diagnostic
qirv1-0051,universities with strong psychology,medium,medium,0.76,category_or_filter_search,accepted_model_prediction,0.006439000003410911,0.0,deterministic_rules_v1,diagnostic
qirv1-0052,Community college housing options?,short_circuit,short_circuit,0.83,one_hop_attribute,accepted_model_prediction,0.007620999994628619,0.0,deterministic_rules_v1,diagnostic
qirv1-0053,schools where public health majors get field placements not just lectures,medium,medium,0.76,category_or_filter_search,accepted_model_prediction,0.008922999995775172,0.0,deterministic_rules_v1,diagnostic
qirv1-0054,how to get more colleges to visit or engage with your high school,medium,medium,0.72,default_standard_search,accepted_model_prediction,0.009153999997124629,0.0,deterministic_rules_v1,diagnostic
qirv1-0055,eng to consulitng how,short_circuit,short_circuit,0.81,short_entity_like_query,accepted_model_prediction,0.00755099999594222,0.0,deterministic_rules_v1,diagnostic
qirv1-0056,Brown vs Stanford for computer science,complex,complex,0.9,comparison,accepted_model_prediction,0.0030439999960663044,0.0,deterministic_rules_v1,diagnostic
qirv1-0057,how to advise students preparing for behavioral job interviews,medium,medium,0.72,default_standard_search,accepted_model_prediction,0.008101999995346887,0.0,deterministic_rules_v1,diagnostic
qirv1-0058,Columbia vs NYU,complex,complex,0.9,comparison,accepted_model_prediction,0.0027439999996659026,0.0,deterministic_rules_v1,diagnostic
qirv1-0059,Brown tuition vs UC Irvine tuition,complex,complex,0.9,comparison,accepted_model_prediction,0.0030749999950785423,0.0,deterministic_rules_v1,diagnostic
qirv1-0060,does Caltech have biology,short_circuit,short_circuit,0.81,short_entity_like_query,accepted_model_prediction,0.007572000001232482,0.0,deterministic_rules_v1,diagnostic
qirv1-0061,cs schools w good social life pls,medium,medium,0.72,default_standard_search,accepted_model_prediction,0.006931000001486609,0.0,deterministic_rules_v1,diagnostic
qirv1-0062,schools like University of Florida but cheaper,complex,complex,0.84,recommendation_or_ranking,accepted_model_prediction,0.004296000000181266,0.0,deterministic_rules_v1,diagnostic
qirv1-0063,schools with health administration programs aligned with regional hospital needs,medium,medium,0.76,category_or_filter_search,accepted_model_prediction,0.008882999992465557,0.0,deterministic_rules_v1,diagnostic
qirv1-0064,schools with campus zip lines or adventure courses,medium,medium,0.76,category_or_filter_search,accepted_model_prediction,0.007452000005514492,0.0,deterministic_rules_v1,diagnostic
qirv1-0065,Caltech vs USC for chemistry,complex,complex,0.9,comparison,accepted_model_prediction,0.0030449999997017585,0.0,deterministic_rules_v1,diagnostic
qirv1-0066,recommend small colleges in the Midwest for chemistry not too competitive,complex,complex,0.84,recommendation_or_ranking,accepted_model_prediction,0.004896999996617524,0.0,deterministic_rules_v1,diagnostic
qirv1-0067,scholarship officer undergrad success,short_circuit,short_circuit,0.81,short_entity_like_query,accepted_model_prediction,0.007932000002597306,0.0,deterministic_rules_v1,diagnostic
qirv1-0068,how do i apply to NYU,medium,medium,0.72,default_standard_search,accepted_model_prediction,0.006420000005391557,0.0,deterministic_rules_v1,diagnostic
qirv1-0069,universities with strong interfaith community service programs,medium,medium,0.76,category_or_filter_search,accepted_model_prediction,0.00772200000653811,0.0,deterministic_rules_v1,diagnostic
qirv1-0070,colleges near a major tech hub full ride options with strong research and internships,complex,complex,0.8,multiple_constraints,accepted_model_prediction,0.007762000009847725,0.0,deterministic_rules_v1,diagnostic
qirv1-0071,schools with on-campus escape rooms,medium,medium,0.76,category_or_filter_search,accepted_model_prediction,0.0070309999955497915,0.0,deterministic_rules_v1,diagnostic
qirv1-0072,is a biology degree useful if i dont want to be a doctor,medium,medium,0.72,default_standard_search,accepted_model_prediction,0.008922999995775172,0.0,deterministic_rules_v1,diagnostic
qirv1-0073,UT Austin vs Purdue for pre-med,complex,complex,0.9,comparison,accepted_model_prediction,0.0033549999898241367,0.0,deterministic_rules_v1,diagnostic
qirv1-0074,transf CS prereq missing,short_circuit,short_circuit,0.81,short_entity_like_query,accepted_model_prediction,0.007410999998569423,0.0,deterministic_rules_v1,diagnostic
qirv1-0075,Are there mentorship opportunities for community college students in business majors?,medium,medium,0.72,default_standard_search,accepted_model_prediction,0.00945399999352503,0.0,deterministic_rules_v1,diagnostic
qirv1-0076,what are the social pressures at selective universities and how do parents help,medium,medium,0.72,default_standard_search,accepted_model_prediction,0.009605000002466113,0.0,deterministic_rules_v1,diagnostic
qirv1-0077,universities with public transportation access,medium,medium,0.76,category_or_filter_search,accepted_model_prediction,0.007091000000514214,0.0,deterministic_rules_v1,diagnostic
qirv1-0078,college fit vs prestige,complex,complex,0.9,comparison,accepted_model_prediction,0.0029139999924154836,0.0,deterministic_rules_v1,diagnostic
qirv1-0079,scholarship officer rural cs poor,medium,medium,0.72,default_standard_search,accepted_model_prediction,0.006710000008069983,0.0,deterministic_rules_v1,diagnostic
qirv1-0080,UC San Diego job placement for architecture,medium,medium,0.72,default_standard_search,accepted_model_prediction,0.007630999988350595,0.0,deterministic_rules_v1,diagnostic
qirv1-0081,universities with public policy undergraduate programs,medium,medium,0.76,category_or_filter_search,accepted_model_prediction,0.00739100001112547,0.0,deterministic_rules_v1,diagnostic
qirv1-0082,large public health colleges in warm states good financial aid reach schools,medium,medium,0.72,default_standard_search,accepted_model_prediction,0.009234000003743859,0.0,deterministic_rules_v1,diagnostic
qirv1-0083,cs yield down why,short_circuit,short_circuit,0.81,short_entity_like_query,accepted_model_prediction,0.007320999998228217,0.0,deterministic_rules_v1,diagnostic
qirv1-0084,schools that support communication with families students and have accessible housing,complex,complex,0.8,multiple_constraints,accepted_model_prediction,0.007230999997887011,0.0,deterministic_rules_v1,diagnostic
qirv1-0085,engineering schools where undergrads publish before senior year,medium,medium,0.72,default_standard_search,accepted_model_prediction,0.008153000010224787,0.0,deterministic_rules_v1,diagnostic
qirv1-0086,how to structure a first semester advising appointment for a new freshman,medium,medium,0.72,default_standard_search,accepted_model_prediction,0.009144000003402653,0.0,deterministic_rules_v1,diagnostic
qirv1-0087,how to evaluate the impact of campus employment on student retention,medium,medium,0.72,default_standard_search,accepted_model_prediction,0.00879299999212435,0.0,deterministic_rules_v1,diagnostic
qirv1-0088,which colleges produce the most teachers who go on to become instructional coaches,medium,medium,0.72,default_standard_search,accepted_model_prediction,0.029043999987266034,0.0,deterministic_rules_v1,diagnostic
qirv1-0089,eng debt trap?,medium,medium,0.72,default_standard_search,accepted_model_prediction,0.00751100000684346,0.0,deterministic_rules_v1,diagnostic
qirv1-0090,affordable colleges with strong data science,complex,complex,0.8,multiple_constraints,accepted_model_prediction,0.005607999995049795,0.0,deterministic_rules_v1,diagnostic
qirv1-0091,what is a tuition payment plan,medium,medium,0.72,default_standard_search,accepted_model_prediction,0.006890999998176994,0.0,deterministic_rules_v1,diagnostic
qirv1-0092,what is deferral in admissions,medium,medium,0.72,default_standard_search,accepted_model_prediction,0.00651999999945474,0.0,deterministic_rules_v1,diagnostic
qirv1-0093,how to help students navigate roommate conflicts,medium,medium,0.72,default_standard_search,accepted_model_prediction,0.007491000005188653,0.0,deterministic_rules_v1,diagnostic
qirv1-0094,career changer law 2 cs dumb?,medium,medium,0.72,default_standard_search,accepted_model_prediction,0.006830000003787973,0.0,deterministic_rules_v1,diagnostic
qirv1-0095,how to request an extension on an assignment,medium,medium,0.72,default_standard_search,accepted_model_prediction,0.007710999994969825,0.0,deterministic_rules_v1,diagnostic
qirv1-0096,schools with active running or track clubs,medium,medium,0.76,category_or_filter_search,accepted_model_prediction,0.007190000005152797,0.0,deterministic_rules_v1,diagnostic
qirv1-0097,universities with social work degrees,medium,medium,0.76,category_or_filter_search,accepted_model_prediction,0.006720000001791959,0.0,deterministic_rules_v1,diagnostic
qirv1-0098,How can transfer students manage differences in extracurricular opportunities?,medium,medium,0.72,default_standard_search,accepted_model_prediction,0.008934000007343457,0.0,deterministic_rules_v1,diagnostic
qirv1-0099,mech eng 2 yr to 4 yr worth?,medium,medium,0.72,default_standard_search,accepted_model_prediction,0.007011000008105839,0.0,deterministic_rules_v1,diagnostic
qirv1-0100,universities with cultural exchange programs,medium,medium,0.76,category_or_filter_search,accepted_model_prediction,0.006919999989918324,0.0,deterministic_rules_v1,diagnostic
qirv1-0101,Princeton financial aid for out of state,medium,medium,0.72,default_standard_search,accepted_model_prediction,0.0072610000074746495,0.0,deterministic_rules_v1,diagnostic
qirv1-0102,universities with research in computational biology,medium,medium,0.76,category_or_filter_search,accepted_model_prediction,0.007331000006161048,0.0,deterministic_rules_v1,diagnostic
qirv1-0103,colleges with rooftop yogahigh,medium,medium,0.76,category_or_filter_search,accepted_model_prediction,0.006350000006705159,0.0,deterministic_rules_v1,diagnostic
qirv1-0104,universities where freshmen cannot be cut from engineering,medium,medium,0.76,category_or_filter_search,accepted_model_prediction,0.008123000000637148,0.0,deterministic_rules_v1,diagnostic
qirv1-0105,schools with strong bioinformatics programs,medium,medium,0.76,category_or_filter_search,accepted_model_prediction,0.006760000005101574,0.0,deterministic_rules_v1,diagnostic
qirv1-0106,colleges that provide strong alumni mentoring for first gen students,medium,medium,0.76,category_or_filter_search,accepted_model_prediction,0.008522999991100733,0.0,deterministic_rules_v1,diagnostic
qirv1-0107,four year cost of University of Washington including housing,medium,medium,0.72,default_standard_search,accepted_model_prediction,0.008141999998656502,0.0,deterministic_rules_v1,diagnostic
qirv1-0108,best colleges for on-campus housing with high graduation rates in California,complex,complex,0.84,recommendation_or_ranking,accepted_model_prediction,0.005959000006328097,0.0,deterministic_rules_v1,diagnostic
qirv1-0109,what colleges fit a student with a 3.5 gpa,llm_needed,llm_needed,0.82,subjective_or_advisory,accepted_model_prediction,0.006979999994882746,0.0,deterministic_rules_v1,diagnostic
qirv1-0110,how do we keep our admissions staff account access up to date when team members leave or join,medium,medium,0.72,default_standard_search,accepted_model_prediction,0.011247000003322682,0.0,deterministic_rules_v1,diagnostic
qirv1-0111,how to advocate for systemic changes in curriculum or policy that affect students,medium,medium,0.72,default_standard_search,accepted_model_prediction,0.009464000001457862,0.0,deterministic_rules_v1,diagnostic
qirv1-0112,job placement for Northwestern,short_circuit,short_circuit,0.81,short_entity_like_query,accepted_model_prediction,0.007952000004252113,0.0,deterministic_rules_v1,diagnostic
qirv1-0113,How can community college students connect with university alumni for mentorship?,medium,medium,0.72,default_standard_search,accepted_model_prediction,0.008993999998097024,0.0,deterministic_rules_v1,diagnostic
qirv1-0114,Boston University vs Columbia,complex,complex,0.9,comparison,accepted_model_prediction,0.00285500000529737,0.0,deterministic_rules_v1,diagnostic
qirv1-0115,universities with peer-led study programs,medium,medium,0.76,category_or_filter_search,accepted_model_prediction,0.006960999996863393,0.0,deterministic_rules_v1,diagnostic
qirv1-0116,MIT acceptance rate,short_circuit,short_circuit,0.83,one_hop_attribute,accepted_model_prediction,0.006760000005101574,0.0,deterministic_rules_v1,diagnostic
qirv1-0117,create reach target safety list for film in Texas under 40k,medium,medium,0.72,default_standard_search,accepted_model_prediction,0.00858300001027601,0.0,deterministic_rules_v1,diagnostic
qirv1-0118,career changer teacher2data,short_circuit,short_circuit,0.81,short_entity_like_query,accepted_model_prediction,0.00759100001346269,0.0,deterministic_rules_v1,diagnostic
qirv1-0119,how to support international students who are academically struggling,medium,medium,0.72,default_standard_search,accepted_model_prediction,0.008562999994410347,0.0,deterministic_rules_v1,diagnostic
qirv1-0120,Duke tuition vs Purdue tuition,complex,complex,0.9,comparison,accepted_model_prediction,0.0029539999957250984,0.0,deterministic_rules_v1,diagnostic
qirv1-0121,schools with strong programs in philosophy and logic,complex,complex,0.8,multiple_constraints,accepted_model_prediction,0.005948999998395266,0.0,deterministic_rules_v1,diagnostic
qirv1-0122,career outcomes for anthropology majors,medium,medium,0.72,default_standard_search,accepted_model_prediction,0.008994000012307879,0.0,deterministic_rules_v1,diagnostic
qirv1-0123,switch bio 2 biomed eng jr yr dumb?,medium,medium,0.72,default_standard_search,accepted_model_prediction,0.00730099999657341,0.0,deterministic_rules_v1,diagnostic
qirv1-0124,small engineering colleges with division I sports,medium,medium,0.72,default_standard_search,accepted_model_prediction,0.007291000002851433,0.0,deterministic_rules_v1,diagnostic
qirv1-0125,Cornell campus culture,llm_needed,llm_needed,0.82,subjective_or_advisory,accepted_model_prediction,0.005397999998990599,0.0,deterministic_rules_v1,diagnostic
qirv1-0126,how to build institutional infrastructure for a study abroad office,medium,medium,0.72,default_standard_search,accepted_model_prediction,0.008492999995723949,0.0,deterministic_rules_v1,diagnostic
qirv1-0127,Transfer student social events?,medium,medium,0.72,default_standard_search,accepted_model_prediction,0.007971999991696066,0.0,deterministic_rules_v1,diagnostic
qirv1-0128,internships for Stanford,short_circuit,short_circuit,0.81,short_entity_like_query,accepted_model_prediction,0.007611999990331242,0.0,deterministic_rules_v1,diagnostic
qirv1-0129,how to build a campus recreation center that serves all students equitably,medium,medium,0.72,default_standard_search,accepted_model_prediction,0.008923999999410626,0.0,deterministic_rules_v1,diagnostic
qirv1-0130,Boston University vs UC Irvine for finance,complex,complex,0.9,comparison,accepted_model_prediction,0.0034349999964433664,0.0,deterministic_rules_v1,diagnostic
qirv1-0131,schools with explicit racial equity programs for campus inclusion,medium,medium,0.76,category_or_filter_search,accepted_model_prediction,0.008252000000652515,0.0,deterministic_rules_v1,diagnostic
qirv1-0132,how to engage parents who are over-involved in their student's applications,medium,medium,0.72,default_standard_search,accepted_model_prediction,0.009254000005398666,0.0,deterministic_rules_v1,diagnostic
qirv1-0133,Columbia,short_circuit,short_circuit,0.81,short_entity_like_query,accepted_model_prediction,0.0065499999948315235,0.0,deterministic_rules_v1,diagnostic
qirv1-0134,does UC San Diego have philosophy,medium,medium,0.72,default_standard_search,accepted_model_prediction,0.00688999999454154,0.0,deterministic_rules_v1,diagnostic
qirv1-0135,what are common mistakes students make in the college application process,medium,medium,0.72,default_standard_search,accepted_model_prediction,0.008863999994446203,0.0,deterministic_rules_v1,diagnostic
qirv1-0136,colleges that support mental health well,medium,medium,0.76,category_or_filter_search,accepted_model_prediction,0.006931000001486609,0.0,deterministic_rules_v1,diagnostic
qirv1-0137,schools with 3D printing labs open to all students,medium,medium,0.76,category_or_filter_search,accepted_model_prediction,0.007861999989700053,0.0,deterministic_rules_v1,diagnostic
qirv1-0138,what is your platform's approach to supporting community colleges specifically,medium,medium,0.72,default_standard_search,accepted_model_prediction,0.008281999996029299,0.0,deterministic_rules_v1,diagnostic
qirv1-0139,create reach target safety list for economics in California under 30k,medium,medium,0.72,default_standard_search,accepted_model_prediction,0.010545999998612388,0.0,deterministic_rules_v1,diagnostic
qirv1-0140,feeling overwhelmed in college what should I do,medium,medium,0.72,default_standard_search,accepted_model_prediction,0.0076009999929738115,0.0,deterministic_rules_v1,diagnostic
qirv1-0141,what is the best practice for responding to student inquiries through your system,medium,medium,0.72,default_standard_search,accepted_model_prediction,0.009585000000811306,0.0,deterministic_rules_v1,diagnostic
qirv1-0142,schools with art and creative talent scholarships,complex,complex,0.8,multiple_constraints,accepted_model_prediction,0.005728999994403239,0.0,deterministic_rules_v1,diagnostic
qirv1-0143,how to deal with a professor who gives confusing instructions,medium,medium,0.72,default_standard_search,accepted_model_prediction,0.008271999988096468,0.0,deterministic_rules_v1,diagnostic
qirv1-0144,schools with active intramural esports leagues,medium,medium,0.76,category_or_filter_search,accepted_model_prediction,0.007019999998192361,0.0,deterministic_rules_v1,diagnostic
qirv1-0145,does USC have electrical engineering,medium,medium,0.72,default_standard_search,accepted_model_prediction,0.006640000009383584,0.0,deterministic_rules_v1,diagnostic
qirv1-0146,colleges with strong parental communication policies,medium,medium,0.76,category_or_filter_search,accepted_model_prediction,0.007390999996914616,0.0,deterministic_rules_v1,diagnostic
qirv1-0147,what extracurriculars do top colleges actually care about,medium,medium,0.72,default_standard_search,accepted_model_prediction,0.008031999996660488,0.0,deterministic_rules_v1,diagnostic
qirv1-0148,colleges with hidden libraries,medium,medium,0.76,category_or_filter_search,accepted_model_prediction,0.006420000005391557,0.0,deterministic_rules_v1,diagnostic
qirv1-0149,what is the drop add period and how do I use it,medium,medium,0.72,default_standard_search,accepted_model_prediction,0.008812999993779158,0.0,deterministic_rules_v1,diagnostic
qirv1-0150,colleges near research parks,medium,medium,0.76,category_or_filter_search,accepted_model_prediction,0.006409000008034127,0.0,deterministic_rules_v1,diagnostic
qirv1-0151,colleges emphasizing culturally responsive teaching curricula,medium,medium,0.76,category_or_filter_search,accepted_model_prediction,0.007480999997255822,0.0,deterministic_rules_v1,diagnostic
qirv1-0152,how to evaluate the impact of guaranteed admission programs on enrollment quality,medium,medium,0.72,default_standard_search,accepted_model_prediction,0.009324000004085065,0.0,deterministic_rules_v1,diagnostic
qirv1-0153,comparing cs salary outcomes across regions for my son,medium,medium,0.72,default_standard_search,accepted_model_prediction,0.007831999994323269,0.0,deterministic_rules_v1,diagnostic
qirv1-0154,does baylor have good support services for students from low income backgrounds,medium,medium,0.72,default_standard_search,accepted_model_prediction,0.009064000010994278,0.0,deterministic_rules_v1,diagnostic
qirv1-0155,how to design a campus food pantry to address student hunger,medium,medium,0.72,default_standard_search,accepted_model_prediction,0.008332000007271745,0.0,deterministic_rules_v1,diagnostic
qirv1-0156,USC vs UC San Diego for nursing,complex,complex,0.9,comparison,accepted_model_prediction,0.0033050000070034002,0.0,deterministic_rules_v1,diagnostic
qirv1-0157,how to network as an introvert in college,medium,medium,0.72,default_standard_search,accepted_model_prediction,0.007230999997887011,0.0,deterministic_rules_v1,diagnostic
qirv1-0158,does Harvard have business,short_circuit,short_circuit,0.81,short_entity_like_query,accepted_model_prediction,0.007590999999251835,0.0,deterministic_rules_v1,diagnostic
qirv1-0159,archived admissions data access,short_circuit,short_circuit,0.81,short_entity_like_query,accepted_model_prediction,0.007671999995295664,0.0,deterministic_rules_v1,diagnostic
qirv1-0160,what schools should i apply to for mechanical engineering near the beach low tuition,complex,complex,0.84,recommendation_or_ranking,accepted_model_prediction,0.005838999996399252,0.0,deterministic_rules_v1,diagnostic
qirv1-0161,schools with honors programs that aren’t stressful,llm_needed,llm_needed,0.82,subjective_or_advisory,accepted_model_prediction,0.016474000005928247,0.0,deterministic_rules_v1,diagnostic
qirv1-0162,Duke tuition vs University of Maryland tuition,complex,complex,0.9,comparison,accepted_model_prediction,0.003534999990506549,0.0,deterministic_rules_v1,diagnostic
qirv1-0163,University of Maryland average ACT,medium,medium,0.72,default_standard_search,accepted_model_prediction,0.006890999998176994,0.0,deterministic_rules_v1,diagnostic
qirv1-0164,colleges near state borders,medium,medium,0.76,category_or_filter_search,accepted_model_prediction,0.0064700000024231485,0.0,deterministic_rules_v1,diagnostic
qirv1-0165,recommend large colleges in the Midwest for economics not too competitive,complex,complex,0.84,recommendation_or_ranking,accepted_model_prediction,0.005037999997625775,0.0,deterministic_rules_v1,diagnostic
qirv1-0166,universities with student-run environmental law organizations,medium,medium,0.76,category_or_filter_search,accepted_model_prediction,0.007801999998946485,0.0,deterministic_rules_v1,diagnostic
qirv1-0167,recommend medium-sized colleges near a major tech hub for economics reach schools,complex,complex,0.84,recommendation_or_ranking,accepted_model_prediction,0.005258000001617802,0.0,deterministic_rules_v1,diagnostic
qirv1-0168,affordable nursing schools in Texas with good job placement,complex,complex,0.8,multiple_constraints,accepted_model_prediction,0.00643999999283551,0.0,deterministic_rules_v1,diagnostic
qirv1-0169,help me compare colleges for entrepreneurship resources based on robust internships and online course options,complex,complex,0.9,comparison,accepted_model_prediction,0.005337999994026177,0.0,deterministic_rules_v1,diagnostic
qirv1-0170,Community college STEM faculty office hours?,medium,medium,0.72,default_standard_search,accepted_model_prediction,0.007350999993605001,0.0,deterministic_rules_v1,diagnostic
qirv1-0171,how do we position our school against peer institutions on your platform,medium,medium,0.72,default_standard_search,accepted_model_prediction,0.009153999997124629,0.0,deterministic_rules_v1,diagnostic
qirv1-0172,Princeton job placement for biology,medium,medium,0.72,default_standard_search,accepted_model_prediction,0.006780999996180981,0.0,deterministic_rules_v1,diagnostic
qirv1-0173,Community college STEM lab safety training?,medium,medium,0.72,default_standard_search,accepted_model_prediction,0.006890000008752395,0.0,deterministic_rules_v1,diagnostic
qirv1-0174,colleges that accept community college associate degrees,medium,medium,0.76,category_or_filter_search,accepted_model_prediction,0.00764199999991888,0.0,deterministic_rules_v1,diagnostic
qirv1-0175,which schools offer campus culture and inclusion and allow early application deadlines,llm_needed,llm_needed,0.82,subjective_or_advisory,accepted_model_prediction,0.008812999993779158,0.0,deterministic_rules_v1,diagnostic
qirv1-0176,Grad program funding packages?,medium,medium,0.72,default_standard_search,accepted_model_prediction,0.007912000000942498,0.0,deterministic_rules_v1,diagnostic
qirv1-0177,colleges where graduates frequently enter community service roles,medium,medium,0.76,category_or_filter_search,accepted_model_prediction,0.008132000004934525,0.0,deterministic_rules_v1,diagnostic
qirv1-0178,how to build a comprehensive new staff and administrator onboarding program,medium,medium,0.72,default_standard_search,accepted_model_prediction,0.008902999994120364,0.0,deterministic_rules_v1,diagnostic
qirv1-0179,how to train faculty in active learning and inclusive pedagogy,medium,medium,0.72,default_standard_search,accepted_model_prediction,0.008332999996696344,0.0,deterministic_rules_v1,diagnostic
qirv1-0180,elite non coastal universities,short_circuit,short_circuit,0.81,short_entity_like_query,accepted_model_prediction,0.00801199999500568,0.0,deterministic_rules_v1,diagnostic
qirv1-0181,schools with strong writing culture,llm_needed,llm_needed,0.82,subjective_or_advisory,accepted_model_prediction,0.006059000000391279,0.0,deterministic_rules_v1,diagnostic
qirv1-0182,Rice University research opportunities,short_circuit,short_circuit,0.81,short_entity_like_query,accepted_model_prediction,0.00809200000162491,0.0,deterministic_rules_v1,diagnostic
qirv1-0183,how do I advise a student who did their CC online and wants a rural residential experience,medium,medium,0.72,default_standard_search,accepted_model_prediction,0.010635999998953594,0.0,deterministic_rules_v1,diagnostic
qirv1-0184,create reach target safety list for psychology in California full ride options,medium,medium,0.72,default_standard_search,accepted_model_prediction,0.00875300000302559,0.0,deterministic_rules_v1,diagnostic
qirv1-0185,best colleges for honors seminar quality with robust internships in California,complex,complex,0.84,recommendation_or_ranking,accepted_model_prediction,0.005186999999295949,0.0,deterministic_rules_v1,diagnostic
qirv1-0186,which universities cap class sizes early,medium,medium,0.72,default_standard_search,accepted_model_prediction,0.007060000001501976,0.0,deterministic_rules_v1,diagnostic
qirv1-0187,good colleges for students who want flexibility in pacing,medium,medium,0.72,default_standard_search,accepted_model_prediction,0.007841999988045245,0.0,deterministic_rules_v1,diagnostic
qirv1-0188,edtech founder project CS,short_circuit,short_circuit,0.81,short_entity_like_query,accepted_model_prediction,0.007451000001879038,0.0,deterministic_rules_v1,diagnostic
qirv1-0189,rankings for Georgia Tech,short_circuit,short_circuit,0.83,one_hop_attribute,accepted_model_prediction,0.007159999995565158,0.0,deterministic_rules_v1,diagnostic
qirv1-0190,how to build a more racially and ethnically diverse incoming class,medium,medium,0.72,default_standard_search,accepted_model_prediction,0.008523000005311587,0.0,deterministic_rules_v1,diagnostic
qirv1-0191,good schools if you want to start a startup eventually,medium,medium,0.72,default_standard_search,accepted_model_prediction,0.008061999992037272,0.0,deterministic_rules_v1,diagnostic
qirv1-0192,MIT financial aid for out of state,medium,medium,0.72,default_standard_search,accepted_model_prediction,0.007111000002169021,0.0,deterministic_rules_v1,diagnostic
qirv1-0193,how to develop a student success technology ecosystem,medium,medium,0.72,default_standard_search,accepted_model_prediction,0.007762000009847725,0.0,deterministic_rules_v1,diagnostic
qirv1-0194,small electrical engineering colleges near Chicago under 30k,complex,complex,0.8,multiple_constraints,accepted_model_prediction,0.025769000004061127,0.0,deterministic_rules_v1,diagnostic
qirv1-0195,comp sci gpa reset after transfer?,medium,medium,0.72,default_standard_search,accepted_model_prediction,0.007139999993910351,0.0,deterministic_rules_v1,diagnostic
qirv1-0196,how to conduct an effective sophomore year check-in about college planning,medium,medium,0.72,default_standard_search,accepted_model_prediction,0.009082999994802776,0.0,deterministic_rules_v1,diagnostic
qirv1-0197,how to document and share college counseling resources with students digitally,complex,complex,0.8,multiple_constraints,accepted_model_prediction,0.006909999996196348,0.0,deterministic_rules_v1,diagnostic
qirv1-0198,How can project-based CS labs enhance learning outcomes?,medium,medium,0.72,default_standard_search,accepted_model_prediction,0.007992000007561728,0.0,deterministic_rules_v1,diagnostic
qirv1-0199,NYU average SAT,short_circuit,short_circuit,0.83,one_hop_attribute,accepted_model_prediction,0.006590000012351993,0.0,deterministic_rules_v1,diagnostic
qirv1-0200,civil eng infrastructure bill demand spike,medium,medium,0.72,default_standard_search,accepted_model_prediction,0.007170999992922589,0.0,deterministic_rules_v1,diagnostic
qirv1-0201,how to advise students who want to transfer from a 4-year to a community college,medium,medium,0.72,default_standard_search,accepted_model_prediction,0.012148999999794796,0.0,deterministic_rules_v1,diagnostic
qirv1-0202,cheapest architecture schools near a tech hub,medium,medium,0.72,default_standard_search,accepted_model_prediction,0.007621999998264073,0.0,deterministic_rules_v1,diagnostic
qirv1-0203,engineering programs with strong alumni mentorship networks,medium,medium,0.72,default_standard_search,accepted_model_prediction,0.00763100000256145,0.0,deterministic_rules_v1,diagnostic
qirv1-0204,how to get leadership positions in student clubs,medium,medium,0.72,default_standard_search,accepted_model_prediction,0.007410999998569423,0.0,deterministic_rules_v1,diagnostic
qirv1-0205,how to evaluate and improve campus climate survey results,medium,medium,0.72,default_standard_search,accepted_model_prediction,0.008033000000295942,0.0,deterministic_rules_v1,diagnostic
qirv1-0206,University of Florida job placement for engineering,medium,medium,0.72,default_standard_search,accepted_model_prediction,0.007620999994628619,0.0,deterministic_rules_v1,diagnostic
qirv1-0207,edtech build cs portfolio tool,medium,medium,0.72,default_standard_search,accepted_model_prediction,0.0066399999951727295,0.0,deterministic_rules_v1,diagnostic
qirv1-0208,student wants tech career but dislikes coding,medium,medium,0.72,default_standard_search,accepted_model_prediction,0.008472999994069141,0.0,deterministic_rules_v1,diagnostic
qirv1-0209,how to help a student who is academically capable but unmotivated,medium,medium,0.72,default_standard_search,accepted_model_prediction,0.008784000002037828,0.0,deterministic_rules_v1,diagnostic
qirv1-0210,Purdue vs MIT,complex,complex,0.9,comparison,accepted_model_prediction,0.06564899999261797,0.0,deterministic_rules_v1,diagnostic
qirv1-0211,intl student stem OPT stress,llm_needed,llm_needed,0.82,subjective_or_advisory,accepted_model_prediction,0.006779999992545527,0.0,deterministic_rules_v1,diagnostic
qirv1-0212,universities with research in sociogenomics,medium,medium,0.76,category_or_filter_search,accepted_model_prediction,0.007691000007525872,0.0,deterministic_rules_v1,diagnostic
qirv1-0213,cc student lab access low,medium,medium,0.72,default_standard_search,accepted_model_prediction,0.006830000003787973,0.0,deterministic_rules_v1,diagnostic
qirv1-0214,schools with campus ambassador programs,medium,medium,0.76,category_or_filter_search,accepted_model_prediction,0.00694100000941944,0.0,deterministic_rules_v1,diagnostic
qirv1-0215,schools w strong programs for students intersted in rural journalism or local news,medium,medium,0.76,category_or_filter_search,accepted_model_prediction,0.01007599999525155,0.0,deterministic_rules_v1,diagnostic
qirv1-0216,How can community college students find research opportunities at universities?,medium,medium,0.72,default_standard_search,accepted_model_prediction,0.009223999995811027,0.0,deterministic_rules_v1,diagnostic
qirv1-0217,how does your platform support community college and transfer student pathways,medium,medium,0.72,default_standard_search,accepted_model_prediction,0.00908399999843823,0.0,deterministic_rules_v1,diagnostic
qirv1-0218,how to run effective group advising or workshop sessions,medium,medium,0.72,default_standard_search,accepted_model_prediction,0.008071999999970103,0.0,deterministic_rules_v1,diagnostic
qirv1-0219,how to build a resource library for advisors that includes major and career information,medium,medium,0.72,default_standard_search,accepted_model_prediction,0.009994999999207721,0.0,deterministic_rules_v1,diagnostic
qirv1-0220,University of Washington vs UCLA for business,complex,complex,0.9,comparison,accepted_model_prediction,0.0036449999925025622,0.0,deterministic_rules_v1,diagnostic
qirv1-0221,small philosophy colleges in California low tuition,medium,medium,0.72,default_standard_search,accepted_model_prediction,0.007551000010153075,0.0,deterministic_rules_v1,diagnostic
qirv1-0222,colleges near a major tech hub low tuition with strong research and internships,complex,complex,0.8,multiple_constraints,accepted_model_prediction,0.007471000003533845,0.0,deterministic_rules_v1,diagnostic
qirv1-0223,what is Phi Beta Kappa and is it worth pursuing,medium,medium,0.72,default_standard_search,accepted_model_prediction,0.007912000000942498,0.0,deterministic_rules_v1,diagnostic
qirv1-0224,best practices for running a career advising drop-in,medium,medium,0.72,default_standard_search,accepted_model_prediction,0.007581999994954458,0.0,deterministic_rules_v1,diagnostic
qirv1-0225,how does your platform handle colleges going through accreditation review,medium,medium,0.72,default_standard_search,accepted_model_prediction,0.008463000000347165,0.0,deterministic_rules_v1,diagnostic
qirv1-0226,how to help students communicate with financial aid about appeal or special circumstances,medium,medium,0.72,default_standard_search,accepted_model_prediction,0.009274000007053473,0.0,deterministic_rules_v1,diagnostic
qirv1-0227,how to help a student who is a strong writer but low test scores decide where to apply,medium,medium,0.72,default_standard_search,accepted_model_prediction,0.01039500000388216,0.0,deterministic_rules_v1,diagnostic
qirv1-0228,which schools offer study abroad options and allow no SAT requirement,medium,medium,0.72,default_standard_search,accepted_model_prediction,0.008894000004033842,0.0,deterministic_rules_v1,diagnostic
qirv1-0229,school profile publishing workflow,short_circuit,short_circuit,0.81,short_entity_like_query,accepted_model_prediction,0.007901999993009667,0.0,deterministic_rules_v1,diagnostic
qirv1-0230,longitudinal admissions data export,short_circuit,short_circuit,0.81,short_entity_like_query,accepted_model_prediction,0.007831999994323269,0.0,deterministic_rules_v1,diagnostic
qirv1-0231,cs major building portfolio without internships,medium,medium,0.72,default_standard_search,accepted_model_prediction,0.007331000006161048,0.0,deterministic_rules_v1,diagnostic
qirv1-0232,UC Berkeley vs USC for finance,complex,complex,0.9,comparison,accepted_model_prediction,0.003245000002038978,0.0,deterministic_rules_v1,diagnostic
qirv1-0233,mid sized universities with strong human factors engineering,medium,medium,0.72,default_standard_search,accepted_model_prediction,0.007872000011843738,0.0,deterministic_rules_v1,diagnostic
qirv1-0234,what tools are available to advisors for tracking student academic progress,medium,medium,0.72,default_standard_search,accepted_model_prediction,0.00895300000536281,0.0,deterministic_rules_v1,diagnostic
qirv1-0235,visibility in recommendation engine,complex,complex,0.84,recommendation_or_ranking,accepted_model_prediction,0.0036160000007612325,0.0,deterministic_rules_v1,diagnostic
qirv1-0236,schools with strong programs for students who grew up abroad or are third culture kids,llm_needed,llm_needed,0.82,subjective_or_advisory,accepted_model_prediction,0.009063999996783423,0.0,deterministic_rules_v1,diagnostic
qirv1-0237,can I take grad-level classes as an undergrad,medium,medium,0.72,default_standard_search,accepted_model_prediction,0.007662000001573688,0.0,deterministic_rules_v1,diagnostic
qirv1-0238,affordable architecture schools in Texas with good internships,complex,complex,0.8,multiple_constraints,accepted_model_prediction,0.006279000004383306,0.0,deterministic_rules_v1,diagnostic
qirv1-0239,does wake forest track student progress well,medium,medium,0.72,default_standard_search,accepted_model_prediction,0.007250999999541818,0.0,deterministic_rules_v1,diagnostic
qirv1-0240,universities that train graduates for local government leadership roles,medium,medium,0.76,category_or_filter_search,accepted_model_prediction,0.008683000004339192,0.0,deterministic_rules_v1,diagnostic
qirv1-0241,recommend small colleges near Chicago for psychology,complex,complex,0.84,recommendation_or_ranking,accepted_model_prediction,0.003965999994193226,0.0,deterministic_rules_v1,diagnostic
qirv1-0242,engineering schools with 4 year graduation guarantee,medium,medium,0.72,default_standard_search,accepted_model_prediction,0.007381000003192639,0.0,deterministic_rules_v1,diagnostic
qirv1-0243,Columbia chill campus,short_circuit,short_circuit,0.81,short_entity_like_query,accepted_model_prediction,0.0072109999962322036,0.0,deterministic_rules_v1,diagnostic
qirv1-0244,colleges where students often study multiple fields by graduation,medium,medium,0.76,category_or_filter_search,accepted_model_prediction,0.00813199999072367,0.0,deterministic_rules_v1,diagnostic
qirv1-0245,what is college access work and how does it differ from traditional counseling,medium,medium,0.72,default_standard_search,accepted_model_prediction,0.009344000005739872,0.0,deterministic_rules_v1,diagnostic
qirv1-0246,what college rankings actually matter and what are misleading,medium,medium,0.72,default_standard_search,accepted_model_prediction,0.008042999994017919,0.0,deterministic_rules_v1,diagnostic
qirv1-0247,marketing collaborative eng culture better,llm_needed,llm_needed,0.82,subjective_or_advisory,accepted_model_prediction,0.00610899999742287,0.0,deterministic_rules_v1,diagnostic
qirv1-0248,colleges near Chicago good financial aid with strong research and internships,complex,complex,0.8,multiple_constraints,accepted_model_prediction,0.00915300000770003,0.0,deterministic_rules_v1,diagnostic
qirv1-0249,how to build institutional capacity for trauma-informed student services,medium,medium,0.72,default_standard_search,accepted_model_prediction,0.00850300000365678,0.0,deterministic_rules_v1,diagnostic
qirv1-0250,top public universities for tech jobs,medium,medium,0.72,default_standard_search,accepted_model_prediction,0.006790999989902957,0.0,deterministic_rules_v1,diagnostic
qirv1-0251,does University of Maryland have political science,medium,medium,0.72,default_standard_search,accepted_model_prediction,0.00730099999657341,0.0,deterministic_rules_v1,diagnostic
qirv1-0252,do college rankings matter when you plan to work internationally after graduating,medium,medium,0.72,default_standard_search,accepted_model_prediction,0.009214000002089051,0.0,deterministic_rules_v1,diagnostic
qirv1-0253,improve student match quality,short_circuit,short_circuit,0.81,short_entity_like_query,accepted_model_prediction,0.007451000001879038,0.0,deterministic_rules_v1,diagnostic
qirv1-0254,Boston University admissions profile average sat and gpa,medium,medium,0.72,default_standard_search,accepted_model_prediction,0.008031999996660488,0.0,deterministic_rules_v1,diagnostic
qirv1-0255,campuses with strong diversity in stem,medium,medium,0.72,default_standard_search,accepted_model_prediction,0.007160999999200612,0.0,deterministic_rules_v1,diagnostic
qirv1-0256,analytics for admissions funnel,short_circuit,short_circuit,0.81,short_entity_like_query,accepted_model_prediction,0.007582000009165313,0.0,deterministic_rules_v1,diagnostic
qirv1-0257,colleges in old mill towns or historic small cities,medium,medium,0.76,category_or_filter_search,accepted_model_prediction,0.008071999999970103,0.0,deterministic_rules_v1,diagnostic
qirv1-0258,good schools if i like problem solving more than coding,medium,medium,0.72,default_standard_search,accepted_model_prediction,0.0082630000122208,0.0,deterministic_rules_v1,diagnostic
qirv1-0259,Carnegie Mellon financial aid for out of state,medium,medium,0.72,default_standard_search,accepted_model_prediction,0.007572000001232482,0.0,deterministic_rules_v1,diagnostic
qirv1-0260,Are there programs for community college students to shadow professionals in their field?,medium,medium,0.72,default_standard_search,accepted_model_prediction,0.009343999991529017,0.0,deterministic_rules_v1,diagnostic
qirv1-0261,schools with zero homework classes,medium,medium,0.76,category_or_filter_search,accepted_model_prediction,0.006790000000478358,0.0,deterministic_rules_v1,diagnostic
qirv1-0262,how to respond to external rankings and their impact on institutional reputation,medium,medium,0.72,default_standard_search,accepted_model_prediction,0.009124000001747845,0.0,deterministic_rules_v1,diagnostic
qirv1-0263,data sci grads stats light,medium,medium,0.72,default_standard_search,accepted_model_prediction,0.0064689999987876945,0.0,deterministic_rules_v1,diagnostic
qirv1-0264,NYU vs Columbia business,complex,complex,0.9,comparison,accepted_model_prediction,0.0026539999993246965,0.0,deterministic_rules_v1,diagnostic
qirv1-0265,schools like Vanderbilt but cheaper,complex,complex,0.84,recommendation_or_ranking,accepted_model_prediction,0.0036459999961380163,0.0,deterministic_rules_v1,diagnostic
qirv1-0266,colleges with actual roller coasters nearby,medium,medium,0.76,category_or_filter_search,accepted_model_prediction,0.006960999996863393,0.0,deterministic_rules_v1,diagnostic
qirv1-0267,good school not scary,short_circuit,short_circuit,0.81,short_entity_like_query,accepted_model_prediction,0.007320999998228217,0.0,deterministic_rules_v1,diagnostic
qirv1-0268,schools that prepare future teachers with strong trauma informed approaches,medium,medium,0.76,category_or_filter_search,accepted_model_prediction,0.008954000008998264,0.0,deterministic_rules_v1,diagnostic
qirv1-0269,melt eng admits stop,short_circuit,short_circuit,0.81,short_entity_like_query,accepted_model_prediction,0.007190000005152797,0.0,deterministic_rules_v1,diagnostic
qirv1-0270,is UT Austin good for cs,medium,medium,0.72,default_standard_search,accepted_model_prediction,0.006750999986593342,0.0,deterministic_rules_v1,diagnostic
qirv1-0271,selectivity vs acceptance rate,complex,complex,0.9,comparison,accepted_model_prediction,0.0027039999963562877,0.0,deterministic_rules_v1,diagnostic
qirv1-0272,cc hist course night?,medium,medium,0.72,default_standard_search,accepted_model_prediction,0.007601000007184666,0.0,deterministic_rules_v1,diagnostic
qirv1-0273,Boston University tuition vs MIT tuition,complex,complex,0.9,comparison,accepted_model_prediction,0.003243999998403524,0.0,deterministic_rules_v1,diagnostic
qirv1-0274,how to write effective advising case notes and summaries,medium,medium,0.72,default_standard_search,accepted_model_prediction,0.008071999999970103,0.0,deterministic_rules_v1,diagnostic
qirv1-0275,NYU tuition vs Caltech tuition,complex,complex,0.9,comparison,accepted_model_prediction,0.0028639999953838924,0.0,deterministic_rules_v1,diagnostic
qirv1-0276,iowa state vs kansas state,complex,complex,0.9,comparison,accepted_model_prediction,0.002723999998011095,0.0,deterministic_rules_v1,diagnostic
qirv1-0277,schools with active student government,medium,medium,0.76,category_or_filter_search,accepted_model_prediction,0.006749999997168743,0.0,deterministic_rules_v1,diagnostic
qirv1-0278,does your platform allow us to run surveys of students who viewed our profile,medium,medium,0.72,default_standard_search,accepted_model_prediction,0.011708000002386143,0.0,deterministic_rules_v1,diagnostic
qirv1-0279,medium-sized economics colleges near the beach under 20k,complex,complex,0.8,multiple_constraints,accepted_model_prediction,0.006350000006705159,0.0,deterministic_rules_v1,diagnostic
qirv1-0280,colleges with strong cognitive science + philosophy programs,medium,medium,0.76,category_or_filter_search,accepted_model_prediction,0.007692000011161326,0.0,deterministic_rules_v1,diagnostic
qirv1-0281,unis w big hackathon culture,llm_needed,llm_needed,0.82,subjective_or_advisory,accepted_model_prediction,0.005758000000355423,0.0,deterministic_rules_v1,diagnostic
qirv1-0282,how to advise students about apprenticeship programs as alternatives to traditional degrees,medium,medium,0.72,default_standard_search,accepted_model_prediction,0.00936400000739468,0.0,deterministic_rules_v1,diagnostic
qirv1-0283,universities with strong electrical engineering,medium,medium,0.76,category_or_filter_search,accepted_model_prediction,0.007111000002169021,0.0,deterministic_rules_v1,diagnostic
qirv1-0284,advising student intrested aerospace + physics overlap,medium,medium,0.72,default_standard_search,accepted_model_prediction,0.007390999996914616,0.0,deterministic_rules_v1,diagnostic
qirv1-0285,schools in west virginia,medium,medium,0.76,category_or_filter_search,accepted_model_prediction,0.006018999997081664,0.0,deterministic_rules_v1,diagnostic
qirv1-0286,wisconsin vs minnesota alumni outcomes,complex,complex,0.9,comparison,accepted_model_prediction,0.002944000002003122,0.0,deterministic_rules_v1,diagnostic
qirv1-0287,universities with peer-led tutoring programs,medium,medium,0.76,category_or_filter_search,accepted_model_prediction,0.006999999996537554,0.0,deterministic_rules_v1,diagnostic
qirv1-0288,how to build an accelerated degree pathway for high-performing students,medium,medium,0.72,default_standard_search,accepted_model_prediction,0.00862299999937477,0.0,deterministic_rules_v1,diagnostic
qirv1-0289,Caltech tuition vs Cornell tuition,complex,complex,0.9,comparison,accepted_model_prediction,0.0028340000000071086,0.0,deterministic_rules_v1,diagnostic
qirv1-0290,University of Michigan vs Purdue for nursing,complex,complex,0.9,comparison,accepted_model_prediction,0.0032649999894829307,0.0,deterministic_rules_v1,diagnostic
qirv1-0291,schools with strong industrial engineering programs,medium,medium,0.76,category_or_filter_search,accepted_model_prediction,0.007190999994577396,0.0,deterministic_rules_v1,diagnostic
qirv1-0292,what is the nearest airport to schools in really remote locations,medium,medium,0.72,default_standard_search,accepted_model_prediction,0.008824000005347443,0.0,deterministic_rules_v1,diagnostic
qirv1-0293,schools with collaborative culture,llm_needed,llm_needed,0.82,subjective_or_advisory,accepted_model_prediction,0.0057190000006812625,0.0,deterministic_rules_v1,diagnostic
qirv1-0294,colleges with military veteran tuition benefits,llm_needed,llm_needed,0.82,subjective_or_advisory,accepted_model_prediction,0.006089999999403517,0.0,deterministic_rules_v1,diagnostic
qirv1-0295,regional hiring concentration effects,short_circuit,short_circuit,0.81,short_entity_like_query,accepted_model_prediction,0.017806999991876182,0.0,deterministic_rules_v1,diagnostic
qirv1-0296,how to implement intrusive advising to support struggling students,medium,medium,0.72,default_standard_search,accepted_model_prediction,0.008391999998025312,0.0,deterministic_rules_v1,diagnostic
qirv1-0297,medium-sized nursing colleges in Texas low tuition,medium,medium,0.72,default_standard_search,accepted_model_prediction,0.0075310000084982676,0.0,deterministic_rules_v1,diagnostic
qirv1-0298,millersville vs kutztown,complex,complex,0.9,comparison,accepted_model_prediction,0.002714000004289119,0.0,deterministic_rules_v1,diagnostic
qirv1-0299,schools with cooperative education programs and top accounting majors,complex,complex,0.8,multiple_constraints,accepted_model_prediction,0.006429000009688934,0.0,deterministic_rules_v1,diagnostic
qirv1-0300,universities with high numbers of NSF fellowship winners,medium,medium,0.76,category_or_filter_search,accepted_model_prediction,0.007791000001589055,0.0,deterministic_rules_v1,diagnostic
