benchmark_id,query_id,query_text,query_norm,route,resolution_method,resolution_confidence,resolution_note,row_count,canonical_intent,persona_hint,observed_intents,observed_personas,source_files,predicted_route,confidence,decision_source,raw_route,correct,false_short_circuit,latency_ms,probability_short_circuit,probability_medium,probability_complex,probability_llm_needed
qirv1-0003,0400ac4ceff3aa72,can we integrate your platform with our CRM system,can we integrate your platform with our crm system,complex,unanimous_observed,1.0,All valid historical route labels agree,1,technical,college_b2b,technical:1,college_b2b:1,Data - Ridhi.csv,medium,0.5895175123946039,calibrated_model,medium,False,False,7.417986000007204,0.014488060373671112,0.5895175123946039,0.23514080583261918,0.16085362139910594
qirv1-0014,da93aa7f97553ffb,what essays does Columbia require,what essays does columbia require,medium,intent_policy,0.98,Recognized intents consistently map to one frozen V1 route,2,admissions_process,counselor_teacher,admissions_process:2,college_student:1|counselor_teacher:1,Data - Shivansh.csv,short_circuit,0.6677014613040342,calibrated_model,short_circuit,False,True,7.192694000025313,0.6677014613040342,0.2212978894940796,0.015781433668919237,0.09521921553296701
qirv1-0024,0808f3c939926fc3,universities with low textbook costs,universities with low textbook costs,short_circuit,intent_policy,0.98,Recognized intents consistently map to one frozen V1 route,1,attribute_lookup,highschool_student,attribute_lookup:1,highschool_student:1,Data - Ridhi.csv,llm_needed,0.013912788157491814,low_confidence_fallback,short_circuit,False,False,7.462529000008544,0.5549901943782001,0.36878988541830804,0.062307132046000045,0.013912788157491814
qirv1-0032,51eaaa6550887c77,how to appeal waitlist decisions,how to appeal waitlist decisions,medium,intent_policy,0.98,Recognized intents consistently map to one frozen V1 route,1,admissions_process,parent,admissions_process:1,parent:1,Data - Anika.csv,llm_needed,0.41475745746343123,low_confidence_fallback,llm_needed,False,False,7.202080999974214,0.32722945269959186,0.25480043616602155,0.0032126536709554134,0.41475745746343123
qirv1-0035,b5255a77b69a281c,University of Washington scholarships,university of washington scholarships,medium,intent_policy,0.98,Recognized intents consistently map to one frozen V1 route,2,cost_financial_aid,high_school_student,cost_financial_aid:2,advisor:1|high_school_student:1,Data - Shivansh.csv,short_circuit,0.8821137229022421,calibrated_model,short_circuit,False,True,7.346821999988151,0.8821137229022421,0.08481250287762636,0.009780657886376542,0.02329311633375505
qirv1-0039,1a055ea9425b2406,colleges with strong literacy education programs,colleges with strong literacy education programs,medium,intent_policy,0.98,Recognized intents consistently map to one frozen V1 route,1,filtered_search,urban_teacher,filtered_search:1,urban_teacher:1,Data Anthony.csv,short_circuit,0.6349507836471857,calibrated_model,short_circuit,False,True,7.368513000017174,0.6349507836471857,0.32769048853269966,0.03689020428681364,0.000468523533300993
qirv1-0051,33efef71cee6f963,universities with strong psychology,universities with strong psychology,medium,intent_policy,0.98,Recognized intents consistently map to one frozen V1 route,6,filtered_search,parent,filtered_search:6,advisor:2|counselor_teacher:1|parent:3,Data - Shivansh.csv,complex,0.46082757305845745,short_circuit_gate,short_circuit,False,False,7.188404999993736,0.4685438014927312,0.06875639171435134,0.46082757305845745,0.001872233734460096
qirv1-0057,32840d06393fa4f9,how to advise students preparing for behavioral job interviews,how to advise students preparing for behavioral job interviews,short_circuit,intent_policy,0.98,Recognized intents consistently map to one frozen V1 route,1,attribute_lookup,advisor,attribute_lookup:1,advisor:1,Data - Edward.csv,llm_needed,0.7598574474349995,calibrated_model,llm_needed,False,False,7.477628000003733,0.1647245804551084,0.07430656706101608,0.001111405048876082,0.7598574474349995
qirv1-0068,18c77e9a71b2cf75,how do i apply to NYU,how do i apply to nyu,medium,intent_policy,0.98,Recognized intents consistently map to one frozen V1 route,2,admissions_process,parent,admissions_process:2,parent:2,Data - Shivansh.csv,llm_needed,0.9368169902723807,calibrated_model,llm_needed,False,False,7.0787189999919065,0.05296024174657843,0.0007359939301818211,0.009486774050858945,0.9368169902723807
qirv1-0069,57621245452aab2f,universities with strong interfaith community service programs,universities with strong interfaith community service programs,medium,intent_policy,0.98,Recognized intents consistently map to one frozen V1 route,1,filtered_search,nonprofit_advisor,filtered_search:1,nonprofit_advisor:1,Data Anthony.csv,short_circuit,0.757781825955897,calibrated_model,short_circuit,False,True,7.57264599999985,0.757781825955897,0.21524712405838486,0.02179877702635326,0.005172272959364827
qirv1-0071,5e61222de7f07ece,schools with on-campus escape rooms,schools with on-campus escape rooms,medium,unanimous_observed,1.0,All valid historical route labels agree,1,filter_search,high_school_student,filter_search:1,high_school_student:1,Data Anthony.csv,short_circuit,0.7541341516960413,calibrated_model,short_circuit,False,True,7.311285000014323,0.7541341516960413,0.1798127611241683,0.015425668482771895,0.05062741869701857
qirv1-0077,92419668bb02d7b6,universities with public transportation access,universities with public transportation access,short_circuit,intent_policy,0.98,Recognized intents consistently map to one frozen V1 route,1,attribute_lookup,highschool_student,attribute_lookup:1,highschool_student:1,Data - Ridhi.csv,llm_needed,0.0015070267768411895,low_confidence_fallback,short_circuit,False,False,7.315482999985079,0.5421415171899637,0.4464684199936149,0.009883036039580193,0.0015070267768411895
qirv1-0085,c54d6650d4b651c3,engineering schools where undergrads publish before senior year,engineering schools where undergrads publish before senior year,complex,intent_policy,0.98,Recognized intents consistently map to one frozen V1 route,1,multi_constraint,high_school_student,multi_constraint:1,high_school_student:1,Data - Nimisha.csv,medium,0.7676162584851163,calibrated_model,medium,False,False,7.43390599998861,0.03835701766921399,0.7676162584851163,0.09102775634474114,0.10299896750092873
qirv1-0101,796f2dad6575b323,Princeton financial aid for out of state,princeton financial aid for out of state,medium,intent_policy,0.98,Recognized intents consistently map to one frozen V1 route,3,cost_financial_aid,advisor,cost_financial_aid:3,advisor:1|college_student:1|counselor_teacher:1,Data - Shivansh.csv,llm_needed,0.04185081397519822,low_confidence_fallback,short_circuit,False,False,7.359637000007524,0.4769540915765849,0.4495527379897561,0.0316423564584608,0.04185081397519822
qirv1-0103,c78476a725e7b332,colleges with rooftop yogahigh,colleges with rooftop yogahigh,medium,unanimous_observed,1.0,All valid historical route labels agree,1,filter_search,high_school_student,filter_search:1,high_school_student:1,Data Anthony.csv,llm_needed,0.003937222908980262,low_confidence_fallback,short_circuit,False,False,7.393981000006988,0.5197435231873122,0.4499173031012745,0.026401950802432895,0.003937222908980262
qirv1-0104,0682d4ed720c5fc2,universities where freshmen cannot be cut from engineering,universities where freshmen cannot be cut from engineering,short_circuit,intent_policy,0.98,Recognized intents consistently map to one frozen V1 route,1,attribute_lookup,parent,attribute_lookup:1,parent:1,Data - Nimisha.csv,medium,0.522445495958919,calibrated_model,medium,False,False,7.447220999978299,0.09541962260683616,0.522445495958919,0.2800597377676241,0.10207514366662085
qirv1-0105,8226823fc69fb7a3,schools with strong bioinformatics programs,schools with strong bioinformatics programs,short_circuit,intent_policy,0.98,Recognized intents consistently map to one frozen V1 route,1,attribute_lookup,highschool_student,attribute_lookup:1,highschool_student:1,Data - Edward.csv,llm_needed,0.04343215780804941,low_confidence_fallback,short_circuit,False,False,7.375105000022586,0.414051110419041,0.30883025793754126,0.23368647383536822,0.04343215780804941
qirv1-0107,8370621ed402a1ee,four year cost of University of Washington including housing,four year cost of university of washington including housing,medium,intent_policy,0.98,Recognized intents consistently map to one frozen V1 route,2,career_outcomes,parent,admissions_process:1|career_outcomes:1,parent:2,Data - Shivansh.csv,short_circuit,0.7853951115457445,calibrated_model,short_circuit,False,True,7.619504000018651,0.7853951115457445,0.1289345118882372,0.020808519197617767,0.06486185736840053
qirv1-0111,bb57671c13254ded,how to advocate for systemic changes in curriculum or policy that affect students,how to advocate for systemic changes in curriculum or policy that affect students,llm_needed,intent_policy,0.98,Recognized intents consistently map to one frozen V1 route,1,advisory,advisor,advisory:1,advisor:1,Data - Ridhi.csv,medium,0.5153225944372327,calibrated_model,medium,False,False,7.553991000008864,0.11832068532708455,0.5153225944372327,0.004003892680988255,0.3623528275546945
qirv1-0112,fed3b773785f35cd,job placement for Northwestern,job placement for northwestern,short_circuit,intent_policy,0.98,Recognized intents consistently map to one frozen V1 route,2,attribute_lookup,advisor,attribute_lookup:2,advisor:2,Data - Shivansh.csv,medium,0.643305326208166,calibrated_model,medium,False,False,7.109167000010075,0.2817277722144363,0.643305326208166,0.05922416034669522,0.01574274123070245
qirv1-0128,7d70054e62a58ecf,internships for Stanford,internships for stanford,short_circuit,intent_policy,0.98,Recognized intents consistently map to one frozen V1 route,1,attribute_lookup,college_student,attribute_lookup:1,college_student:1,Data - Shivansh.csv,llm_needed,0.021805215134807866,low_confidence_fallback,short_circuit,False,False,7.170983000008846,0.5881355514289693,0.03763963431208409,0.3524195991241388,0.021805215134807866
qirv1-0137,ca176957f19b74a1,schools with 3D printing labs open to all students,schools with 3d printing labs open to all students,short_circuit,intent_policy,0.98,Recognized intents consistently map to one frozen V1 route,1,attribute_lookup,college_student,attribute_lookup:1,college_student:1,Data - Edward.csv,llm_needed,0.33710838489125816,low_confidence_fallback,medium,False,False,7.351311000007854,0.29601119089298744,0.34405659757628254,0.022823826639471956,0.33710838489125816
qirv1-0139,1cf4facb000234fe,create reach target safety list for economics in California under 30k,create reach target safety list for economics in california under 30k,complex,intent_policy,0.98,Recognized intents consistently map to one frozen V1 route,1,multi_constraint,advisor,multi_constraint:1,advisor:1,Data - Shivansh.csv,llm_needed,0.07033204554453965,low_confidence_fallback,medium,False,False,7.53772999999569,0.17220810721342997,0.44334451624297433,0.31411533099905603,0.07033204554453965
qirv1-0141,b981a35ed74be267,what is the best practice for responding to student inquiries through your system,what is the best practice for responding to student inquiries through your system,llm_needed,intent_policy,0.98,Recognized intents consistently map to one frozen V1 route,1,advisory,college_b2b,advisory:1,college_b2b:1,Data - Ridhi.csv,medium,0.6011163288827611,calibrated_model,medium,False,False,7.580832000002147,0.16555891368479805,0.6011163288827611,0.0036283086559873536,0.2296964487764536
qirv1-0142,3cb70c515310d8a4,schools with art and creative talent scholarships,schools with art and creative talent scholarships,short_circuit,intent_policy,0.98,Recognized intents consistently map to one frozen V1 route,1,attribute_lookup,highschool_student,attribute_lookup:1,highschool_student:1,Data - Edward.csv,llm_needed,0.05165035290613771,low_confidence_fallback,short_circuit,False,False,7.2997540000017125,0.5366130190569478,0.37401258489428274,0.0377240431426317,0.05165035290613771
qirv1-0146,06c2eb5e1d296e32,colleges with strong parental communication policies,colleges with strong parental communication policies,short_circuit,intent_policy,0.98,Recognized intents consistently map to one frozen V1 route,1,attribute_lookup,parent,attribute_lookup:1,parent:1,Data - Edward.csv,medium,0.5044082372590967,calibrated_model,medium,False,False,7.330321000011963,0.43239476168005037,0.5044082372590967,0.05998374117059943,0.0032132598902535306
qirv1-0147,1850316812fc133f,what extracurriculars do top colleges actually care about,what extracurriculars do top colleges actually care about,llm_needed,intent_policy,0.98,Recognized intents consistently map to one frozen V1 route,1,advisory,parent,advisory:1,parent:1,Data - Ridhi.csv,medium,0.5563921866013918,calibrated_model,medium,False,False,7.411173000008375,0.0032079545611736295,0.5563921866013918,0.0025011740971701917,0.4378986847402644
qirv1-0149,d5189f829991f10d,what is the drop add period and how do I use it,what is the drop add period and how do i use it,medium,unanimous_observed,1.0,All valid historical route labels agree,1,factual,college_student,factual:1,college_student:1,Data - Ridhi.csv,llm_needed,0.8017041129566014,calibrated_model,llm_needed,False,False,7.319491000004064,0.022696327976057567,0.17215297461582146,0.003446584451519632,0.8017041129566014
qirv1-0153,7c3df0d8834deef8,comparing cs salary outcomes across regions for my son,comparing cs salary outcomes across regions for my son,short_circuit,intent_policy,0.98,Recognized intents consistently map to one frozen V1 route,1,attribute_lookup,parent,attribute_lookup:1,parent:1,Data - Nimisha.csv,llm_needed,0.35615696089753685,low_confidence_fallback,complex,False,False,7.389121999977988,0.13484933136401298,0.06031322236864817,0.44868048536980193,0.35615696089753685
qirv1-0154,a7983cf31f1794b9,does baylor have good support services for students from low income backgrounds,does baylor have good support services for students from low income backgrounds,short_circuit,intent_policy,0.98,Recognized intents consistently map to one frozen V1 route,1,attribute_lookup,parent,attribute_lookup:1,parent:1,Data Anthony.csv,llm_needed,0.3409646713435431,low_confidence_fallback,medium,False,False,7.578768000001901,0.21003011717486367,0.3980296351790155,0.05097557630257771,0.3409646713435431
qirv1-0180,044666f47bd5c495,elite non coastal universities,elite non coastal universities,complex,intent_policy,0.98,Recognized intents consistently map to one frozen V1 route,1,recommendation,advisor,recommendation:1,advisor:1,Data - Anika.csv,llm_needed,0.05702113555861359,low_confidence_fallback,complex,False,False,7.154090000000224,0.09757929569491991,0.4142227704813932,0.43117679826507316,0.05702113555861359
qirv1-0184,6d6a94daa7c4f113,create reach target safety list for psychology in California full ride options,create reach target safety list for psychology in california full ride options,medium,intent_policy,0.98,Recognized intents consistently map to one frozen V1 route,1,career_outcomes,advisor,career_outcomes:1,advisor:1,Data - Shivansh.csv,llm_needed,0.15754140907342395,low_confidence_fallback,complex,False,False,7.550734999995257,0.0937844593115809,0.36602377382955037,0.38265035778544476,0.15754140907342395
qirv1-0190,c9d1bed90cdb9507,how to build a more racially and ethnically diverse incoming class,how to build a more racially and ethnically diverse incoming class,medium,intent_policy,0.98,Recognized intents consistently map to one frozen V1 route,1,filtered_search,college,filtered_search:1,college:1,Data - Edward.csv,short_circuit,0.7630375616818168,calibrated_model,short_circuit,False,True,7.512212999984058,0.7630375616818168,0.044757535311527985,0.015437444651857575,0.17676745835479765
qirv1-0192,213e47fd9965099c,MIT financial aid for out of state,mit financial aid for out of state,medium,intent_policy,0.98,Recognized intents consistently map to one frozen V1 route,2,cost_financial_aid,high_school_student,cost_financial_aid:2,advisor:1|high_school_student:1,Data - Shivansh.csv,llm_needed,0.06403798094721326,low_confidence_fallback,short_circuit,False,False,7.2650790000068355,0.4644634225670827,0.4196683989648456,0.05183019752085844,0.06403798094721326
qirv1-0198,7c1632e30a454c99,How can project-based CS labs enhance learning outcomes?,how can project-based cs labs enhance learning outcomes,complex,intent_policy,0.98,Recognized intents consistently map to one frozen V1 route,1,strategy,edtech_founder,strategy:1,edtech_founder:1,Data - Nimisha.csv,llm_needed,0.4048144645796727,low_confidence_fallback,complex,False,False,7.363975000004075,0.09450504716128429,0.05508492199125579,0.4455955662677871,0.4048144645796727
qirv1-0200,2bd01ddef65d7857,civil eng infrastructure bill demand spike,civil eng infrastructure bill demand spike,short_circuit,intent_policy,0.98,Recognized intents consistently map to one frozen V1 route,1,attribute_lookup,government_workforce_analyst,attribute_lookup:1,government_workforce_analyst:1,Data - Nimisha.csv,llm_needed,0.3450876042427282,low_confidence_fallback,llm_needed,False,False,7.294633999975986,0.30316709853056345,0.06239108049618005,0.28935421673052836,0.3450876042427282
qirv1-0203,3b3ab72b0d740cac,engineering programs with strong alumni mentorship networks,engineering programs with strong alumni mentorship networks,short_circuit,intent_policy,0.98,Recognized intents consistently map to one frozen V1 route,1,attribute_lookup,high_school_student,attribute_lookup:1,high_school_student:1,Data - Nimisha.csv,llm_needed,0.054938909913046376,low_confidence_fallback,short_circuit,False,False,7.44352300000628,0.5877224373722676,0.07374060212115711,0.2835980505935289,0.054938909913046376
qirv1-0208,79deefc291b045b2,student wants tech career but dislikes coding,student wants tech career but dislikes coding,llm_needed,intent_policy,0.98,Recognized intents consistently map to one frozen V1 route,1,advisory,counselor,advisory:1,counselor:1,Data - Nimisha.csv,complex,0.5941472629571171,calibrated_model,complex,False,False,7.3638340000172775,0.11202492500490528,0.02163297297529361,0.5941472629571171,0.272194839062684
qirv1-0217,0a9a1c24f257513d,how does your platform support community college and transfer student pathways,how does your platform support community college and transfer student pathways,medium,unanimous_observed,1.0,All valid historical route labels agree,1,factual,college_b2b,factual:1,college_b2b:1,Data - Ridhi.csv,short_circuit,0.6593768158783693,calibrated_model,short_circuit,False,True,7.487326000017447,0.6593768158783693,0.25331956122309,0.004868541887566338,0.08243508101097445
qirv1-0218,70610cccbe94fa73,how to run effective group advising or workshop sessions,how to run effective group advising or workshop sessions,short_circuit,intent_policy,0.98,Recognized intents consistently map to one frozen V1 route,1,attribute_lookup,advisor,attribute_lookup:1,advisor:1,Data - Edward.csv,llm_needed,0.6078488494967527,calibrated_model,llm_needed,False,False,7.3979980000160594,0.3676771435098332,0.023160898617861154,0.0013131083755529664,0.6078488494967527
qirv1-0219,d709daa610964a05,how to build a resource library for advisors that includes major and career information,how to build a resource library for advisors that includes major and career information,llm_needed,intent_policy,0.98,Recognized intents consistently map to one frozen V1 route,1,advisory,advisor,advisory:1,advisor:1,Data - Ridhi.csv,short_circuit,0.7572434982314844,calibrated_model,short_circuit,False,True,7.54122700001858,0.7572434982314844,0.09775321952907222,0.003229113356122734,0.14177416888332073
qirv1-0223,f5f24029a3c91b46,what is Phi Beta Kappa and is it worth pursuing,what is phi beta kappa and is it worth pursuing,medium,unanimous_observed,1.0,All valid historical route labels agree,1,factual,college_student,factual:1,college_student:1,Data - Ridhi.csv,llm_needed,0.8306711477692325,calibrated_model,llm_needed,False,False,7.307769000021835,0.009588429969513234,0.15506247756730987,0.004677944693944404,0.8306711477692325
qirv1-0234,18dac85e786f5a10,what tools are available to advisors for tracking student academic progress,what tools are available to advisors for tracking student academic progress,medium,unanimous_observed,1.0,All valid historical route labels agree,1,tool_request,advisor,tool_request:1,advisor:1,Data - Ridhi.csv,llm_needed,0.33105710786569087,low_confidence_fallback,short_circuit,False,False,7.529645000005303,0.371135454014617,0.2621017767551475,0.03570566136454462,0.33105710786569087
qirv1-0236,c05cdd6b39de4a5c,schools with strong programs for students who grew up abroad or are third culture kids,schools with strong programs for students who grew up abroad or are third culture kids,medium,intent_policy,0.98,Recognized intents consistently map to one frozen V1 route,1,filtered_search,independent_counselor,filtered_search:1,independent_counselor:1,Data Anthony.csv,llm_needed,0.5097855698572379,calibrated_model,llm_needed,False,False,7.728549000006524,0.005052644508803347,0.4775532176735231,0.007608567960435662,0.5097855698572379
qirv1-0237,6e0e59a35b18a823,can I take grad-level classes as an undergrad,can i take grad-level classes as an undergrad,short_circuit,intent_policy,0.98,Recognized intents consistently map to one frozen V1 route,1,attribute_lookup,college_student,attribute_lookup:1,college_student:1,Data - Edward.csv,llm_needed,0.37171167269587063,low_confidence_fallback,llm_needed,False,False,7.411332999993192,0.37166219391180544,0.23092218937417816,0.025703944018145828,0.37171167269587063
qirv1-0242,2ebca07aae96a5e2,engineering schools with 4 year graduation guarantee,engineering schools with 4 year graduation guarantee,short_circuit,intent_policy,0.98,Recognized intents consistently map to one frozen V1 route,1,attribute_lookup,parent,attribute_lookup:1,parent:1,Data - Nimisha.csv,llm_needed,0.09789026283425557,low_confidence_fallback,short_circuit,False,False,7.359896999986404,0.5171470713545622,0.30141552191729803,0.08354714389388418,0.09789026283425557
qirv1-0243,85ca377cdb0c638a,Columbia chill campus,columbia chill campus,llm_needed,intent_policy,0.98,Recognized intents consistently map to one frozen V1 route,1,campus_life_fit,college_student,campus_life_fit:1,college_student:1,Data - Shivansh.csv,short_circuit,0.7184677535890326,calibrated_model,short_circuit,False,True,7.19364500000097,0.7184677535890326,0.03732570448877018,0.024324529960491368,0.2198820119617058
qirv1-0247,7fdd3cf06d6ff34b,marketing collaborative eng culture better,marketing collaborative eng culture better,complex,intent_policy,0.98,Recognized intents consistently map to one frozen V1 route,1,strategy,college_admissions_officer,strategy:1,college_admissions_officer:1,Data - Nimisha.csv,llm_needed,0.8760000909990971,calibrated_model,llm_needed,False,False,7.284134000002496,0.036455198277433515,0.0116637603571549,0.07588095036631441,0.8760000909990971
qirv1-0253,b01159e73b8fb6bb,improve student match quality,improve student match quality,complex,intent_policy,0.98,Recognized intents consistently map to one frozen V1 route,1,recommendation,college_b2b,recommendation:1,college_b2b:1,Data - Anika.csv,llm_needed,0.15587302486897361,low_confidence_fallback,short_circuit,False,False,7.231446000020014,0.5787233052084616,0.0879436342977327,0.17746003562483223,0.15587302486897361
qirv1-0254,f26951432d626684,Boston University admissions profile average sat and gpa,boston university admissions profile average sat and gpa,medium,intent_policy,0.98,Recognized intents consistently map to one frozen V1 route,1,filtered_search,counselor_teacher,filtered_search:1,counselor_teacher:1,Data - Shivansh.csv,short_circuit,0.6119767534572396,calibrated_model,short_circuit,False,True,7.325892000011436,0.6119767534572396,0.3100313284893898,0.061273533166180304,0.016718384887190452
qirv1-0255,ea7f1ed733357092,campuses with strong diversity in stem,campuses with strong diversity in stem,medium,intent_policy,0.98,Recognized intents consistently map to one frozen V1 route,1,filtered_search,college_b2b,filtered_search:1,college_b2b:1,Data Anthony.csv,complex,0.47164770882354395,calibrated_model,complex,False,False,7.2606900000096175,0.0665177825305633,0.28664464495883396,0.47164770882354395,0.1751898636870588
qirv1-0258,bd9ef4450c043ec9,good schools if i like problem solving more than coding,good schools if i like problem solving more than coding,llm_needed,intent_policy,0.98,Recognized intents consistently map to one frozen V1 route,1,advisory,high_school_student,advisory:1,high_school_student:1,Data Anthony.csv,complex,0.5111416024482013,calibrated_model,complex,False,False,7.307237999981453,0.009717664611808398,0.24588221537658517,0.5111416024482013,0.2332585175634051
qirv1-0259,d6635d359b38ce95,Carnegie Mellon financial aid for out of state,carnegie mellon financial aid for out of state,medium,intent_policy,0.98,Recognized intents consistently map to one frozen V1 route,3,cost_financial_aid,counselor_teacher,cost_financial_aid:3,college_student:1|counselor_teacher:2,Data - Shivansh.csv,llm_needed,0.08906426873231943,low_confidence_fallback,medium,False,False,7.435027000013861,0.4216425829772752,0.4469291752634977,0.04236397302690761,0.08906426873231943
qirv1-0261,340e819950017994,schools with zero homework classes,schools with zero homework classes,medium,unanimous_observed,1.0,All valid historical route labels agree,1,filter_search,high_school_student,filter_search:1,high_school_student:1,Data Anthony.csv,llm_needed,0.047990749337327394,low_confidence_fallback,short_circuit,False,False,7.2272280000049705,0.49497866171887245,0.44880422269749287,0.008226366246307364,0.047990749337327394
qirv1-0269,67f77d22516ab4d8,melt eng admits stop,melt eng admits stop,complex,intent_policy,0.98,Recognized intents consistently map to one frozen V1 route,1,strategy,college_admissions_officer,strategy:1,college_admissions_officer:1,Data - Nimisha.csv,llm_needed,0.5432527125930459,calibrated_model,llm_needed,False,False,7.070694999981697,0.06511137332733255,0.08464268392266415,0.3069932301569574,0.5432527125930459
qirv1-0270,f9dc849bed0b1e55,is UT Austin good for cs,is ut austin good for cs,short_circuit,intent_policy,0.98,Recognized intents consistently map to one frozen V1 route,1,attribute_lookup,high_school_student,attribute_lookup:1,high_school_student:1,Data Anthony.csv,llm_needed,0.6239126834409032,calibrated_model,llm_needed,False,False,7.085222000000613,0.08622464539595733,0.023798881813181415,0.266063789349958,0.6239126834409032
qirv1-0274,74a79c5668feabb4,how to write effective advising case notes and summaries,how to write effective advising case notes and summaries,short_circuit,intent_policy,0.98,Recognized intents consistently map to one frozen V1 route,1,attribute_lookup,advisor,attribute_lookup:1,advisor:1,Data - Edward.csv,llm_needed,0.6373226993914042,calibrated_model,llm_needed,False,False,7.364725999991606,0.3357910705308706,0.01839901587075637,0.00848721420696877,0.6373226993914042
qirv1-0278,282b961075423f6d,does your platform allow us to run surveys of students who viewed our profile,does your platform allow us to run surveys of students who viewed our profile,medium,unanimous_observed,1.0,All valid historical route labels agree,1,factual,college_b2b,factual:1,college_b2b:1,Data - Ridhi.csv,llm_needed,0.4790029272515608,calibrated_model,llm_needed,False,False,7.696357999975589,0.0316940789347252,0.44189053811277706,0.04741245570093692,0.4790029272515608
qirv1-0280,b9516ad2188df690,colleges with strong cognitive science + philosophy programs,colleges with strong cognitive science + philosophy programs,complex,intent_policy,0.98,Recognized intents consistently map to one frozen V1 route,1,multi_constraint,highschool_student,multi_constraint:1,highschool_student:1,Data - Ridhi.csv,llm_needed,0.0062502970449034995,low_confidence_fallback,short_circuit,False,False,7.383992000001172,0.5008734214124296,0.34626359835372894,0.14661268318893797,0.0062502970449034995
qirv1-0281,215617fd275140d0,unis w big hackathon culture,unis w big hackathon culture,medium,intent_policy,0.98,Recognized intents consistently map to one frozen V1 route,1,filtered_search,high_school_student,filtered_search:1,high_school_student:1,Data Anthony.csv,llm_needed,0.5179291549545451,calibrated_model,llm_needed,False,False,7.241604000000734,0.118571576241643,0.3168714506507986,0.04662781815301337,0.5179291549545451
qirv1-0282,c3b8a4c7565d5d78,how to advise students about apprenticeship programs as alternatives to traditional degrees,how to advise students about apprenticeship programs as alternatives to traditional degrees,short_circuit,intent_policy,0.98,Recognized intents consistently map to one frozen V1 route,1,attribute_lookup,advisor,attribute_lookup:1,advisor:1,Data - Edward.csv,llm_needed,0.48702803562643693,short_circuit_gate,short_circuit,False,False,7.562987000000021,0.508793800526565,0.0036547950055315173,0.0005233688414665597,0.48702803562643693
qirv1-0283,79c74441c3274fd3,universities with strong electrical engineering,universities with strong electrical engineering,medium,intent_policy,0.98,Recognized intents consistently map to one frozen V1 route,2,filtered_search,advisor,filtered_search:2,advisor:1|college_student:1,Data - Shivansh.csv,complex,0.5200601405923537,calibrated_model,complex,False,False,7.27421599998479,0.37661980196308426,0.09955737899156637,0.5200601405923537,0.0037626784529957366
qirv1-0291,70349999798bd381,schools with strong industrial engineering programs,schools with strong industrial engineering programs,short_circuit,intent_policy,0.98,Recognized intents consistently map to one frozen V1 route,1,attribute_lookup,highschool_student,attribute_lookup:1,highschool_student:1,Data - Edward.csv,llm_needed,0.03018694768942168,low_confidence_fallback,short_circuit,False,False,7.310414000016863,0.45110865204207157,0.4277924589367426,0.09091194133176407,0.03018694768942168
qirv1-0292,3c6d5bf0eed1b139,what is the nearest airport to schools in really remote locations,what is the nearest airport to schools in really remote locations,llm_needed,intent_policy,0.98,Recognized intents consistently map to one frozen V1 route,1,advisory,parent,advisory:1,parent:1,Data Anthony.csv,medium,0.7609968616692333,calibrated_model,medium,False,False,7.437412000001586,0.020637354831321602,0.7609968616692333,0.0033506746644631335,0.215015108834982
qirv1-0296,7309c946b8a02f23,how to implement intrusive advising to support struggling students,how to implement intrusive advising to support struggling students,short_circuit,intent_policy,0.98,Recognized intents consistently map to one frozen V1 route,1,attribute_lookup,college,attribute_lookup:1,college:1,Data - Edward.csv,llm_needed,0.6002583249864438,calibrated_model,llm_needed,False,False,7.391076000004659,0.35479747132325334,0.04288443844637093,0.0020597652439319635,0.6002583249864438
qirv1-0299,54bd1d47af29caeb,schools with cooperative education programs and top accounting majors,schools with cooperative education programs and top accounting majors,complex,intent_policy,0.98,Recognized intents consistently map to one frozen V1 route,1,multi_constraint,highschool_student,multi_constraint:1,highschool_student:1,Data - Edward.csv,medium,0.533004342790237,calibrated_model,medium,False,False,7.421362000002318,0.4325209128346091,0.533004342790237,0.01988203201825039,0.014592712356903506
