model,short_threshold,low_threshold,use_lookup_rules,rule_confidence,accuracy,macro_f1,false_short_circuit_rate,short_circuit_recall,predicted_short_circuit_count,all_gates
logistic,0.6,0.45,False,0,0.7465704992221751,0.754663614817668,0.1320754716981132,0.6187273667873772,1378,False
logistic,0.65,0.45,False,0,0.7351152595106775,0.7440649509762912,0.11030595813204509,0.5716502845318159,1242,False
logistic,0.7,0.45,False,0,0.7229529062367416,0.7320739877044758,0.09197475202885483,0.520951888256596,1109,False
logistic,0.75,0.45,False,0,0.7020223447885731,0.7104449031466245,0.07367280606717226,0.44231764097258147,923,False
logistic,0.8,0.45,False,0,0.6750106067034366,0.6795311879466291,0.049132947976878616,0.3404035178479048,692,False
logistic,0.85,0.45,False,0,0.6441804553811342,0.639449130593579,0.04148471615720524,0.22710812209001552,458,False
logistic,0.9,0.45,False,0,0.6010465280724084,0.5712308629206662,0.022388059701492536,0.0677703052250388,134,False
logistic,0.95,0.45,False,0,0.5826615754490171,0.5364187566204283,,0.0,0,False
linearsvc,0.6,0.45,False,0,0.7564700890963089,0.76435039207939,0.15135492399206874,0.6642524573202276,1513,False
linearsvc,0.65,0.45,False,0,0.7478433036345637,0.7566231724454513,0.128705712219812,0.6233833419555096,1383,False
linearsvc,0.7,0.45,False,0,0.7339838778107765,0.7438794591313165,0.09958847736625515,0.5659596482152095,1215,False
linearsvc,0.75,0.45,False,0,0.7209729882619149,0.7314404312545979,0.07348837209302325,0.5152612519399896,1075,False
linearsvc,0.8,0.45,False,0,0.6976382407014566,0.7068340830847467,0.06242905788876277,0.4273150543197103,881,False
linearsvc,0.85,0.45,False,0,0.6689294300664687,0.6733526508239707,0.044753086419753084,0.32022762545266426,648,False
linearsvc,0.9,0.45,False,0,0.6243812756328666,0.6116139973223385,0.022727272727272728,0.15571650284531816,308,False
linearsvc,0.95,0.45,False,0,0.5867628341111583,0.5464803274593593,0.02857142857142857,0.01758923952405587,35,False
sgd,0.6,0.45,False,0,0.751096026021779,0.7596769284652886,0.1500339443312967,0.6476978789446456,1473,False
sgd,0.65,0.45,False,0,0.7420449724225711,0.7516165711759737,0.12162162162162163,0.6052767718572167,1332,False
sgd,0.7,0.45,False,0,0.7324282279734126,0.7426484699262214,0.09991742361684558,0.5638903259182617,1211,False
sgd,0.75,0.45,False,0,0.7180031112996748,0.7284608058020683,0.08239700374531835,0.5069839627521987,1068,False
sgd,0.8,0.45,False,0,0.6984867769763824,0.7079770301523447,0.05869074492099323,0.4314536989136058,886,False
sgd,0.85,0.45,False,0,0.6723235751661717,0.6779314489164544,0.040059347181008904,0.3347128815312985,674,False
sgd,0.9,0.45,False,0,0.6382407014566539,0.6329387165004341,0.03571428571428571,0.20951888256595966,420,False
sgd,0.95,0.45,False,0,0.5953896195729034,0.5637909434716352,0.028846153846153848,0.05225038799793068,104,False
