benchmark_id,query_text,predicted_route,raw_predicted_route,confidence,policy_reason,latency_ms,estimated_cost_usd,model,model_status
qirv1-0001,what schools should i apply to for nursing not Florida under 40k,complex,complex,0.9758599112829919,accepted_model_prediction,5.099743000002377,0.0,calibrated_word_char_shape_linearsvc,real
qirv1-0002,colleges on the East Coast under 30k with strong research and internships,complex,complex,0.943051677628096,accepted_model_prediction,5.015666000005581,0.0,calibrated_word_char_shape_linearsvc,real
qirv1-0003,can we integrate your platform with our CRM system,medium,medium,0.6688765581316914,accepted_model_prediction,4.96948599999314,0.0,calibrated_word_char_shape_linearsvc,real
qirv1-0004,affordable political science schools in Texas with good job placement,complex,complex,0.9426753398800313,accepted_model_prediction,4.980332000002363,0.0,calibrated_word_char_shape_linearsvc,real
qirv1-0005,what is the helicopter parent trap and how to avoid it,llm_needed,llm_needed,0.4842353047335131,accepted_model_prediction,4.983076999991454,0.0,calibrated_word_char_shape_linearsvc,real
qirv1-0006,do colleges consider course load senior year,medium,medium,0.7279026579199032,accepted_model_prediction,4.883247000009305,0.0,calibrated_word_char_shape_linearsvc,real
qirv1-0007,how employers view interdisciplinary certificates,medium,medium,0.8605560495453016,accepted_model_prediction,4.840291000007824,0.0,calibrated_word_char_shape_linearsvc,real
qirv1-0008,how to advise students about the value of internships and when to pursue them,medium,short_circuit,0.609432313341575,short_circuit_safety_escalation,4.887101999997867,0.0,calibrated_word_char_shape_linearsvc,real
qirv1-0009,does Duke have data science,short_circuit,short_circuit,0.8999704877707201,accepted_model_prediction,4.751927000000933,0.0,calibrated_word_char_shape_linearsvc,real
qirv1-0010,how to counsel students on negotiating their first salary,llm_needed,llm_needed,0.8460846965915229,accepted_model_prediction,4.846321000002263,0.0,calibrated_word_char_shape_linearsvc,real
qirv1-0011,which universities have strong programs placing students in rural health corps positions,medium,medium,0.9518207095839983,accepted_model_prediction,4.983808000005752,0.0,calibrated_word_char_shape_linearsvc,real
qirv1-0012,how to write an email to a professor that doesn't sound dumb,llm_needed,llm_needed,0.9117225340660736,accepted_model_prediction,4.318703999999229,0.0,calibrated_word_char_shape_linearsvc,real
qirv1-0013,what is a holds advisor and what kinds of holds affect students most,medium,medium,0.6261183039371825,accepted_model_prediction,4.114534999999364,0.0,calibrated_word_char_shape_linearsvc,real
qirv1-0014,what essays does Columbia require,medium,medium,0.9061268705450095,accepted_model_prediction,3.9421839999960184,0.0,calibrated_word_char_shape_linearsvc,real
qirv1-0015,affordable computer science schools near Chicago with good internships,complex,complex,0.9229717555826008,accepted_model_prediction,3.989246000003277,0.0,calibrated_word_char_shape_linearsvc,real
qirv1-0016,Arizona State,medium,short_circuit,0.7422552894942308,short_circuit_safety_escalation,4.074934999991342,0.0,calibrated_word_char_shape_linearsvc,real
qirv1-0017,schools with mental health resources,llm_needed,short_circuit,0.3948466130294023,global_low_confidence_escalation,3.926561000000106,0.0,calibrated_word_char_shape_linearsvc,real
qirv1-0018,what jobs hire people with history degrees,llm_needed,llm_needed,0.8312483626722617,accepted_model_prediction,3.9581489999989117,0.0,calibrated_word_char_shape_linearsvc,real
qirv1-0019,what role should teachers play in college counseling conversations,llm_needed,llm_needed,0.7627636939891316,accepted_model_prediction,4.043307000003438,0.0,calibrated_word_char_shape_linearsvc,real
qirv1-0020,how to build a robust institutional advancement and fundraising office,short_circuit,short_circuit,0.8983055750088483,accepted_model_prediction,4.079841999995892,0.0,calibrated_word_char_shape_linearsvc,real
qirv1-0021,How do design graduates improve weak portfolios for employment?,llm_needed,llm_needed,0.8588838689322266,accepted_model_prediction,4.03008799999327,0.0,calibrated_word_char_shape_linearsvc,real
qirv1-0022,how to create a retention dashboard to track institutional progress,medium,short_circuit,0.7504141171050258,short_circuit_safety_escalation,4.029997000003505,0.0,calibrated_word_char_shape_linearsvc,real
qirv1-0023,how to tailor advising approaches for adult learners returning to college,llm_needed,llm_needed,0.6393779873386624,accepted_model_prediction,4.043797999997878,0.0,calibrated_word_char_shape_linearsvc,real
qirv1-0024,universities with low textbook costs,medium,medium,0.4845539917531269,accepted_model_prediction,3.9576779999919154,0.0,calibrated_word_char_shape_linearsvc,real
qirv1-0025,edtech build ai bootcamp,complex,complex,0.7790555321871482,accepted_model_prediction,3.976265999995121,0.0,calibrated_word_char_shape_linearsvc,real
qirv1-0026,UC Berkeley vibe,llm_needed,llm_needed,0.7625958806720234,accepted_model_prediction,3.9454799999987245,0.0,calibrated_word_char_shape_linearsvc,real
qirv1-0027,what to do if my roommate and I don't get along,llm_needed,llm_needed,0.9561439230165175,accepted_model_prediction,4.1271839999978965,0.0,calibrated_word_char_shape_linearsvc,real
qirv1-0028,University of Florida internships,short_circuit,short_circuit,0.8509236439513189,accepted_model_prediction,3.959831000003078,0.0,calibrated_word_char_shape_linearsvc,real
qirv1-0029,institutional branding guidelines,medium,medium,0.7205200723345445,accepted_model_prediction,3.9418239999946536,0.0,calibrated_word_char_shape_linearsvc,real
qirv1-0030,Stanford tuition vs UC Berkeley tuition,complex,complex,0.9513418280374885,accepted_model_prediction,4.0083040000098435,0.0,calibrated_word_char_shape_linearsvc,real
qirv1-0031,recommend medium-sized colleges near a major tech hub for aerospace engineering reach schools,complex,complex,0.9471942548855657,accepted_model_prediction,4.087553999994498,0.0,calibrated_word_char_shape_linearsvc,real
qirv1-0032,how to appeal waitlist decisions,medium,medium,0.4996742681483555,accepted_model_prediction,3.94913499999916,0.0,calibrated_word_char_shape_linearsvc,real
qirv1-0033,universities with strong linguistics research,medium,short_circuit,0.593413166148269,short_circuit_safety_escalation,3.9827159999958894,0.0,calibrated_word_char_shape_linearsvc,real
qirv1-0034,schools with campus-wide language exchange programs,short_circuit,short_circuit,0.9168465322397704,accepted_model_prediction,3.9661410000064734,0.0,calibrated_word_char_shape_linearsvc,real
qirv1-0035,University of Washington scholarships,medium,medium,0.7472385420333314,accepted_model_prediction,4.088406000008149,0.0,calibrated_word_char_shape_linearsvc,real
qirv1-0036,large computer science colleges near a major tech hub under 40k not too competitive,complex,complex,0.9379336662183696,accepted_model_prediction,4.08178600000042,0.0,calibrated_word_char_shape_linearsvc,real
qirv1-0037,best biology schools in Texas,medium,medium,0.9464064404278728,accepted_model_prediction,3.9343529999911198,0.0,calibrated_word_char_shape_linearsvc,real
qirv1-0038,good schools for kids who are smart but not great test takers,llm_needed,llm_needed,0.5868618832749884,accepted_model_prediction,4.002935999992019,0.0,calibrated_word_char_shape_linearsvc,real
qirv1-0039,colleges with strong literacy education programs,medium,short_circuit,0.7450625718151674,short_circuit_safety_escalation,3.9437370000001692,0.0,calibrated_word_char_shape_linearsvc,real
qirv1-0040,affordable mechanical engineering schools near a tech hub with good internships,complex,complex,0.9464115448916702,accepted_model_prediction,4.045560999998088,0.0,calibrated_word_char_shape_linearsvc,real
qirv1-0041,urban universities with strong practicum placements in city schools,medium,medium,0.8258142489630517,accepted_model_prediction,3.996856999989973,0.0,calibrated_word_char_shape_linearsvc,real
qirv1-0042,colleges where alumni commonly return to give back to their communities,llm_needed,medium,0.44117335241585476,global_low_confidence_escalation,4.037568999990526,0.0,calibrated_word_char_shape_linearsvc,real
qirv1-0043,what is the FAFSA and when should we fill it out,medium,medium,0.49087528032076716,accepted_model_prediction,3.9395299999966937,0.0,calibrated_word_char_shape_linearsvc,real
qirv1-0044,application volume trend modeling,complex,complex,0.7752915050186614,accepted_model_prediction,3.965009999987501,0.0,calibrated_word_char_shape_linearsvc,real
qirv1-0045,Can graduate applicants receive recommendation letters from industry mentors?,llm_needed,llm_needed,0.8584599736152599,accepted_model_prediction,4.022575999997002,0.0,calibrated_word_char_shape_linearsvc,real
qirv1-0046,Vanderbilt vs Princeton for philosophy,complex,complex,0.9170374004283257,accepted_model_prediction,3.9637170000048627,0.0,calibrated_word_char_shape_linearsvc,real
qirv1-0047,hiring mgr AI grads applied weak,llm_needed,llm_needed,0.93398600842019,accepted_model_prediction,3.9249390000009043,0.0,calibrated_word_char_shape_linearsvc,real
qirv1-0048,affordable private + good dorms,complex,complex,0.681201956369398,accepted_model_prediction,3.9880340000024717,0.0,calibrated_word_char_shape_linearsvc,real
qirv1-0049,schools in colorado,medium,medium,0.9288016850929753,accepted_model_prediction,3.923096000008286,0.0,calibrated_word_char_shape_linearsvc,real
qirv1-0050,how employers evaluate certificates vs minors,complex,complex,0.48928556482145874,accepted_model_prediction,3.945669999993129,0.0,calibrated_word_char_shape_linearsvc,real
qirv1-0051,universities with strong psychology,medium,medium,0.6236982502071217,accepted_model_prediction,3.933901999999989,0.0,calibrated_word_char_shape_linearsvc,real
qirv1-0052,Community college housing options?,short_circuit,short_circuit,0.9734373563740953,accepted_model_prediction,4.0956459999961226,0.0,calibrated_word_char_shape_linearsvc,real
qirv1-0053,schools where public health majors get field placements not just lectures,medium,medium,0.8947789453603048,accepted_model_prediction,4.48627699999804,0.0,calibrated_word_char_shape_linearsvc,real
qirv1-0054,how to get more colleges to visit or engage with your high school,llm_needed,llm_needed,0.8081774359773969,accepted_model_prediction,4.2085369999966815,0.0,calibrated_word_char_shape_linearsvc,real
qirv1-0055,eng to consulitng how,llm_needed,llm_needed,0.8332446108207896,accepted_model_prediction,3.9438470000021653,0.0,calibrated_word_char_shape_linearsvc,real
qirv1-0056,Brown vs Stanford for computer science,complex,complex,0.9364934633532771,accepted_model_prediction,3.9782789999947,0.0,calibrated_word_char_shape_linearsvc,real
qirv1-0057,how to advise students preparing for behavioral job interviews,llm_needed,llm_needed,0.7585106050019707,accepted_model_prediction,4.129246999994507,0.0,calibrated_word_char_shape_linearsvc,real
qirv1-0058,Columbia vs NYU,complex,complex,0.9407445613060511,accepted_model_prediction,3.893761000000495,0.0,calibrated_word_char_shape_linearsvc,real
qirv1-0059,Brown tuition vs UC Irvine tuition,complex,complex,0.95385959215284,accepted_model_prediction,3.928874000010296,0.0,calibrated_word_char_shape_linearsvc,real
qirv1-0060,does Caltech have biology,short_circuit,short_circuit,0.9215656460083809,accepted_model_prediction,3.8963249999994787,0.0,calibrated_word_char_shape_linearsvc,real
qirv1-0061,cs schools w good social life pls,complex,complex,0.5316635497225833,accepted_model_prediction,3.92048199999806,0.0,calibrated_word_char_shape_linearsvc,real
qirv1-0062,schools like University of Florida but cheaper,complex,complex,0.9656113336191456,accepted_model_prediction,3.9521089999965398,0.0,calibrated_word_char_shape_linearsvc,real
qirv1-0063,schools with health administration programs aligned with regional hospital needs,medium,medium,0.5739108753977958,accepted_model_prediction,4.037828999997828,0.0,calibrated_word_char_shape_linearsvc,real
qirv1-0064,schools with campus zip lines or adventure courses,medium,short_circuit,0.6695611689490525,short_circuit_safety_escalation,3.9497060000002193,0.0,calibrated_word_char_shape_linearsvc,real
qirv1-0065,Caltech vs USC for chemistry,complex,complex,0.9297025230968593,accepted_model_prediction,3.9090340000029755,0.0,calibrated_word_char_shape_linearsvc,real
qirv1-0066,recommend small colleges in the Midwest for chemistry not too competitive,complex,complex,0.9250251755436395,accepted_model_prediction,4.011599999998339,0.0,calibrated_word_char_shape_linearsvc,real
qirv1-0067,scholarship officer undergrad success,llm_needed,llm_needed,0.7699257994890054,accepted_model_prediction,3.984598000002393,0.0,calibrated_word_char_shape_linearsvc,real
qirv1-0068,how do i apply to NYU,medium,medium,0.9346973413927158,accepted_model_prediction,3.9506469999963656,0.0,calibrated_word_char_shape_linearsvc,real
qirv1-0069,universities with strong interfaith community service programs,medium,short_circuit,0.7005633811739971,short_circuit_safety_escalation,3.9914190000018834,0.0,calibrated_word_char_shape_linearsvc,real
qirv1-0070,colleges near a major tech hub full ride options with strong research and internships,complex,complex,0.940246677687235,accepted_model_prediction,4.0254410000102325,0.0,calibrated_word_char_shape_linearsvc,real
qirv1-0071,schools with on-campus escape rooms,short_circuit,short_circuit,0.8248856734136744,accepted_model_prediction,3.913341000000514,0.0,calibrated_word_char_shape_linearsvc,real
qirv1-0072,is a biology degree useful if i dont want to be a doctor,llm_needed,llm_needed,0.8808676152933669,accepted_model_prediction,3.9795410000067477,0.0,calibrated_word_char_shape_linearsvc,real
qirv1-0073,UT Austin vs Purdue for pre-med,complex,complex,0.9141298416515399,accepted_model_prediction,4.082205999992539,0.0,calibrated_word_char_shape_linearsvc,real
qirv1-0074,transf CS prereq missing,llm_needed,llm_needed,0.8470407772913685,accepted_model_prediction,4.079592000010734,0.0,calibrated_word_char_shape_linearsvc,real
qirv1-0075,Are there mentorship opportunities for community college students in business majors?,llm_needed,llm_needed,0.910395039448162,accepted_model_prediction,4.253575000007004,0.0,calibrated_word_char_shape_linearsvc,real
qirv1-0076,what are the social pressures at selective universities and how do parents help,llm_needed,llm_needed,0.9620842659007663,accepted_model_prediction,4.007282999992867,0.0,calibrated_word_char_shape_linearsvc,real
qirv1-0077,universities with public transportation access,medium,short_circuit,0.5129148383415788,short_circuit_safety_escalation,4.002236000005155,0.0,calibrated_word_char_shape_linearsvc,real
qirv1-0078,college fit vs prestige,complex,complex,0.8698459748229873,accepted_model_prediction,3.890516999987881,0.0,calibrated_word_char_shape_linearsvc,real
qirv1-0079,scholarship officer rural cs poor,llm_needed,llm_needed,0.950920958511797,accepted_model_prediction,3.9068509999964363,0.0,calibrated_word_char_shape_linearsvc,real
qirv1-0080,UC San Diego job placement for architecture,medium,medium,0.8844375884687871,accepted_model_prediction,3.911708000003955,0.0,calibrated_word_char_shape_linearsvc,real
qirv1-0081,universities with public policy undergraduate programs,short_circuit,short_circuit,0.8587109806177464,accepted_model_prediction,3.9609229999939544,0.0,calibrated_word_char_shape_linearsvc,real
qirv1-0082,large public health colleges in warm states good financial aid reach schools,complex,complex,0.8599337636062993,accepted_model_prediction,4.021995000002221,0.0,calibrated_word_char_shape_linearsvc,real
qirv1-0083,cs yield down why,complex,complex,0.5749205417295532,accepted_model_prediction,3.8887230000028694,0.0,calibrated_word_char_shape_linearsvc,real
qirv1-0084,schools that support communication with families students and have accessible housing,medium,medium,0.8972588126414148,accepted_model_prediction,4.099411999987979,0.0,calibrated_word_char_shape_linearsvc,real
qirv1-0085,engineering schools where undergrads publish before senior year,medium,medium,0.819346246247174,accepted_model_prediction,4.0012229999888405,0.0,calibrated_word_char_shape_linearsvc,real
qirv1-0086,how to structure a first semester advising appointment for a new freshman,llm_needed,llm_needed,0.5619245744960345,accepted_model_prediction,4.047744000004627,0.0,calibrated_word_char_shape_linearsvc,real
qirv1-0087,how to evaluate the impact of campus employment on student retention,short_circuit,short_circuit,0.8828013643387916,accepted_model_prediction,3.9915290000038794,0.0,calibrated_word_char_shape_linearsvc,real
qirv1-0088,which colleges produce the most teachers who go on to become instructional coaches,medium,medium,0.7570053996429809,accepted_model_prediction,4.0777289999880395,0.0,calibrated_word_char_shape_linearsvc,real
qirv1-0089,eng debt trap?,llm_needed,llm_needed,0.6152317203822235,accepted_model_prediction,3.876535999992825,0.0,calibrated_word_char_shape_linearsvc,real
qirv1-0090,affordable colleges with strong data science,complex,complex,0.950635458590498,accepted_model_prediction,3.9414940000028764,0.0,calibrated_word_char_shape_linearsvc,real
qirv1-0091,what is a tuition payment plan,medium,medium,0.5309395384635153,accepted_model_prediction,3.911177000006205,0.0,calibrated_word_char_shape_linearsvc,real
qirv1-0092,what is deferral in admissions,medium,medium,0.655182667618988,accepted_model_prediction,4.0756060000006755,0.0,calibrated_word_char_shape_linearsvc,real
qirv1-0093,how to help students navigate roommate conflicts,llm_needed,llm_needed,0.687456047766041,accepted_model_prediction,3.981284000005303,0.0,calibrated_word_char_shape_linearsvc,real
qirv1-0094,career changer law 2 cs dumb?,llm_needed,llm_needed,0.8845998250430034,accepted_model_prediction,3.9430559999971138,0.0,calibrated_word_char_shape_linearsvc,real
qirv1-0095,how to request an extension on an assignment,medium,short_circuit,0.5828382065959836,short_circuit_safety_escalation,3.9637570000081723,0.0,calibrated_word_char_shape_linearsvc,real
qirv1-0096,schools with active running or track clubs,short_circuit,short_circuit,0.8912580600842549,accepted_model_prediction,3.9599220000070545,0.0,calibrated_word_char_shape_linearsvc,real
qirv1-0097,universities with social work degrees,medium,short_circuit,0.7562312393063321,short_circuit_safety_escalation,3.964848999999049,0.0,calibrated_word_char_shape_linearsvc,real
qirv1-0098,How can transfer students manage differences in extracurricular opportunities?,llm_needed,llm_needed,0.8888774964163627,accepted_model_prediction,4.059210999997731,0.0,calibrated_word_char_shape_linearsvc,real
qirv1-0099,mech eng 2 yr to 4 yr worth?,llm_needed,llm_needed,0.9733790263688337,accepted_model_prediction,3.920841999999425,0.0,calibrated_word_char_shape_linearsvc,real
qirv1-0100,universities with cultural exchange programs,short_circuit,short_circuit,0.9405907153977888,accepted_model_prediction,4.088726000006204,0.0,calibrated_word_char_shape_linearsvc,real
qirv1-0101,Princeton financial aid for out of state,medium,medium,0.9410865188679053,accepted_model_prediction,3.9557650000006106,0.0,calibrated_word_char_shape_linearsvc,real
qirv1-0102,universities with research in computational biology,medium,short_circuit,0.7832978580369012,short_circuit_safety_escalation,3.9969970000015564,0.0,calibrated_word_char_shape_linearsvc,real
qirv1-0103,colleges with rooftop yogahigh,medium,medium,0.6128793974410781,accepted_model_prediction,3.9219140000028574,0.0,calibrated_word_char_shape_linearsvc,real
qirv1-0104,universities where freshmen cannot be cut from engineering,medium,medium,0.6353818285813253,accepted_model_prediction,3.970856999998773,0.0,calibrated_word_char_shape_linearsvc,real
qirv1-0105,schools with strong bioinformatics programs,medium,short_circuit,0.47914646638646796,short_circuit_safety_escalation,4.049276000003488,0.0,calibrated_word_char_shape_linearsvc,real
qirv1-0106,colleges that provide strong alumni mentoring for first gen students,medium,medium,0.9048471136372688,accepted_model_prediction,3.987252999991142,0.0,calibrated_word_char_shape_linearsvc,real
qirv1-0107,four year cost of University of Washington including housing,complex,complex,0.5181566269016028,accepted_model_prediction,4.413827000007586,0.0,calibrated_word_char_shape_linearsvc,real
qirv1-0108,best colleges for on-campus housing with high graduation rates in California,medium,medium,0.8471099124720111,accepted_model_prediction,4.617344999999773,0.0,calibrated_word_char_shape_linearsvc,real
qirv1-0109,what colleges fit a student with a 3.5 gpa,llm_needed,llm_needed,0.7780928532380665,accepted_model_prediction,5.341628000010701,0.0,calibrated_word_char_shape_linearsvc,real
qirv1-0110,how do we keep our admissions staff account access up to date when team members leave or join,llm_needed,llm_needed,0.6178003737548651,accepted_model_prediction,4.4585549999993646,0.0,calibrated_word_char_shape_linearsvc,real
qirv1-0111,how to advocate for systemic changes in curriculum or policy that affect students,medium,medium,0.524418890995407,accepted_model_prediction,4.151331000002756,0.0,calibrated_word_char_shape_linearsvc,real
qirv1-0112,job placement for Northwestern,medium,medium,0.732274149838116,accepted_model_prediction,3.991468999998915,0.0,calibrated_word_char_shape_linearsvc,real
qirv1-0113,How can community college students connect with university alumni for mentorship?,llm_needed,llm_needed,0.7066861845541658,accepted_model_prediction,4.045511000001056,0.0,calibrated_word_char_shape_linearsvc,real
qirv1-0114,Boston University vs Columbia,complex,complex,0.9306318385350066,accepted_model_prediction,4.102445999990323,0.0,calibrated_word_char_shape_linearsvc,real
qirv1-0115,universities with peer-led study programs,short_circuit,short_circuit,0.9347149690459262,accepted_model_prediction,3.9799109999876237,0.0,calibrated_word_char_shape_linearsvc,real
qirv1-0116,MIT acceptance rate,short_circuit,short_circuit,0.9362929654841512,accepted_model_prediction,3.9268210000074077,0.0,calibrated_word_char_shape_linearsvc,real
qirv1-0117,create reach target safety list for film in Texas under 40k,complex,complex,0.4568339082291522,accepted_model_prediction,3.988825000007523,0.0,calibrated_word_char_shape_linearsvc,real
qirv1-0118,career changer teacher2data,llm_needed,llm_needed,0.8432547345968282,accepted_model_prediction,3.9420439999986456,0.0,calibrated_word_char_shape_linearsvc,real
qirv1-0119,how to support international students who are academically struggling,llm_needed,llm_needed,0.9491807548158496,accepted_model_prediction,4.0450999999990245,0.0,calibrated_word_char_shape_linearsvc,real
qirv1-0120,Duke tuition vs Purdue tuition,complex,complex,0.9479360220529293,accepted_model_prediction,3.9301059999985455,0.0,calibrated_word_char_shape_linearsvc,real
qirv1-0121,schools with strong programs in philosophy and logic,medium,medium,0.7089509808495057,accepted_model_prediction,3.9865210000016305,0.0,calibrated_word_char_shape_linearsvc,real
qirv1-0122,career outcomes for anthropology majors,medium,medium,0.8096423985817255,accepted_model_prediction,3.9842779999901268,0.0,calibrated_word_char_shape_linearsvc,real
qirv1-0123,switch bio 2 biomed eng jr yr dumb?,llm_needed,llm_needed,0.9484234363178771,accepted_model_prediction,3.942143999992709,0.0,calibrated_word_char_shape_linearsvc,real
qirv1-0124,small engineering colleges with division I sports,complex,complex,0.7271216063633942,accepted_model_prediction,3.9554649999899993,0.0,calibrated_word_char_shape_linearsvc,real
qirv1-0125,Cornell campus culture,llm_needed,llm_needed,0.9325478723221233,accepted_model_prediction,3.9213029999984883,0.0,calibrated_word_char_shape_linearsvc,real
qirv1-0126,how to build institutional infrastructure for a study abroad office,medium,short_circuit,0.7444258017238399,short_circuit_safety_escalation,4.0320510000100285,0.0,calibrated_word_char_shape_linearsvc,real
qirv1-0127,Transfer student social events?,short_circuit,short_circuit,0.9516556669404003,accepted_model_prediction,3.9373569999980873,0.0,calibrated_word_char_shape_linearsvc,real
qirv1-0128,internships for Stanford,short_circuit,short_circuit,0.8370389077403962,accepted_model_prediction,3.930698000004895,0.0,calibrated_word_char_shape_linearsvc,real
qirv1-0129,how to build a campus recreation center that serves all students equitably,short_circuit,short_circuit,0.8770115799041345,accepted_model_prediction,4.028314999999338,0.0,calibrated_word_char_shape_linearsvc,real
qirv1-0130,Boston University vs UC Irvine for finance,complex,complex,0.9500380774416363,accepted_model_prediction,3.9803220000038664,0.0,calibrated_word_char_shape_linearsvc,real
qirv1-0131,schools with explicit racial equity programs for campus inclusion,medium,medium,0.7339364867452782,accepted_model_prediction,4.018219999991857,0.0,calibrated_word_char_shape_linearsvc,real
qirv1-0132,how to engage parents who are over-involved in their student's applications,llm_needed,llm_needed,0.9622203430144453,accepted_model_prediction,4.027564000011807,0.0,calibrated_word_char_shape_linearsvc,real
qirv1-0133,Columbia,short_circuit,short_circuit,0.8718668296819221,accepted_model_prediction,3.86043100000677,0.0,calibrated_word_char_shape_linearsvc,real
qirv1-0134,does UC San Diego have philosophy,short_circuit,short_circuit,0.8597152124942355,accepted_model_prediction,3.925809999998364,0.0,calibrated_word_char_shape_linearsvc,real
qirv1-0135,what are common mistakes students make in the college application process,llm_needed,llm_needed,0.9020072030225311,accepted_model_prediction,4.199171999999862,0.0,calibrated_word_char_shape_linearsvc,real
qirv1-0136,colleges that support mental health well,medium,medium,0.8881013759819641,accepted_model_prediction,4.004758999997193,0.0,calibrated_word_char_shape_linearsvc,real
qirv1-0137,schools with 3D printing labs open to all students,llm_needed,llm_needed,0.3980932597150992,global_low_confidence_escalation,4.223910000007436,0.0,calibrated_word_char_shape_linearsvc,real
qirv1-0138,what is your platform's approach to supporting community colleges specifically,medium,medium,0.6797493412257616,accepted_model_prediction,4.101654999999482,0.0,calibrated_word_char_shape_linearsvc,real
qirv1-0139,create reach target safety list for economics in California under 30k,llm_needed,medium,0.3788506448480338,global_low_confidence_escalation,4.0507780000069715,0.0,calibrated_word_char_shape_linearsvc,real
qirv1-0140,feeling overwhelmed in college what should I do,llm_needed,llm_needed,0.9499579470290159,accepted_model_prediction,3.9710880000001225,0.0,calibrated_word_char_shape_linearsvc,real
qirv1-0141,what is the best practice for responding to student inquiries through your system,medium,medium,0.6184956419811616,accepted_model_prediction,4.053381999995054,0.0,calibrated_word_char_shape_linearsvc,real
qirv1-0142,schools with art and creative talent scholarships,medium,medium,0.7243445528768908,accepted_model_prediction,3.9457510000033835,0.0,calibrated_word_char_shape_linearsvc,real
qirv1-0143,how to deal with a professor who gives confusing instructions,llm_needed,llm_needed,0.9173127880987547,accepted_model_prediction,4.01676699999598,0.0,calibrated_word_char_shape_linearsvc,real
qirv1-0144,schools with active intramural esports leagues,short_circuit,short_circuit,0.8835353978347295,accepted_model_prediction,3.951017999995088,0.0,calibrated_word_char_shape_linearsvc,real
qirv1-0145,does USC have electrical engineering,short_circuit,short_circuit,0.896800937525095,accepted_model_prediction,3.9130610000057686,0.0,calibrated_word_char_shape_linearsvc,real
qirv1-0146,colleges with strong parental communication policies,medium,medium,0.46698741051129405,accepted_model_prediction,3.9825059999998302,0.0,calibrated_word_char_shape_linearsvc,real
qirv1-0147,what extracurriculars do top colleges actually care about,medium,medium,0.6243112155845626,accepted_model_prediction,4.009445999997752,0.0,calibrated_word_char_shape_linearsvc,real
qirv1-0148,colleges with hidden libraries,medium,medium,0.5761476002576184,accepted_model_prediction,4.023547000002736,0.0,calibrated_word_char_shape_linearsvc,real
qirv1-0149,what is the drop add period and how do I use it,llm_needed,llm_needed,0.7160820980602888,accepted_model_prediction,3.9405920000064043,0.0,calibrated_word_char_shape_linearsvc,real
qirv1-0150,colleges near research parks,medium,medium,0.8045791077703747,accepted_model_prediction,3.9422149999950307,0.0,calibrated_word_char_shape_linearsvc,real
qirv1-0151,colleges emphasizing culturally responsive teaching curricula,medium,medium,0.7871016432596761,accepted_model_prediction,4.019600999995987,0.0,calibrated_word_char_shape_linearsvc,real
qirv1-0152,how to evaluate the impact of guaranteed admission programs on enrollment quality,short_circuit,short_circuit,0.954672891430362,accepted_model_prediction,4.043287000001783,0.0,calibrated_word_char_shape_linearsvc,real
qirv1-0153,comparing cs salary outcomes across regions for my son,llm_needed,llm_needed,0.5280427736337396,accepted_model_prediction,3.992740999990474,0.0,calibrated_word_char_shape_linearsvc,real
qirv1-0154,does baylor have good support services for students from low income backgrounds,llm_needed,llm_needed,0.4452731674780994,global_low_confidence_escalation,4.0268720000113944,0.0,calibrated_word_char_shape_linearsvc,real
qirv1-0155,how to design a campus food pantry to address student hunger,medium,short_circuit,0.6528446704101184,short_circuit_safety_escalation,4.019270999989999,0.0,calibrated_word_char_shape_linearsvc,real
qirv1-0156,USC vs UC San Diego for nursing,complex,complex,0.9428114258783343,accepted_model_prediction,3.9592810000073086,0.0,calibrated_word_char_shape_linearsvc,real
qirv1-0157,how to network as an introvert in college,llm_needed,llm_needed,0.9392035799518405,accepted_model_prediction,3.9322800000007874,0.0,calibrated_word_char_shape_linearsvc,real
qirv1-0158,does Harvard have business,short_circuit,short_circuit,0.9337880925763025,accepted_model_prediction,4.004868999999189,0.0,calibrated_word_char_shape_linearsvc,real
qirv1-0159,archived admissions data access,medium,medium,0.5010956210516616,accepted_model_prediction,3.927952999987383,0.0,calibrated_word_char_shape_linearsvc,real
qirv1-0160,what schools should i apply to for mechanical engineering near the beach low tuition,complex,complex,0.9418847585706901,accepted_model_prediction,4.177249999997912,0.0,calibrated_word_char_shape_linearsvc,real
qirv1-0161,schools with honors programs that aren’t stressful,llm_needed,llm_needed,0.44583239555436305,global_low_confidence_escalation,4.052931000003923,0.0,calibrated_word_char_shape_linearsvc,real
qirv1-0162,Duke tuition vs University of Maryland tuition,complex,complex,0.9413797365517937,accepted_model_prediction,3.9209119999981112,0.0,calibrated_word_char_shape_linearsvc,real
qirv1-0163,University of Maryland average ACT,short_circuit,short_circuit,0.9294435214748157,accepted_model_prediction,3.9185389999971676,0.0,calibrated_word_char_shape_linearsvc,real
qirv1-0164,colleges near state borders,medium,medium,0.836499647703948,accepted_model_prediction,3.948244000000045,0.0,calibrated_word_char_shape_linearsvc,real
qirv1-0165,recommend large colleges in the Midwest for economics not too competitive,complex,complex,0.9330890292689452,accepted_model_prediction,4.052650999994967,0.0,calibrated_word_char_shape_linearsvc,real
qirv1-0166,universities with student-run environmental law organizations,short_circuit,short_circuit,0.8301474738323636,accepted_model_prediction,3.989304999990395,0.0,calibrated_word_char_shape_linearsvc,real
qirv1-0167,recommend medium-sized colleges near a major tech hub for economics reach schools,complex,complex,0.9377540453367713,accepted_model_prediction,4.044770000007247,0.0,calibrated_word_char_shape_linearsvc,real
qirv1-0168,affordable nursing schools in Texas with good job placement,complex,complex,0.9460024665512204,accepted_model_prediction,3.9950949999933982,0.0,calibrated_word_char_shape_linearsvc,real
qirv1-0169,help me compare colleges for entrepreneurship resources based on robust internships and online course options,complex,complex,0.9471035614101858,accepted_model_prediction,4.123499000002084,0.0,calibrated_word_char_shape_linearsvc,real
qirv1-0170,Community college STEM faculty office hours?,medium,short_circuit,0.7894944871040201,short_circuit_safety_escalation,3.9842879999980596,0.0,calibrated_word_char_shape_linearsvc,real
qirv1-0171,how do we position our school against peer institutions on your platform,llm_needed,llm_needed,0.6268055233494928,accepted_model_prediction,4.037789000008729,0.0,calibrated_word_char_shape_linearsvc,real
qirv1-0172,Princeton job placement for biology,medium,medium,0.7967152702536558,accepted_model_prediction,3.997667999996679,0.0,calibrated_word_char_shape_linearsvc,real
qirv1-0173,Community college STEM lab safety training?,short_circuit,short_circuit,0.9293298409763224,accepted_model_prediction,3.981623999990802,0.0,calibrated_word_char_shape_linearsvc,real
qirv1-0174,colleges that accept community college associate degrees,medium,short_circuit,0.785517509460563,short_circuit_safety_escalation,3.9795709999879136,0.0,calibrated_word_char_shape_linearsvc,real
qirv1-0175,which schools offer campus culture and inclusion and allow early application deadlines,medium,short_circuit,0.5561799938207104,short_circuit_safety_escalation,4.027653000008513,0.0,calibrated_word_char_shape_linearsvc,real
qirv1-0176,Grad program funding packages?,short_circuit,short_circuit,0.8186216659875996,accepted_model_prediction,3.9087939999973287,0.0,calibrated_word_char_shape_linearsvc,real
qirv1-0177,colleges where graduates frequently enter community service roles,medium,medium,0.8140208910272789,accepted_model_prediction,4.070388000002367,0.0,calibrated_word_char_shape_linearsvc,real
qirv1-0178,how to build a comprehensive new staff and administrator onboarding program,short_circuit,short_circuit,0.9382334014917434,accepted_model_prediction,4.011640000001648,0.0,calibrated_word_char_shape_linearsvc,real
qirv1-0179,how to train faculty in active learning and inclusive pedagogy,short_circuit,short_circuit,0.8783482579789873,accepted_model_prediction,4.008704999989732,0.0,calibrated_word_char_shape_linearsvc,real
qirv1-0180,elite non coastal universities,complex,complex,0.6205620480717395,accepted_model_prediction,3.918158999994148,0.0,calibrated_word_char_shape_linearsvc,real
qirv1-0181,schools with strong writing culture,llm_needed,llm_needed,0.8699995354001944,accepted_model_prediction,3.9358849999899803,0.0,calibrated_word_char_shape_linearsvc,real
qirv1-0182,Rice University research opportunities,short_circuit,short_circuit,0.9366731332731026,accepted_model_prediction,3.923976999999468,0.0,calibrated_word_char_shape_linearsvc,real
qirv1-0183,how do I advise a student who did their CC online and wants a rural residential experience,llm_needed,llm_needed,0.9847515129586886,accepted_model_prediction,4.2181520000070805,0.0,calibrated_word_char_shape_linearsvc,real
qirv1-0184,create reach target safety list for psychology in California full ride options,llm_needed,llm_needed,0.4937470405770091,accepted_model_prediction,4.052090999991265,0.0,calibrated_word_char_shape_linearsvc,real
qirv1-0185,best colleges for honors seminar quality with robust internships in California,medium,medium,0.8725657988466661,accepted_model_prediction,4.035555999990947,0.0,calibrated_word_char_shape_linearsvc,real
qirv1-0186,which universities cap class sizes early,medium,medium,0.8595255716897702,accepted_model_prediction,3.9612630000078752,0.0,calibrated_word_char_shape_linearsvc,real
qirv1-0187,good colleges for students who want flexibility in pacing,complex,complex,0.8794900507698421,accepted_model_prediction,3.979851000011081,0.0,calibrated_word_char_shape_linearsvc,real
qirv1-0188,edtech founder project CS,complex,complex,0.9262814395840557,accepted_model_prediction,3.9440270000028477,0.0,calibrated_word_char_shape_linearsvc,real
qirv1-0189,rankings for Georgia Tech,short_circuit,short_circuit,0.9218574515147931,accepted_model_prediction,3.956246000001329,0.0,calibrated_word_char_shape_linearsvc,real
qirv1-0190,how to build a more racially and ethnically diverse incoming class,short_circuit,short_circuit,0.851092817868917,accepted_model_prediction,3.9991610000100764,0.0,calibrated_word_char_shape_linearsvc,real
qirv1-0191,good schools if you want to start a startup eventually,medium,medium,0.53346593256581,accepted_model_prediction,3.983497000007219,0.0,calibrated_word_char_shape_linearsvc,real
qirv1-0192,MIT financial aid for out of state,medium,medium,0.943276118138341,accepted_model_prediction,3.962344999990819,0.0,calibrated_word_char_shape_linearsvc,real
qirv1-0193,how to develop a student success technology ecosystem,short_circuit,short_circuit,0.9031915998145323,accepted_model_prediction,4.013361999994913,0.0,calibrated_word_char_shape_linearsvc,real
qirv1-0194,small electrical engineering colleges near Chicago under 30k,complex,complex,0.9504138306183707,accepted_model_prediction,4.001454000004401,0.0,calibrated_word_char_shape_linearsvc,real
qirv1-0195,comp sci gpa reset after transfer?,llm_needed,llm_needed,0.6777731897631938,accepted_model_prediction,4.053421999998363,0.0,calibrated_word_char_shape_linearsvc,real
qirv1-0196,how to conduct an effective sophomore year check-in about college planning,llm_needed,llm_needed,0.6574732005827199,accepted_model_prediction,4.085291000009761,0.0,calibrated_word_char_shape_linearsvc,real
qirv1-0197,how to document and share college counseling resources with students digitally,llm_needed,llm_needed,0.5614358993997206,accepted_model_prediction,4.1283260000000155,0.0,calibrated_word_char_shape_linearsvc,real
qirv1-0198,How can project-based CS labs enhance learning outcomes?,llm_needed,complex,0.41787024411420265,global_low_confidence_escalation,4.102957000000629,0.0,calibrated_word_char_shape_linearsvc,real
qirv1-0199,NYU average SAT,short_circuit,short_circuit,0.8921005995839382,accepted_model_prediction,3.9428750000070067,0.0,calibrated_word_char_shape_linearsvc,real
qirv1-0200,civil eng infrastructure bill demand spike,medium,short_circuit,0.46454726243729416,short_circuit_safety_escalation,3.986913000005643,0.0,calibrated_word_char_shape_linearsvc,real
qirv1-0201,how to advise students who want to transfer from a 4-year to a community college,llm_needed,llm_needed,0.8131156842832145,accepted_model_prediction,3.9956560000007357,0.0,calibrated_word_char_shape_linearsvc,real
qirv1-0202,cheapest architecture schools near a tech hub,medium,medium,0.9674157415450333,accepted_model_prediction,3.9776689999939663,0.0,calibrated_word_char_shape_linearsvc,real
qirv1-0203,engineering programs with strong alumni mentorship networks,medium,short_circuit,0.7102035324770282,short_circuit_safety_escalation,4.051809999992884,0.0,calibrated_word_char_shape_linearsvc,real
qirv1-0204,how to get leadership positions in student clubs,llm_needed,llm_needed,0.5465275218920896,accepted_model_prediction,3.9433959999968238,0.0,calibrated_word_char_shape_linearsvc,real
qirv1-0205,how to evaluate and improve campus climate survey results,short_circuit,short_circuit,0.9069742031996512,accepted_model_prediction,3.9860609999919916,0.0,calibrated_word_char_shape_linearsvc,real
qirv1-0206,University of Florida job placement for engineering,medium,medium,0.8728030902897075,accepted_model_prediction,4.1339749999877995,0.0,calibrated_word_char_shape_linearsvc,real
qirv1-0207,edtech build cs portfolio tool,complex,complex,0.8263258824639207,accepted_model_prediction,3.941693000001578,0.0,calibrated_word_char_shape_linearsvc,real
qirv1-0208,student wants tech career but dislikes coding,complex,complex,0.7098808391232344,accepted_model_prediction,3.9932020000037483,0.0,calibrated_word_char_shape_linearsvc,real
qirv1-0209,how to help a student who is academically capable but unmotivated,llm_needed,llm_needed,0.8735216886273734,accepted_model_prediction,4.03853999999626,0.0,calibrated_word_char_shape_linearsvc,real
qirv1-0210,Purdue vs MIT,complex,complex,0.9502750540614736,accepted_model_prediction,3.91208900001061,0.0,calibrated_word_char_shape_linearsvc,real
qirv1-0211,intl student stem OPT stress,llm_needed,llm_needed,0.8984524812018474,accepted_model_prediction,4.0111090000038985,0.0,calibrated_word_char_shape_linearsvc,real
qirv1-0212,universities with research in sociogenomics,short_circuit,short_circuit,0.9560036502827544,accepted_model_prediction,4.007993000001875,0.0,calibrated_word_char_shape_linearsvc,real
qirv1-0213,cc student lab access low,llm_needed,llm_needed,0.8289388939566537,accepted_model_prediction,3.974143000007757,0.0,calibrated_word_char_shape_linearsvc,real
qirv1-0214,schools with campus ambassador programs,short_circuit,short_circuit,0.9510353292441186,accepted_model_prediction,4.035765999987007,0.0,calibrated_word_char_shape_linearsvc,real
qirv1-0215,schools w strong programs for students intersted in rural journalism or local news,medium,medium,0.943050017256004,accepted_model_prediction,4.049377000001186,0.0,calibrated_word_char_shape_linearsvc,real
qirv1-0216,How can community college students find research opportunities at universities?,llm_needed,llm_needed,0.8488661946509001,accepted_model_prediction,4.029277000000775,0.0,calibrated_word_char_shape_linearsvc,real
qirv1-0217,how does your platform support community college and transfer student pathways,medium,medium,0.5911332349082997,accepted_model_prediction,4.030128000010791,0.0,calibrated_word_char_shape_linearsvc,real
qirv1-0218,how to run effective group advising or workshop sessions,llm_needed,llm_needed,0.6551607158226899,accepted_model_prediction,4.001223000003051,0.0,calibrated_word_char_shape_linearsvc,real
qirv1-0219,how to build a resource library for advisors that includes major and career information,medium,short_circuit,0.7866539947102096,short_circuit_safety_escalation,4.083167999993975,0.0,calibrated_word_char_shape_linearsvc,real
qirv1-0220,University of Washington vs UCLA for business,complex,complex,0.931732578536804,accepted_model_prediction,3.9430350000060344,0.0,calibrated_word_char_shape_linearsvc,real
qirv1-0221,small philosophy colleges in California low tuition,complex,complex,0.8809909525804388,accepted_model_prediction,4.000102000006223,0.0,calibrated_word_char_shape_linearsvc,real
qirv1-0222,colleges near a major tech hub low tuition with strong research and internships,complex,complex,0.939446247857806,accepted_model_prediction,3.9986699999872144,0.0,calibrated_word_char_shape_linearsvc,real
qirv1-0223,what is Phi Beta Kappa and is it worth pursuing,llm_needed,llm_needed,0.798654890904873,accepted_model_prediction,3.9192499999956,0.0,calibrated_word_char_shape_linearsvc,real
qirv1-0224,best practices for running a career advising drop-in,llm_needed,llm_needed,0.5718182349833697,accepted_model_prediction,4.103888999992478,0.0,calibrated_word_char_shape_linearsvc,real
qirv1-0225,how does your platform handle colleges going through accreditation review,medium,medium,0.6998310744723245,accepted_model_prediction,4.023417000013296,0.0,calibrated_word_char_shape_linearsvc,real
qirv1-0226,how to help students communicate with financial aid about appeal or special circumstances,llm_needed,llm_needed,0.7600822968162287,accepted_model_prediction,4.0628069999968375,0.0,calibrated_word_char_shape_linearsvc,real
qirv1-0227,how to help a student who is a strong writer but low test scores decide where to apply,llm_needed,llm_needed,0.9141388491048446,accepted_model_prediction,4.011379000004922,0.0,calibrated_word_char_shape_linearsvc,real
qirv1-0228,which schools offer study abroad options and allow no SAT requirement,short_circuit,short_circuit,0.9003721098537053,accepted_model_prediction,4.16003400000875,0.0,calibrated_word_char_shape_linearsvc,real
qirv1-0229,school profile publishing workflow,medium,medium,0.7667078706017217,accepted_model_prediction,4.304702000013094,0.0,calibrated_word_char_shape_linearsvc,real
qirv1-0230,longitudinal admissions data export,medium,medium,0.6443520780673934,accepted_model_prediction,4.027363999995259,0.0,calibrated_word_char_shape_linearsvc,real
qirv1-0231,cs major building portfolio without internships,llm_needed,llm_needed,0.593041652002491,accepted_model_prediction,3.9934320000014623,0.0,calibrated_word_char_shape_linearsvc,real
qirv1-0232,UC Berkeley vs USC for finance,complex,complex,0.94641832950787,accepted_model_prediction,3.9652800000027355,0.0,calibrated_word_char_shape_linearsvc,real
qirv1-0233,mid sized universities with strong human factors engineering,complex,complex,0.8918407811255623,accepted_model_prediction,4.03841000000682,0.0,calibrated_word_char_shape_linearsvc,real
qirv1-0234,what tools are available to advisors for tracking student academic progress,medium,short_circuit,0.527584934359053,short_circuit_safety_escalation,4.444273000004273,0.0,calibrated_word_char_shape_linearsvc,real
qirv1-0235,visibility in recommendation engine,medium,medium,0.6764279860577345,accepted_model_prediction,4.004178000002412,0.0,calibrated_word_char_shape_linearsvc,real
qirv1-0236,schools with strong programs for students who grew up abroad or are third culture kids,llm_needed,llm_needed,0.6646669571543433,accepted_model_prediction,4.047634000002631,0.0,calibrated_word_char_shape_linearsvc,real
qirv1-0237,can I take grad-level classes as an undergrad,llm_needed,short_circuit,0.4417060530806549,global_low_confidence_escalation,4.057557999999517,0.0,calibrated_word_char_shape_linearsvc,real
qirv1-0238,affordable architecture schools in Texas with good internships,complex,complex,0.9393740816085895,accepted_model_prediction,4.013151999998854,0.0,calibrated_word_char_shape_linearsvc,real
qirv1-0239,does wake forest track student progress well,medium,short_circuit,0.7676954879434819,short_circuit_safety_escalation,4.006411000005983,0.0,calibrated_word_char_shape_linearsvc,real
qirv1-0240,universities that train graduates for local government leadership roles,medium,medium,0.7535832784538098,accepted_model_prediction,4.080573999999615,0.0,calibrated_word_char_shape_linearsvc,real
qirv1-0241,recommend small colleges near Chicago for psychology,complex,complex,0.965721747682576,accepted_model_prediction,4.09072899999785,0.0,calibrated_word_char_shape_linearsvc,real
qirv1-0242,engineering schools with 4 year graduation guarantee,llm_needed,medium,0.3886281303777748,global_low_confidence_escalation,4.001514000009365,0.0,calibrated_word_char_shape_linearsvc,real
qirv1-0243,Columbia chill campus,llm_needed,llm_needed,0.8994477514715347,accepted_model_prediction,3.926079999999388,0.0,calibrated_word_char_shape_linearsvc,real
qirv1-0244,colleges where students often study multiple fields by graduation,medium,medium,0.7078230265894399,accepted_model_prediction,4.007473000001482,0.0,calibrated_word_char_shape_linearsvc,real
qirv1-0245,what is college access work and how does it differ from traditional counseling,medium,medium,0.4537489888939444,accepted_model_prediction,4.015956000003484,0.0,calibrated_word_char_shape_linearsvc,real
qirv1-0246,what college rankings actually matter and what are misleading,llm_needed,llm_needed,0.8386770349054743,accepted_model_prediction,3.980491999996616,0.0,calibrated_word_char_shape_linearsvc,real
qirv1-0247,marketing collaborative eng culture better,llm_needed,llm_needed,0.8511715745663726,accepted_model_prediction,4.094023999996921,0.0,calibrated_word_char_shape_linearsvc,real
qirv1-0248,colleges near Chicago good financial aid with strong research and internships,complex,complex,0.9539912182170948,accepted_model_prediction,4.025108999996974,0.0,calibrated_word_char_shape_linearsvc,real
qirv1-0249,how to build institutional capacity for trauma-informed student services,short_circuit,short_circuit,0.9090687503279972,accepted_model_prediction,4.044129000007501,0.0,calibrated_word_char_shape_linearsvc,real
qirv1-0250,top public universities for tech jobs,medium,medium,0.9385864876343749,accepted_model_prediction,4.036357000003932,0.0,calibrated_word_char_shape_linearsvc,real
qirv1-0251,does University of Maryland have political science,short_circuit,short_circuit,0.8997864843622946,accepted_model_prediction,4.035896000004868,0.0,calibrated_word_char_shape_linearsvc,real
qirv1-0252,do college rankings matter when you plan to work internationally after graduating,llm_needed,llm_needed,0.6420736152900816,accepted_model_prediction,4.215737999999192,0.0,calibrated_word_char_shape_linearsvc,real
qirv1-0253,improve student match quality,medium,short_circuit,0.6338426035323758,short_circuit_safety_escalation,3.9708780000040633,0.0,calibrated_word_char_shape_linearsvc,real
qirv1-0254,Boston University admissions profile average sat and gpa,llm_needed,complex,0.42161550277941107,global_low_confidence_escalation,4.0005720000095835,0.0,calibrated_word_char_shape_linearsvc,real
qirv1-0255,campuses with strong diversity in stem,llm_needed,complex,0.43126652635313095,global_low_confidence_escalation,3.9859510000042064,0.0,calibrated_word_char_shape_linearsvc,real
qirv1-0256,analytics for admissions funnel,complex,complex,0.6159427546988151,accepted_model_prediction,3.960321999997518,0.0,calibrated_word_char_shape_linearsvc,real
qirv1-0257,colleges in old mill towns or historic small cities,medium,medium,0.9360565876125607,accepted_model_prediction,4.168395999997188,0.0,calibrated_word_char_shape_linearsvc,real
qirv1-0258,good schools if i like problem solving more than coding,complex,complex,0.45389229431667527,accepted_model_prediction,4.056696999995779,0.0,calibrated_word_char_shape_linearsvc,real
qirv1-0259,Carnegie Mellon financial aid for out of state,medium,medium,0.914078568843887,accepted_model_prediction,3.964318000001299,0.0,calibrated_word_char_shape_linearsvc,real
qirv1-0260,Are there programs for community college students to shadow professionals in their field?,llm_needed,llm_needed,0.8929445659221206,accepted_model_prediction,4.2417869999979985,0.0,calibrated_word_char_shape_linearsvc,real
qirv1-0261,schools with zero homework classes,medium,short_circuit,0.5453476728452454,short_circuit_safety_escalation,3.9866920000122263,0.0,calibrated_word_char_shape_linearsvc,real
qirv1-0262,how to respond to external rankings and their impact on institutional reputation,llm_needed,llm_needed,0.5497258953086693,accepted_model_prediction,4.105430999999271,0.0,calibrated_word_char_shape_linearsvc,real
qirv1-0263,data sci grads stats light,llm_needed,llm_needed,0.7581968904729196,accepted_model_prediction,3.9781790000006367,0.0,calibrated_word_char_shape_linearsvc,real
qirv1-0264,NYU vs Columbia business,complex,complex,0.9647258364923577,accepted_model_prediction,3.9333609999943064,0.0,calibrated_word_char_shape_linearsvc,real
qirv1-0265,schools like Vanderbilt but cheaper,complex,complex,0.9722490845268598,accepted_model_prediction,3.9479229999983545,0.0,calibrated_word_char_shape_linearsvc,real
qirv1-0266,colleges with actual roller coasters nearby,medium,medium,0.8273242029105247,accepted_model_prediction,3.952380000001199,0.0,calibrated_word_char_shape_linearsvc,real
qirv1-0267,good school not scary,complex,complex,0.7062636801001104,accepted_model_prediction,3.8772460000018327,0.0,calibrated_word_char_shape_linearsvc,real
qirv1-0268,schools that prepare future teachers with strong trauma informed approaches,medium,medium,0.8686055574446417,accepted_model_prediction,4.048765000007393,0.0,calibrated_word_char_shape_linearsvc,real
qirv1-0269,melt eng admits stop,complex,complex,0.45731050795081635,accepted_model_prediction,3.9021449999978586,0.0,calibrated_word_char_shape_linearsvc,real
qirv1-0270,is UT Austin good for cs,llm_needed,llm_needed,0.3891404782399372,global_low_confidence_escalation,3.900681999994049,0.0,calibrated_word_char_shape_linearsvc,real
qirv1-0271,selectivity vs acceptance rate,complex,complex,0.9134228643166743,accepted_model_prediction,3.9086139999966463,0.0,calibrated_word_char_shape_linearsvc,real
qirv1-0272,cc hist course night?,llm_needed,llm_needed,0.8612073841793716,accepted_model_prediction,3.9507180000128983,0.0,calibrated_word_char_shape_linearsvc,real
qirv1-0273,Boston University tuition vs MIT tuition,complex,complex,0.9401459517857734,accepted_model_prediction,3.9435869999948636,0.0,calibrated_word_char_shape_linearsvc,real
qirv1-0274,how to write effective advising case notes and summaries,llm_needed,llm_needed,0.6052632962257747,accepted_model_prediction,4.0198220000036144,0.0,calibrated_word_char_shape_linearsvc,real
qirv1-0275,NYU tuition vs Caltech tuition,complex,complex,0.9554946379368007,accepted_model_prediction,4.115226000010352,0.0,calibrated_word_char_shape_linearsvc,real
qirv1-0276,iowa state vs kansas state,complex,complex,0.9273141275140301,accepted_model_prediction,4.0906890000087515,0.0,calibrated_word_char_shape_linearsvc,real
qirv1-0277,schools with active student government,short_circuit,short_circuit,0.9257235871691023,accepted_model_prediction,4.018430000002127,0.0,calibrated_word_char_shape_linearsvc,real
qirv1-0278,does your platform allow us to run surveys of students who viewed our profile,llm_needed,llm_needed,0.6179891075917029,accepted_model_prediction,4.1458620000014434,0.0,calibrated_word_char_shape_linearsvc,real
qirv1-0279,medium-sized economics colleges near the beach under 20k,complex,complex,0.9499066055563383,accepted_model_prediction,4.0495359999965785,0.0,calibrated_word_char_shape_linearsvc,real
qirv1-0280,colleges with strong cognitive science + philosophy programs,medium,medium,0.5206014104173465,accepted_model_prediction,4.064378999999008,0.0,calibrated_word_char_shape_linearsvc,real
qirv1-0281,unis w big hackathon culture,llm_needed,llm_needed,0.4943352277721797,accepted_model_prediction,3.998049000003334,0.0,calibrated_word_char_shape_linearsvc,real
qirv1-0282,how to advise students about apprenticeship programs as alternatives to traditional degrees,medium,short_circuit,0.5186456903396849,short_circuit_safety_escalation,4.13365400000032,0.0,calibrated_word_char_shape_linearsvc,real
qirv1-0283,universities with strong electrical engineering,medium,medium,0.7639544089124403,accepted_model_prediction,4.022755999997685,0.0,calibrated_word_char_shape_linearsvc,real
qirv1-0284,advising student intrested aerospace + physics overlap,llm_needed,llm_needed,0.7038990036490277,accepted_model_prediction,4.024078000000486,0.0,calibrated_word_char_shape_linearsvc,real
qirv1-0285,schools in west virginia,medium,medium,0.9321496711368041,accepted_model_prediction,3.9311879999957,0.0,calibrated_word_char_shape_linearsvc,real
qirv1-0286,wisconsin vs minnesota alumni outcomes,complex,complex,0.9401820338574182,accepted_model_prediction,3.97657700000309,0.0,calibrated_word_char_shape_linearsvc,real
qirv1-0287,universities with peer-led tutoring programs,short_circuit,short_circuit,0.9412466863182254,accepted_model_prediction,3.9443480000045383,0.0,calibrated_word_char_shape_linearsvc,real
qirv1-0288,how to build an accelerated degree pathway for high-performing students,medium,short_circuit,0.7018969873788561,short_circuit_safety_escalation,4.074664999990318,0.0,calibrated_word_char_shape_linearsvc,real
qirv1-0289,Caltech tuition vs Cornell tuition,complex,complex,0.9477714298479526,accepted_model_prediction,3.9538630000066632,0.0,calibrated_word_char_shape_linearsvc,real
qirv1-0290,University of Michigan vs Purdue for nursing,complex,complex,0.9220558035985755,accepted_model_prediction,3.955115000010778,0.0,calibrated_word_char_shape_linearsvc,real
qirv1-0291,schools with strong industrial engineering programs,medium,medium,0.5490418948419334,accepted_model_prediction,3.980071000000862,0.0,calibrated_word_char_shape_linearsvc,real
qirv1-0292,what is the nearest airport to schools in really remote locations,medium,medium,0.6381285496883143,accepted_model_prediction,4.021314000013376,0.0,calibrated_word_char_shape_linearsvc,real
qirv1-0293,schools with collaborative culture,llm_needed,llm_needed,0.6976451304081209,accepted_model_prediction,3.9852790000054483,0.0,calibrated_word_char_shape_linearsvc,real
qirv1-0294,colleges with military veteran tuition benefits,short_circuit,short_circuit,0.8528760402880259,accepted_model_prediction,3.9935020000001487,0.0,calibrated_word_char_shape_linearsvc,real
qirv1-0295,regional hiring concentration effects,complex,complex,0.6853408157916708,accepted_model_prediction,3.997687999998334,0.0,calibrated_word_char_shape_linearsvc,real
qirv1-0296,how to implement intrusive advising to support struggling students,medium,short_circuit,0.47764482622538235,short_circuit_safety_escalation,4.04210599999999,0.0,calibrated_word_char_shape_linearsvc,real
qirv1-0297,medium-sized nursing colleges in Texas low tuition,complex,complex,0.9396018818964725,accepted_model_prediction,4.133203000009189,0.0,calibrated_word_char_shape_linearsvc,real
qirv1-0298,millersville vs kutztown,complex,complex,0.9732380370177389,accepted_model_prediction,4.219763999998349,0.0,calibrated_word_char_shape_linearsvc,real
qirv1-0299,schools with cooperative education programs and top accounting majors,medium,medium,0.5914666958138116,accepted_model_prediction,4.087414000011336,0.0,calibrated_word_char_shape_linearsvc,real
qirv1-0300,universities with high numbers of NSF fellowship winners,medium,short_circuit,0.68235573866827,short_circuit_safety_escalation,4.038420000000542,0.0,calibrated_word_char_shape_linearsvc,real
