query_id,query_text,review_route,review_notes,review_confidence,original_reviewer,final_route,disposition,closeout_rationale,closeout_label_source
fab35bd36da502da,eng shortage 2035 region,complex,Predicting long-term workforce regional changes introduces structural processing complexities.,context-dependent,Nimisha Sambhaktula,,deferred_context,Retain outside supervised training: reviewer identified missing context.,assistant_policy_review_2026-09-29
cdae540549cd506b,gov analyst AI grads shortage,complex,Long-range technical labor pool forecasts map natively to complex multi-layered evaluations.,context-dependent,Nimisha Sambhaktula,,deferred_context,Retain outside supervised training: reviewer identified missing context.,assistant_policy_review_2026-09-29
59532831b1cbd7c2,gov analyst civil eng infra jobs,complex,Assessing infrastructure policy timelines requires layered domain logic typical of a complex route.,context-dependent,Nimisha Sambhaktula,,deferred_context,Retain outside supervised training: reviewer identified missing context.,assistant_policy_review_2026-09-29
04ba2ebc49ea9615,gov analyst civil infra bill 2030,complex,Projecting the impacts of a specific legislative timeframe introduces macro-environmental factors that demand complex processing.,context-dependent,Nimisha Sambhaktula,,deferred_context,Retain outside supervised training: reviewer identified missing context.,assistant_policy_review_2026-09-29
906ac5c3c8779b76,gov analyst cs grad shortage,complex,Technical workforce deficiency projections involve complicated labor tracking metrics suited for a complex pipeline strategy.,context-dependent,Nimisha Sambhaktula,,deferred_context,Retain outside supervised training: reviewer identified missing context.,assistant_policy_review_2026-09-29
edc7c566894074c7,gov analyst cs shortage midwest,complex,Regional labor market constraints add geographic layers that require complex query handling.,context-dependent,Nimisha Sambhaktula,,deferred_context,Retain outside supervised training: reviewer identified missing context.,assistant_policy_review_2026-09-29
2ea9ecea199712f8,gov analyst data sci oversupply,complex,Tracking specialist talent saturation time horizons relies on highly multi-variable parameter modeling.,context-dependent,Nimisha Sambhaktula,,deferred_context,Retain outside supervised training: reviewer identified missing context.,assistant_policy_review_2026-09-29
b234c908234920d4,gov analyst eng jobs gap,complex,Broader systemic labor gap analysis requires a structural macro-level parsing methodology.,context-dependent,Nimisha Sambhaktula,,deferred_context,Retain outside supervised training: reviewer identified missing context.,assistant_policy_review_2026-09-29
de7376d1e5db7520,gov analyst eng shortage region,complex,Pinpointing changing local shortages warrants a more comprehensive processing strategy.,context-dependent,Nimisha Sambhaktula,,deferred_context,Retain outside supervised training: reviewer identified missing context.,assistant_policy_review_2026-09-29
1384f241d7a11133,regional eng grad shortage 2035,complex,Future regional graduation metrics call for multi-constraint modeling rules.,context-dependent,Nimisha Sambhaktula,,deferred_context,Retain outside supervised training: reviewer identified missing context.,assistant_policy_review_2026-09-29
