query_id,query_text,query_norm,resolved_route,resolution_method,resolution_confidence,resolution_note,suggested_route,suggested_confidence,row_count,observed_routes,observed_valid_routes,observed_pipeline_routes,canonical_intent,persona_hint,observed_intents,observed_personas,source_files,source_rows
df6069c769012cd5,affordable pre-med schools near Chicago with good job placement,affordable pre-med schools near chicago with good job placement,complex,intent_policy,0.98,Recognized intents consistently map to one frozen V1 route,,0.0,2,complex:1|medium:1,complex:1|medium:1,,multi_constraint,high_school_student,multi_constraint:2,high_school_student:2,Data - Shivansh.csv,Data - Shivansh.csv:2114|Data - Shivansh.csv:2389
73a1b493bf8766aa,api access for college partners,api access for college partners,medium,manual_override,1.0,Direct B2B product or integration request,,0.0,171,complex:2|llm_needed:120|medium:46|short_circuit:3,complex:2|llm_needed:120|medium:46|short_circuit:3,,b2b_partnership,college_b2b,b2b_partnership:170|campus_life_fit:1,advisor:9|college_b2b:126|college_student:7|counselor_teacher:12|high_school_student:4|parent:13,Data - Shivansh.csv,Data - Shivansh.csv:25|Data - Shivansh.csv:70|Data - Shivansh.csv:220|Data - Shivansh.csv:223|Data - Shivansh.csv:408|Data - Shivansh.csv:449|Data - Shivansh.csv:522|Data - Shivansh.csv:530|Data - Shivansh.csv:1047|Data - Shivansh.csv:1087|Data - Shivansh.csv:1349|Data - Shivansh.csv:1574|Data - Shivansh.csv:1599|Data - Shivansh.csv:1729|Data - Shivansh.csv:1744|Data - Shivansh.csv:1770|Data - Shivansh.csv:1779|Data - Shivansh.csv:1800|Data - Shivansh.csv:1830|Data - Shivansh.csv:1840|Data - Shivansh.csv:1844|Data - Shivansh.csv:1857|Data - Shivansh.csv:1890|Data - Shivansh.csv:1913|Data - Shivansh.csv:1918|Data - Shivansh.csv:1938|Data - Shivansh.csv:1941|Data - Shivansh.csv:1957|Data - Shivansh.csv:1965|Data - Shivansh.csv:2016|Data - Shivansh.csv:2060|Data - Shivansh.csv:2069|Data - Shivansh.csv:2094|Data - Shivansh.csv:2129|Data - Shivansh.csv:2140|Data - Shivansh.csv:2175|Data - Shivansh.csv:2187|Data - Shivansh.csv:2228|Data - Shivansh.csv:2247|Data - Shivansh.csv:2271|Data - Shivansh.csv:2273|Data - Shivansh.csv:2285|Data - Shivansh.csv:2288|Data - Shivansh.csv:2293|Data - Shivansh.csv:2300|Data - Shivansh.csv:2304|Data - Shivansh.csv:2321|Data - Shivansh.csv:2331|Data - Shivansh.csv:2345|Data - Shivansh.csv:2371|Data - Shivansh.csv:2413|Data - Shivansh.csv:2416|Data - Shivansh.csv:2442|Data - Shivansh.csv:2460|Data - Shivansh.csv:2503|Data - Shivansh.csv:2505|Data - Shivansh.csv:2553|Data - Shivansh.csv:2561|Data - Shivansh.csv:2570|Data - Shivansh.csv:2572|Data - Shivansh.csv:2573|Data - Shivansh.csv:2590|Data - Shivansh.csv:2592|Data - Shivansh.csv:2617|Data - Shivansh.csv:2622|Data - Shivansh.csv:2643|Data - Shivansh.csv:2677|Data - Shivansh.csv:2693|Data - Shivansh.csv:2715|Data - Shivansh.csv:2733|Data - Shivansh.csv:2740|Data - Shivansh.csv:2777|Data - Shivansh.csv:2827|Data - Shivansh.csv:2866|Data - Shivansh.csv:2886|Data - Shivansh.csv:2907|Data - Shivansh.csv:2915|Data - Shivansh.csv:2948|Data - Shivansh.csv:2958|Data - Shivansh.csv:3034|Data - Shivansh.csv:3035|Data - Shivansh.csv:3054|Data - Shivansh.csv:3074|Data - Shivansh.csv:3085|Data - Shivansh.csv:3095|Data - Shivansh.csv:3115|Data - Shivansh.csv:3128|Data - Shivansh.csv:3132|Data - Shivansh.csv:3135|Data - Shivansh.csv:3151|Data - Shivansh.csv:3167|Data - Shivansh.csv:3179|Data - Shivansh.csv:3194|Data - Shivansh.csv:3227|Data - Shivansh.csv:3245|Data - Shivansh.csv:3274|Data - Shivansh.csv:3285|Data - Shivansh.csv:3318|Data - Shivansh.csv:3367|Data - Shivansh.csv:3384|Data - Shivansh.csv:3390|Data - Shivansh.csv:3392|Data - Shivansh.csv:3406|Data - Shivansh.csv:3413|Data - Shivansh.csv:3444|Data - Shivansh.csv:3461|Data - Shivansh.csv:3482|Data - Shivansh.csv:3488|Data - Shivansh.csv:3530|Data - Shivansh.csv:3537|Data - Shivansh.csv:3564|Data - Shivansh.csv:3569|Data - Shivansh.csv:3574|Data - Shivansh.csv:3580|Data - Shivansh.csv:3591|Data - Shivansh.csv:3617|Data - Shivansh.csv:3636|Data - Shivansh.csv:3647|Data - Shivansh.csv:3660|Data - Shivansh.csv:3683|Data - Shivansh.csv:3687|Data - Shivansh.csv:3702|Data - Shivansh.csv:3709|Data - Shivansh.csv:3712|Data - Shivansh.csv:3728|Data - Shivansh.csv:3730|Data - Shivansh.csv:3752|Data - Shivansh.csv:3786|Data - Shivansh.csv:3791|Data - Shivansh.csv:3798|Data - Shivansh.csv:3807|Data - Shivansh.csv:3816|Data - Shivansh.csv:3820|Data - Shivansh.csv:3866|Data - Shivansh.csv:3869|Data - Shivansh.csv:3892|Data - Shivansh.csv:3930|Data - Shivansh.csv:3934|Data - Shivansh.csv:3946|Data - Shivansh.csv:4015|Data - Shivansh.csv:4100|Data - Shivansh.csv:4112|Data - Shivansh.csv:4116|Data - Shivansh.csv:4119|Data - Shivansh.csv:4121|Data - Shivansh.csv:4125|Data - Shivansh.csv:4134|Data - Shivansh.csv:4142|Data - Shivansh.csv:4152|Data - Shivansh.csv:4174|Data - Shivansh.csv:4175|Data - Shivansh.csv:4198|Data - Shivansh.csv:4233|Data - Shivansh.csv:4253|Data - Shivansh.csv:4265|Data - Shivansh.csv:4267|Data - Shivansh.csv:4268|Data - Shivansh.csv:4321|Data - Shivansh.csv:4324|Data - Shivansh.csv:4334|Data - Shivansh.csv:4335|Data - Shivansh.csv:4344|Data - Shivansh.csv:4403|Data - Shivansh.csv:4416|Data - Shivansh.csv:4421|Data - Shivansh.csv:4424|Data - Shivansh.csv:4453|Data - Shivansh.csv:4460|Data - Shivansh.csv:4463|Data - Shivansh.csv:4470|Data - Shivansh.csv:4488
7dddbda280d9a36b,Arizona State housing guarantee,arizona state housing guarantee,,manual_review,0.0,"Evidence was tied, weak, missing, or internally inconsistent",complex,0.5,4,complex:2|medium:1|short_circuit:1,complex:2|medium:1|short_circuit:1,,exact_lookup,parent,career_outcomes:1|comparison:1|exact_lookup:1|recommendation:1,parent:4,Data - Shivansh.csv,Data - Shivansh.csv:189|Data - Shivansh.csv:244|Data - Shivansh.csv:935|Data - Shivansh.csv:981
182644d7d9a8567b,best architecture schools on the East Coast,best architecture schools on the east coast,medium,intent_policy,0.98,Recognized intents consistently map to one frozen V1 route,,0.0,2,llm_needed:1|medium:1,llm_needed:1|medium:1,,filtered_search,high_school_student,filtered_search:2,high_school_student:2,Data - Shivansh.csv,Data - Shivansh.csv:662|Data - Shivansh.csv:1452
2a793e62356c0d40,best colleges for aerospace engineering job outcomes,best colleges for aerospace engineering job outcomes,medium,intent_policy,0.98,Recognized intents consistently map to one frozen V1 route,,0.0,5,llm_needed:2|medium:3,llm_needed:2|medium:3,,career_outcomes,parent,career_outcomes:5,advisor:1|college_student:1|high_school_student:1|parent:2,Data - Shivansh.csv,Data - Shivansh.csv:35|Data - Shivansh.csv:168|Data - Shivansh.csv:597|Data - Shivansh.csv:1004|Data - Shivansh.csv:4195
bc09814389d1c4cf,best colleges for computer science job outcomes,best colleges for computer science job outcomes,medium,intent_policy,0.98,Recognized intents consistently map to one frozen V1 route,,0.0,6,medium:5|short_circuit:1,medium:5|short_circuit:1,,career_outcomes,counselor_teacher,career_outcomes:6,advisor:1|college_student:1|counselor_teacher:2|high_school_student:1|parent:1,Data - Shivansh.csv,Data - Shivansh.csv:241|Data - Shivansh.csv:701|Data - Shivansh.csv:1169|Data - Shivansh.csv:3004|Data - Shivansh.csv:4078|Data - Shivansh.csv:4141
2764952501728792,best colleges for mechanical engineering job outcomes,best colleges for mechanical engineering job outcomes,medium,intent_policy,0.98,Recognized intents consistently map to one frozen V1 route,,0.0,9,llm_needed:1|medium:8,llm_needed:1|medium:8,,career_outcomes,high_school_student,career_outcomes:9,advisor:1|college_student:1|counselor_teacher:3|high_school_student:3|parent:1,Data - Shivansh.csv,Data - Shivansh.csv:11|Data - Shivansh.csv:249|Data - Shivansh.csv:354|Data - Shivansh.csv:631|Data - Shivansh.csv:1883|Data - Shivansh.csv:2846|Data - Shivansh.csv:2925|Data - Shivansh.csv:3252|Data - Shivansh.csv:4244
8d1b95fffabcfada,best colleges for psychology job outcomes,best colleges for psychology job outcomes,complex,manual_override,1.0,Ranking and recommendation using outcome data,,0.0,13,complex:1|medium:12,complex:1|medium:12,,career_outcomes,parent,career_outcomes:13,advisor:3|college_student:3|counselor_teacher:2|parent:5,Data - Shivansh.csv,Data - Shivansh.csv:413|Data - Shivansh.csv:722|Data - Shivansh.csv:1431|Data - Shivansh.csv:1473|Data - Shivansh.csv:2176|Data - Shivansh.csv:2243|Data - Shivansh.csv:2506|Data - Shivansh.csv:2559|Data - Shivansh.csv:2744|Data - Shivansh.csv:3244|Data - Shivansh.csv:3523|Data - Shivansh.csv:4154|Data - Shivansh.csv:4261
2c846bda509d7d12,boston university,boston university,short_circuit,intent_policy,0.98,Recognized intents consistently map to one frozen V1 route,,0.0,5,llm_needed:1|short_circuit:4,llm_needed:1|short_circuit:4,short_circuit:1,exact_lookup,counselor_teacher,exact_lookup:5,advisor:1|college_student:1|counselor_teacher:2|parent:1,Data - Anika.csv|Data - Shivansh.csv,Data - Anika.csv:142|Data - Shivansh.csv:106|Data - Shivansh.csv:1039|Data - Shivansh.csv:2113|Data - Shivansh.csv:2133
9cfac4e4df3fb3a0,Boston University housing guarantee,boston university housing guarantee,,manual_review,0.0,"Evidence was tied, weak, missing, or internally inconsistent",complex,0.357143,7,complex:3|llm_needed:1|medium:1|short_circuit:2,complex:3|llm_needed:1|medium:1|short_circuit:2,,attribute_lookup,parent,admissions_process:1|attribute_lookup:2|b2b_partnership:1|campus_life_fit:1|comparison:1|recommendation:1,parent:7,Data - Shivansh.csv,Data - Shivansh.csv:158|Data - Shivansh.csv:412|Data - Shivansh.csv:571|Data - Shivansh.csv:803|Data - Shivansh.csv:904|Data - Shivansh.csv:1092|Data - Shivansh.csv:2367
33bdbb13eba5de92,Boston University non-competitive culture,boston university non-competitive culture,llm_needed,intent_policy,0.98,Recognized intents consistently map to one frozen V1 route,,0.0,2,llm_needed:1|short_circuit:1,llm_needed:1|short_circuit:1,,campus_life_fit,counselor_teacher,campus_life_fit:2,college_student:1|counselor_teacher:1,Data - Shivansh.csv,Data - Shivansh.csv:366|Data - Shivansh.csv:1893
5eb67f9f8409b9c3,brown,brown,short_circuit,manual_override,1.0,Exact school lookup,,0.0,16,complex:1|llm_needed:1|short_circuit:14,complex:1|llm_needed:1|short_circuit:14,,exact_lookup,advisor,exact_lookup:16,advisor:5|college_student:2|counselor_teacher:1|high_school_student:3|parent:5,Data - Shivansh.csv,Data - Shivansh.csv:191|Data - Shivansh.csv:423|Data - Shivansh.csv:427|Data - Shivansh.csv:484|Data - Shivansh.csv:540|Data - Shivansh.csv:646|Data - Shivansh.csv:1274|Data - Shivansh.csv:2588|Data - Shivansh.csv:2933|Data - Shivansh.csv:3206|Data - Shivansh.csv:3528|Data - Shivansh.csv:3861|Data - Shivansh.csv:3885|Data - Shivansh.csv:4222|Data - Shivansh.csv:4327|Data - Shivansh.csv:4370
b023b79af85bfcd6,Brown housing guarantee,brown housing guarantee,,manual_review,0.0,"Evidence was tied, weak, missing, or internally inconsistent",medium,0.5,2,complex:1|medium:1,complex:1|medium:1,,filtered_search,parent,filtered_search:1|recommendation:1,parent:2,Data - Shivansh.csv,Data - Shivansh.csv:736|Data - Shivansh.csv:1620
f7b296a0fa98a46d,Caltech admissions profile average sat and gpa,caltech admissions profile average sat and gpa,,manual_review,0.0,"Evidence was tied, weak, missing, or internally inconsistent",complex,0.5,2,complex:1|medium:1,complex:1|medium:1,,multi_constraint,counselor_teacher,admissions_process:1|multi_constraint:1,counselor_teacher:2,Data - Shivansh.csv,Data - Shivansh.csv:233|Data - Shivansh.csv:1588
fd5776946f1fdbe8,Caltech financial aid,caltech financial aid,,manual_review,0.0,"Evidence was tied, weak, missing, or internally inconsistent",short_circuit,0.5,3,medium:2|short_circuit:1,medium:2|short_circuit:1,,attribute_lookup,college_student,attribute_lookup:2|cost_financial_aid:1,college_student:1|counselor_teacher:1|parent:1,Data - Shivansh.csv,Data - Shivansh.csv:1654|Data - Shivansh.csv:2610|Data - Shivansh.csv:3365
df8f40e9a8ca703c,Caltech housing guarantee,caltech housing guarantee,,manual_review,0.0,"Evidence was tied, weak, missing, or internally inconsistent",medium,0.5,2,medium:1|short_circuit:1,medium:1|short_circuit:1,,admissions_process,parent,admissions_process:1|attribute_lookup:1,parent:2,Data - Shivansh.csv,Data - Shivansh.csv:583|Data - Shivansh.csv:973
579df1f1988556b6,Caltech rankings,caltech rankings,short_circuit,intent_policy,0.98,Recognized intents consistently map to one frozen V1 route,,0.0,3,medium:2|short_circuit:1,medium:2|short_circuit:1,,attribute_lookup,advisor,attribute_lookup:3,advisor:1|college_student:1|counselor_teacher:1,Data - Shivansh.csv,Data - Shivansh.csv:1942|Data - Shivansh.csv:3396|Data - Shivansh.csv:4203
d96a08168d04e73a,Caltech scholarships,caltech scholarships,medium,intent_policy,0.98,Recognized intents consistently map to one frozen V1 route,,0.0,3,complex:1|medium:2,complex:1|medium:2,,cost_financial_aid,college_student,cost_financial_aid:3,college_student:2|counselor_teacher:1,Data - Shivansh.csv,Data - Shivansh.csv:374|Data - Shivansh.csv:2036|Data - Shivansh.csv:3037
0eadd9e476799266,Carnegie Mellon admissions profile average sat and gpa,carnegie mellon admissions profile average sat and gpa,,manual_review,0.0,"Evidence was tied, weak, missing, or internally inconsistent",short_circuit,0.333333,3,complex:1|medium:1|short_circuit:1,complex:1|medium:1|short_circuit:1,,attribute_lookup,counselor_teacher,attribute_lookup:1|b2b_partnership:1|rewrite_needed:1,counselor_teacher:3,Data - Shivansh.csv,Data - Shivansh.csv:235|Data - Shivansh.csv:1236|Data - Shivansh.csv:1263
9dbce4d7ae8d6f56,cheapest data science schools in California,cheapest data science schools in california,medium,intent_policy,0.98,Recognized intents consistently map to one frozen V1 route,,0.0,2,complex:1|medium:1,complex:1|medium:1,,cost_financial_aid,high_school_student,cost_financial_aid:2,college_student:1|high_school_student:1,Data - Shivansh.csv,Data - Shivansh.csv:1623|Data - Shivansh.csv:4423
8a29c5363bc3b4ff,cheapest nursing schools near the beach,cheapest nursing schools near the beach,medium,intent_policy,0.98,Recognized intents consistently map to one frozen V1 route,,0.0,2,complex:1|medium:1,complex:1|medium:1,,cost_financial_aid,advisor,cost_financial_aid:2,advisor:1|college_student:1,Data - Shivansh.csv,Data - Shivansh.csv:2109|Data - Shivansh.csv:3762
ad2a83ec5ff9166b,colleges in California,colleges in california,medium,manual_override,1.0,Single location filter,,0.0,15,complex:1|llm_needed:1|medium:13,complex:1|llm_needed:1|medium:13,,filtered_search,counselor_teacher,filtered_search:15,advisor:4|college_student:2|counselor_teacher:6|high_school_student:2|parent:1,Data - Shivansh.csv|Data Anthony.csv,Data - Shivansh.csv:199|Data - Shivansh.csv:224|Data - Shivansh.csv:470|Data - Shivansh.csv:1103|Data - Shivansh.csv:1303|Data - Shivansh.csv:1734|Data - Shivansh.csv:2199|Data - Shivansh.csv:2275|Data - Shivansh.csv:2327|Data - Shivansh.csv:2415|Data - Shivansh.csv:2458|Data - Shivansh.csv:3055|Data - Shivansh.csv:3907|Data - Shivansh.csv:4484|Data Anthony.csv:42
7a301c16bc666802,colleges in California full ride options with strong research and internships,colleges in california full ride options with strong research and internships,complex,intent_policy,0.98,Recognized intents consistently map to one frozen V1 route,,0.0,2,complex:1|llm_needed:1,complex:1|llm_needed:1,,multi_constraint,high_school_student,multi_constraint:2,counselor_teacher:1|high_school_student:1,Data - Shivansh.csv,Data - Shivansh.csv:539|Data - Shivansh.csv:828
c1673429b44793fb,colleges in Texas,colleges in texas,medium,manual_override,1.0,Single location filter,,0.0,14,complex:1|medium:13,complex:1|medium:13,medium:1,filtered_search,advisor,filtered_search:14,advisor:6|college_student:4|counselor_teacher:2|parent:2,Data - Anika.csv|Data - Shivansh.csv,Data - Anika.csv:33|Data - Shivansh.csv:598|Data - Shivansh.csv:817|Data - Shivansh.csv:950|Data - Shivansh.csv:1705|Data - Shivansh.csv:2749|Data - Shivansh.csv:2828|Data - Shivansh.csv:2893|Data - Shivansh.csv:3067|Data - Shivansh.csv:3083|Data - Shivansh.csv:3495|Data - Shivansh.csv:4050|Data - Shivansh.csv:4215|Data - Shivansh.csv:4384
eb4cdf040312562a,colleges in warm states,colleges in warm states,medium,manual_override,1.0,Location filter with modest semantic interpretation,,0.0,12,llm_needed:1|medium:11,llm_needed:1|medium:11,,filtered_search,counselor_teacher,filtered_search:12,advisor:2|college_student:1|counselor_teacher:5|high_school_student:1|parent:3,Data - Shivansh.csv,Data - Shivansh.csv:394|Data - Shivansh.csv:759|Data - Shivansh.csv:1132|Data - Shivansh.csv:1730|Data - Shivansh.csv:1803|Data - Shivansh.csv:1921|Data - Shivansh.csv:2633|Data - Shivansh.csv:3275|Data - Shivansh.csv:3347|Data - Shivansh.csv:3673|Data - Shivansh.csv:3953|Data - Shivansh.csv:4314
427e5e467cc1dd28,colleges in warm states under 40k with strong research and internships,colleges in warm states under 40k with strong research and internships,complex,intent_policy,0.98,Recognized intents consistently map to one frozen V1 route,,0.0,2,complex:1|llm_needed:1,complex:1|llm_needed:1,,multi_constraint,counselor_teacher,multi_constraint:2,counselor_teacher:2,Data - Shivansh.csv,Data - Shivansh.csv:1052|Data - Shivansh.csv:1443
c4666dc6f957041e,colleges near a major tech hub,colleges near a major tech hub,medium,intent_policy,0.98,Recognized intents consistently map to one frozen V1 route,,0.0,8,medium:7|short_circuit:1,medium:7|short_circuit:1,,filtered_search,advisor,filtered_search:8,advisor:2|college_student:2|counselor_teacher:2|high_school_student:1|parent:1,Data - Shivansh.csv,Data - Shivansh.csv:91|Data - Shivansh.csv:535|Data - Shivansh.csv:863|Data - Shivansh.csv:1106|Data - Shivansh.csv:1699|Data - Shivansh.csv:1961|Data - Shivansh.csv:2218|Data - Shivansh.csv:2225
44e03c0039684387,colleges near Chicago,colleges near chicago,medium,manual_override,1.0,Location filter,,0.0,12,medium:11|short_circuit:1,medium:11|short_circuit:1,,filtered_search,college_student,filtered_search:12,advisor:1|college_student:5|counselor_teacher:3|high_school_student:1|parent:2,Data - Shivansh.csv,Data - Shivansh.csv:889|Data - Shivansh.csv:1323|Data - Shivansh.csv:1346|Data - Shivansh.csv:1406|Data - Shivansh.csv:2147|Data - Shivansh.csv:2634|Data - Shivansh.csv:3305|Data - Shivansh.csv:3475|Data - Shivansh.csv:3850|Data - Shivansh.csv:3871|Data - Shivansh.csv:3926|Data - Shivansh.csv:4490
9cc2ab3f1fb48cfb,colleges near tech hubs,colleges near tech hubs,,manual_review,0.0,"Evidence was tied, weak, missing, or internally inconsistent",medium,0.6,2,complex:1|medium:1,complex:1|medium:1,medium:1,filtered_search,parent,filtered_search:1|multi_constraint:1,high_school_student:1|parent:1,Data - Anika.csv|Data Anthony.csv,Data - Anika.csv:384|Data Anthony.csv:56
92b70590dd52149e,colleges on the East Coast,colleges on the east coast,medium,intent_policy,0.98,Recognized intents consistently map to one frozen V1 route,,0.0,9,complex:1|medium:7|short_circuit:1,complex:1|medium:7|short_circuit:1,,filtered_search,advisor,filtered_search:9,advisor:3|college_student:2|counselor_teacher:2|parent:2,Data - Shivansh.csv,Data - Shivansh.csv:407|Data - Shivansh.csv:1116|Data - Shivansh.csv:1300|Data - Shivansh.csv:1992|Data - Shivansh.csv:2055|Data - Shivansh.csv:2254|Data - Shivansh.csv:2383|Data - Shivansh.csv:2426|Data - Shivansh.csv:2440
d75e74a27c493d49,colleges on the East Coast low tuition with strong research and internships,colleges on the east coast low tuition with strong research and internships,complex,intent_policy,0.98,Recognized intents consistently map to one frozen V1 route,,0.0,2,complex:1|medium:1,complex:1|medium:1,,multi_constraint,high_school_student,multi_constraint:2,advisor:1|high_school_student:1,Data - Shivansh.csv,Data - Shivansh.csv:480|Data - Shivansh.csv:2150
9f3c2d0e99c47e03,colleges where people dont care about football,colleges where people dont care about football,llm_needed,manual_override,1.0,Subjective culture and fit interpretation,,0.0,22,complex:2|llm_needed:20,complex:2|llm_needed:20,,campus_life_fit,counselor_teacher,advisory:1|campus_life_fit:21,advisor:4|college_student:5|counselor_teacher:7|high_school_student:4|parent:2,Data - Shivansh.csv|Data Anthony.csv,Data - Shivansh.csv:81|Data - Shivansh.csv:89|Data - Shivansh.csv:145|Data - Shivansh.csv:170|Data - Shivansh.csv:247|Data - Shivansh.csv:335|Data - Shivansh.csv:363|Data - Shivansh.csv:614|Data - Shivansh.csv:1191|Data - Shivansh.csv:1591|Data - Shivansh.csv:1703|Data - Shivansh.csv:1850|Data - Shivansh.csv:1906|Data - Shivansh.csv:1988|Data - Shivansh.csv:1997|Data - Shivansh.csv:2024|Data - Shivansh.csv:2099|Data - Shivansh.csv:2253|Data - Shivansh.csv:2282|Data - Shivansh.csv:2374|Data - Shivansh.csv:2385|Data Anthony.csv:4
1e103fdeb16ccc3e,Columbia,columbia,short_circuit,intent_policy,0.98,Recognized intents consistently map to one frozen V1 route,,0.0,9,complex:1|short_circuit:8,complex:1|short_circuit:8,,exact_lookup,advisor,exact_lookup:9,advisor:4|college_student:1|counselor_teacher:2|parent:2,Data - Shivansh.csv,Data - Shivansh.csv:250|Data - Shivansh.csv:1471|Data - Shivansh.csv:1878|Data - Shivansh.csv:1972|Data - Shivansh.csv:2768|Data - Shivansh.csv:2986|Data - Shivansh.csv:3426|Data - Shivansh.csv:3561|Data - Shivansh.csv:4057
0568d9250e8800a0,Columbia admissions profile average sat and gpa,columbia admissions profile average sat and gpa,,manual_review,0.0,"Evidence was tied, weak, missing, or internally inconsistent",medium,0.5,2,complex:1|medium:1,complex:1|medium:1,,b2b_partnership,counselor_teacher,b2b_partnership:1|recommendation:1,counselor_teacher:2,Data - Shivansh.csv,Data - Shivansh.csv:1632|Data - Shivansh.csv:1688
2349bba2c14c6dac,Columbia but cheaper,columbia but cheaper,complex,intent_policy,0.98,Recognized intents consistently map to one frozen V1 route,,0.0,3,complex:2|short_circuit:1,complex:2|short_circuit:1,,rewrite_needed,parent,rewrite_needed:3,college_student:1|counselor_teacher:1|parent:1,Data - Shivansh.csv,Data - Shivansh.csv:1940|Data - Shivansh.csv:3468|Data - Shivansh.csv:4487
e6cbc2831b0b5fad,Columbia financial aid for out of state,columbia financial aid for out of state,medium,intent_policy,0.98,Recognized intents consistently map to one frozen V1 route,,0.0,4,medium:3|short_circuit:1,medium:3|short_circuit:1,,cost_financial_aid,counselor_teacher,cost_financial_aid:4,counselor_teacher:3|high_school_student:1,Data - Shivansh.csv,Data - Shivansh.csv:328|Data - Shivansh.csv:1080|Data - Shivansh.csv:2040|Data - Shivansh.csv:2180
e320ed6db43c3d7d,Cornell,cornell,short_circuit,intent_policy,0.98,Recognized intents consistently map to one frozen V1 route,,0.0,10,medium:1|short_circuit:9,medium:1|short_circuit:9,short_circuit:1,exact_lookup,counselor_teacher,exact_lookup:10,advisor:1|college_student:3|counselor_teacher:4|parent:2,Data - Anika.csv|Data - Shivansh.csv,Data - Anika.csv:12|Data - Shivansh.csv:14|Data - Shivansh.csv:321|Data - Shivansh.csv:618|Data - Shivansh.csv:823|Data - Shivansh.csv:2369|Data - Shivansh.csv:2607|Data - Shivansh.csv:3022|Data - Shivansh.csv:3796|Data - Shivansh.csv:4062
20f9499580a4ec4a,Cornell housing guarantee,cornell housing guarantee,medium,strong_observed_majority,0.75,Observed route majority 3/4,,0.0,4,llm_needed:1|medium:3,llm_needed:1|medium:3,,admissions_process,parent,admissions_process:2|campus_life_fit:1|filtered_search:1,parent:4,Data - Shivansh.csv,Data - Shivansh.csv:740|Data - Shivansh.csv:1502|Data - Shivansh.csv:2262|Data - Shivansh.csv:2487
dc361283185847e6,create reach target safety list for neuroscience near Chicago full ride options,create reach target safety list for neuroscience near chicago full ride options,,manual_review,0.0,"Evidence was tied, weak, missing, or internally inconsistent",llm_needed,0.5,2,complex:1|llm_needed:1,complex:1|llm_needed:1,,campus_life_fit,advisor,campus_life_fit:1|rewrite_needed:1,advisor:2,Data - Shivansh.csv,Data - Shivansh.csv:521|Data - Shivansh.csv:2320
e56e4304a3f84572,create reach target safety list for philosophy near Chicago full ride options,create reach target safety list for philosophy near chicago full ride options,,manual_review,0.0,"Evidence was tied, weak, missing, or internally inconsistent",complex,0.5,2,complex:1|short_circuit:1,complex:1|short_circuit:1,,recommendation,advisor,exact_lookup:1|recommendation:1,advisor:2,Data - Shivansh.csv,Data - Shivansh.csv:1081|Data - Shivansh.csv:1898
b511efb0af24c9b2,do i need sat for Carnegie Mellon,do i need sat for carnegie mellon,medium,intent_policy,0.98,Recognized intents consistently map to one frozen V1 route,,0.0,4,llm_needed:1|medium:3,llm_needed:1|medium:3,,admissions_process,counselor_teacher,admissions_process:4,advisor:1|counselor_teacher:2|parent:1,Data - Shivansh.csv,Data - Shivansh.csv:143|Data - Shivansh.csv:201|Data - Shivansh.csv:1077|Data - Shivansh.csv:2805
752d274d06bdde58,do i need sat for Princeton,do i need sat for princeton,medium,intent_policy,0.98,Recognized intents consistently map to one frozen V1 route,,0.0,2,medium:1|short_circuit:1,medium:1|short_circuit:1,,admissions_process,advisor,admissions_process:2,advisor:1|counselor_teacher:1,Data - Shivansh.csv,Data - Shivansh.csv:1901|Data - Shivansh.csv:4159
0c8d03d9e3264dc1,do i need sat for Rice University,do i need sat for rice university,medium,intent_policy,0.98,Recognized intents consistently map to one frozen V1 route,,0.0,5,complex:2|medium:3,complex:2|medium:3,,admissions_process,high_school_student,admissions_process:5,advisor:1|college_student:2|high_school_student:2,Data - Shivansh.csv,Data - Shivansh.csv:461|Data - Shivansh.csv:640|Data - Shivansh.csv:1049|Data - Shivansh.csv:2869|Data - Shivansh.csv:3774
2f089077071f5be0,do i need sat for UC San Diego,do i need sat for uc san diego,medium,intent_policy,0.98,Recognized intents consistently map to one frozen V1 route,,0.0,5,complex:1|medium:4,complex:1|medium:4,,admissions_process,college_student,admissions_process:5,advisor:1|college_student:2|parent:2,Data - Shivansh.csv,Data - Shivansh.csv:1175|Data - Shivansh.csv:1408|Data - Shivansh.csv:2649|Data - Shivansh.csv:2699|Data - Shivansh.csv:3668
e61d29925c0f74ce,do i need sat for Vanderbilt,do i need sat for vanderbilt,medium,intent_policy,0.98,Recognized intents consistently map to one frozen V1 route,,0.0,2,medium:1|short_circuit:1,medium:1|short_circuit:1,,admissions_process,high_school_student,admissions_process:2,counselor_teacher:1|high_school_student:1,Data - Shivansh.csv,Data - Shivansh.csv:213|Data - Shivansh.csv:1635
e0e3a4029d4bcd83,does Duke have psychology,does duke have psychology,short_circuit,intent_policy,0.98,Recognized intents consistently map to one frozen V1 route,,0.0,2,complex:1|medium:1,complex:1|medium:1,,attribute_lookup,college_student,attribute_lookup:2,advisor:1|college_student:1,Data - Shivansh.csv,Data - Shivansh.csv:1453|Data - Shivansh.csv:3399
d84703caddbbd664,does Harvard have business,does harvard have business,short_circuit,intent_policy,0.98,Recognized intents consistently map to one frozen V1 route,,0.0,2,medium:1|short_circuit:1,medium:1|short_circuit:1,,attribute_lookup,college_student,attribute_lookup:2,college_student:1|counselor_teacher:1,Data - Shivansh.csv,Data - Shivansh.csv:1399|Data - Shivansh.csv:3733
2fbdc6caa1ab6abb,does UC Berkeley have business,does uc berkeley have business,short_circuit,intent_policy,0.98,Recognized intents consistently map to one frozen V1 route,,0.0,3,medium:1|short_circuit:2,medium:1|short_circuit:2,,attribute_lookup,advisor,attribute_lookup:3,advisor:2|counselor_teacher:1,Data - Shivansh.csv,Data - Shivansh.csv:457|Data - Shivansh.csv:1298|Data - Shivansh.csv:2954
099ca6972b0112a8,does University of Florida have chemistry,does university of florida have chemistry,short_circuit,intent_policy,0.98,Recognized intents consistently map to one frozen V1 route,,0.0,2,medium:1|short_circuit:1,medium:1|short_circuit:1,,attribute_lookup,counselor_teacher,attribute_lookup:2,counselor_teacher:1|parent:1,Data - Shivansh.csv,Data - Shivansh.csv:1798|Data - Shivansh.csv:2609
0e2ccdf605553282,does University of Michigan have engineering,does university of michigan have engineering,short_circuit,intent_policy,0.98,Recognized intents consistently map to one frozen V1 route,,0.0,2,medium:1|short_circuit:1,medium:1|short_circuit:1,,attribute_lookup,high_school_student,attribute_lookup:2,counselor_teacher:1|high_school_student:1,Data - Shivansh.csv,Data - Shivansh.csv:1486|Data - Shivansh.csv:2608
873ddc95fc3f5e66,does USC have mechanical engineering,does usc have mechanical engineering,short_circuit,intent_policy,0.98,Recognized intents consistently map to one frozen V1 route,,0.0,2,medium:1|short_circuit:1,medium:1|short_circuit:1,,attribute_lookup,college_student,attribute_lookup:2,college_student:2,Data - Shivansh.csv,Data - Shivansh.csv:2276|Data - Shivansh.csv:3381
f6804460f509a765,Duke,duke,short_circuit,intent_policy,0.98,Recognized intents consistently map to one frozen V1 route,,0.0,7,complex:1|short_circuit:6,complex:1|short_circuit:6,,exact_lookup,college_student,exact_lookup:7,advisor:3|college_student:3|counselor_teacher:1,Data - Shivansh.csv,Data - Shivansh.csv:1013|Data - Shivansh.csv:1104|Data - Shivansh.csv:1275|Data - Shivansh.csv:1501|Data - Shivansh.csv:1528|Data - Shivansh.csv:3685|Data - Shivansh.csv:3743
79949a5c679fb1b8,Duke admissions profile average sat and gpa,duke admissions profile average sat and gpa,,manual_review,0.0,"Evidence was tied, weak, missing, or internally inconsistent",short_circuit,0.5,2,llm_needed:1|short_circuit:1,llm_needed:1|short_circuit:1,,recommendation,counselor_teacher,exact_lookup:1|recommendation:1,counselor_teacher:2,Data - Shivansh.csv,Data - Shivansh.csv:957|Data - Shivansh.csv:1321
63fb3e18e83812ca,enterprise access for counselors and districts,enterprise access for counselors and districts,medium,manual_override,1.0,Direct B2B product inquiry,,0.0,48,complex:2|llm_needed:6|medium:37|short_circuit:3,complex:2|llm_needed:6|medium:37|short_circuit:3,,b2b_partnership,college_b2b,b2b_partnership:48,advisor:8|college_b2b:26|college_student:3|counselor_teacher:3|high_school_student:4|parent:4,Data - Shivansh.csv,Data - Shivansh.csv:37|Data - Shivansh.csv:61|Data - Shivansh.csv:98|Data - Shivansh.csv:111|Data - Shivansh.csv:153|Data - Shivansh.csv:156|Data - Shivansh.csv:163|Data - Shivansh.csv:323|Data - Shivansh.csv:570|Data - Shivansh.csv:584|Data - Shivansh.csv:725|Data - Shivansh.csv:1067|Data - Shivansh.csv:1514|Data - Shivansh.csv:1586|Data - Shivansh.csv:1693|Data - Shivansh.csv:1721|Data - Shivansh.csv:1731|Data - Shivansh.csv:1739|Data - Shivansh.csv:1768|Data - Shivansh.csv:1799|Data - Shivansh.csv:1826|Data - Shivansh.csv:1907|Data - Shivansh.csv:1915|Data - Shivansh.csv:1985|Data - Shivansh.csv:1990|Data - Shivansh.csv:2027|Data - Shivansh.csv:2034|Data - Shivansh.csv:2092|Data - Shivansh.csv:2095|Data - Shivansh.csv:2115|Data - Shivansh.csv:2143|Data - Shivansh.csv:2200|Data - Shivansh.csv:2201|Data - Shivansh.csv:2214|Data - Shivansh.csv:2217|Data - Shivansh.csv:2242|Data - Shivansh.csv:2314|Data - Shivansh.csv:2362|Data - Shivansh.csv:2381|Data - Shivansh.csv:2386|Data - Shivansh.csv:2395|Data - Shivansh.csv:2418|Data - Shivansh.csv:2429|Data - Shivansh.csv:2435|Data - Shivansh.csv:2446|Data - Shivansh.csv:2469|Data - Shivansh.csv:2490|Data - Shivansh.csv:2491
a5721b235b2a5f45,four year cost of Caltech including housing,four year cost of caltech including housing,medium,strong_observed_majority,0.75,Observed route majority 3/4,,0.0,4,complex:1|medium:3,complex:1|medium:3,,cost_financial_aid,parent,admissions_process:1|career_outcomes:1|cost_financial_aid:1|exact_lookup:1,parent:4,Data - Shivansh.csv,Data - Shivansh.csv:256|Data - Shivansh.csv:546|Data - Shivansh.csv:1543|Data - Shivansh.csv:2159
b5db16c5567f9d59,four year cost of Carnegie Mellon including housing,four year cost of carnegie mellon including housing,,manual_review,0.0,"Evidence was tied, weak, missing, or internally inconsistent",short_circuit,0.333333,3,llm_needed:1|medium:1|short_circuit:1,llm_needed:1|medium:1|short_circuit:1,,multi_constraint,parent,attribute_lookup:1|career_outcomes:1|multi_constraint:1,parent:3,Data - Shivansh.csv,Data - Shivansh.csv:372|Data - Shivansh.csv:579|Data - Shivansh.csv:1764
493cd56579566398,four year cost of Duke including housing,four year cost of duke including housing,,manual_review,0.0,"Evidence was tied, weak, missing, or internally inconsistent",llm_needed,0.5,2,complex:1|llm_needed:1,complex:1|llm_needed:1,,campus_life_fit,parent,campus_life_fit:1|recommendation:1,parent:2,Data - Shivansh.csv,Data - Shivansh.csv:268|Data - Shivansh.csv:1555
2945a2062918b4cf,four year cost of Harvard including housing,four year cost of harvard including housing,,manual_review,0.0,"Evidence was tied, weak, missing, or internally inconsistent",short_circuit,0.5,2,medium:1|short_circuit:1,medium:1|short_circuit:1,,attribute_lookup,parent,attribute_lookup:1|cost_financial_aid:1,parent:2,Data - Shivansh.csv,Data - Shivansh.csv:537|Data - Shivansh.csv:1171
aac9d8f2f48e1c58,four year cost of Stanford including housing,four year cost of stanford including housing,,manual_review,0.0,"Evidence was tied, weak, missing, or internally inconsistent",llm_needed,0.5,2,llm_needed:1|medium:1,llm_needed:1|medium:1,,campus_life_fit,parent,b2b_partnership:1|campus_life_fit:1,parent:2,Data - Shivansh.csv,Data - Shivansh.csv:731|Data - Shivansh.csv:1982
74170f3043ae8e98,four year cost of UC Berkeley including housing,four year cost of uc berkeley including housing,,manual_review,0.0,"Evidence was tied, weak, missing, or internally inconsistent",complex,0.5,4,complex:2|llm_needed:1|short_circuit:1,complex:2|llm_needed:1|short_circuit:1,,multi_constraint,parent,campus_life_fit:1|exact_lookup:1|multi_constraint:1|rewrite_needed:1,parent:4,Data - Shivansh.csv,Data - Shivansh.csv:84|Data - Shivansh.csv:765|Data - Shivansh.csv:1970|Data - Shivansh.csv:2380
d7b7a6bb0a4c4ad8,four year cost of UC Irvine including housing,four year cost of uc irvine including housing,,manual_review,0.0,"Evidence was tied, weak, missing, or internally inconsistent",complex,0.5,2,complex:1|short_circuit:1,complex:1|short_circuit:1,,multi_constraint,parent,filtered_search:1|multi_constraint:1,parent:2,Data - Shivansh.csv,Data - Shivansh.csv:554|Data - Shivansh.csv:1711
395fc1b9fdd4c572,four year cost of UCLA including housing,four year cost of ucla including housing,,manual_review,0.0,"Evidence was tied, weak, missing, or internally inconsistent",complex,0.5,2,complex:1|medium:1,complex:1|medium:1,,rewrite_needed,parent,cost_financial_aid:1|rewrite_needed:1,parent:2,Data - Shivansh.csv,Data - Shivansh.csv:257|Data - Shivansh.csv:1068
d364ebd3b71ad571,four year cost of University of Florida including housing,four year cost of university of florida including housing,,manual_review,0.0,"Evidence was tied, weak, missing, or internally inconsistent",medium,0.5,2,complex:1|medium:1,complex:1|medium:1,,b2b_partnership,parent,b2b_partnership:1|recommendation:1,parent:2,Data - Shivansh.csv,Data - Shivansh.csv:281|Data - Shivansh.csv:1100
4868038c253cb27e,four year cost of University of Maryland including housing,four year cost of university of maryland including housing,,manual_review,0.0,"Evidence was tied, weak, missing, or internally inconsistent",medium,0.333333,3,complex:1|medium:1|short_circuit:1,complex:1|medium:1|short_circuit:1,,b2b_partnership,parent,attribute_lookup:1|b2b_partnership:1|recommendation:1,parent:3,Data - Shivansh.csv,Data - Shivansh.csv:282|Data - Shivansh.csv:545|Data - Shivansh.csv:1567
8370621ed402a1ee,four year cost of University of Washington including housing,four year cost of university of washington including housing,medium,intent_policy,0.98,Recognized intents consistently map to one frozen V1 route,,0.0,2,complex:1|medium:1,complex:1|medium:1,,career_outcomes,parent,admissions_process:1|career_outcomes:1,parent:2,Data - Shivansh.csv,Data - Shivansh.csv:119|Data - Shivansh.csv:878
6ab96bb3b718cf3b,four year cost of University of Wisconsin including housing,four year cost of university of wisconsin including housing,,manual_review,0.0,"Evidence was tied, weak, missing, or internally inconsistent",medium,0.333333,3,llm_needed:1|medium:1|short_circuit:1,llm_needed:1|medium:1|short_circuit:1,,admissions_process,parent,admissions_process:1|attribute_lookup:1|campus_life_fit:1,parent:3,Data - Shivansh.csv,Data - Shivansh.csv:359|Data - Shivansh.csv:832|Data - Shivansh.csv:1332
6fc88b2b5eb51b46,Georgia Tech admissions profile average sat and gpa,georgia tech admissions profile average sat and gpa,,manual_review,0.0,"Evidence was tied, weak, missing, or internally inconsistent",medium,0.25,4,complex:1|llm_needed:1|medium:1|short_circuit:1,complex:1|llm_needed:1|medium:1|short_circuit:1,,b2b_partnership,counselor_teacher,b2b_partnership:1|campus_life_fit:1|comparison:1|exact_lookup:1,counselor_teacher:4,Data - Shivansh.csv,Data - Shivansh.csv:604|Data - Shivansh.csv:1130|Data - Shivansh.csv:1145|Data - Shivansh.csv:1262
478855bf86131c7f,Georgia Tech financial aid for out of state,georgia tech financial aid for out of state,medium,intent_policy,0.98,Recognized intents consistently map to one frozen V1 route,,0.0,2,llm_needed:1|medium:1,llm_needed:1|medium:1,,cost_financial_aid,college_student,cost_financial_aid:2,advisor:1|college_student:1,Data - Shivansh.csv,Data - Shivansh.csv:469|Data - Shivansh.csv:1559
3162ae8a9d3c894f,Georgia Tech housing guarantee,georgia tech housing guarantee,,manual_review,0.0,"Evidence was tied, weak, missing, or internally inconsistent",medium,0.375,4,complex:1|llm_needed:1|medium:1|short_circuit:1,complex:1|llm_needed:1|medium:1|short_circuit:1,,admissions_process,parent,admissions_process:2|comparison:1|exact_lookup:1,parent:4,Data - Shivansh.csv,Data - Shivansh.csv:475|Data - Shivansh.csv:608|Data - Shivansh.csv:916|Data - Shivansh.csv:1248
aa7d3e3e9daa758a,Georgia Tech scholarships,georgia tech scholarships,medium,intent_policy,0.98,Recognized intents consistently map to one frozen V1 route,,0.0,3,llm_needed:1|medium:2,llm_needed:1|medium:2,,cost_financial_aid,advisor,cost_financial_aid:3,advisor:2|parent:1,Data - Shivansh.csv,Data - Shivansh.csv:547|Data - Shivansh.csv:1681|Data - Shivansh.csv:1854
4727010b0ff5d76e,Harvard,harvard,short_circuit,manual_override,1.0,Exact school lookup,,0.0,12,llm_needed:1|medium:1|short_circuit:10,llm_needed:1|medium:1|short_circuit:10,,exact_lookup,counselor_teacher,exact_lookup:12,college_student:2|counselor_teacher:5|high_school_student:4|parent:1,Data - Shivansh.csv|Data Anthony.csv,Data - Shivansh.csv:242|Data - Shivansh.csv:324|Data - Shivansh.csv:1365|Data - Shivansh.csv:1396|Data - Shivansh.csv:1538|Data - Shivansh.csv:1912|Data - Shivansh.csv:2075|Data - Shivansh.csv:2324|Data - Shivansh.csv:2690|Data - Shivansh.csv:3053|Data - Shivansh.csv:3697|Data Anthony.csv:17
56d7d32b79166e89,harvard but less stressful,harvard but less stressful,complex,manual_override,1.0,Recommendation requires similarity and tradeoff reasoning,,0.0,74,complex:68|llm_needed:1|medium:1|short_circuit:4,complex:68|llm_needed:1|medium:1|short_circuit:4,,rewrite_needed,parent,rewrite_needed:74,advisor:16|college_student:15|counselor_teacher:18|high_school_student:6|parent:19,Data - Shivansh.csv,Data - Shivansh.csv:24|Data - Shivansh.csv:60|Data - Shivansh.csv:116|Data - Shivansh.csv:150|Data - Shivansh.csv:385|Data - Shivansh.csv:479|Data - Shivansh.csv:504|Data - Shivansh.csv:528|Data - Shivansh.csv:617|Data - Shivansh.csv:827|Data - Shivansh.csv:842|Data - Shivansh.csv:1718|Data - Shivansh.csv:1810|Data - Shivansh.csv:1821|Data - Shivansh.csv:1859|Data - Shivansh.csv:1924|Data - Shivansh.csv:1973|Data - Shivansh.csv:2241|Data - Shivansh.csv:2264|Data - Shivansh.csv:2278|Data - Shivansh.csv:2279|Data - Shivansh.csv:2477|Data - Shivansh.csv:2519|Data - Shivansh.csv:2535|Data - Shivansh.csv:2615|Data - Shivansh.csv:2618|Data - Shivansh.csv:2620|Data - Shivansh.csv:2705|Data - Shivansh.csv:2757|Data - Shivansh.csv:2771|Data - Shivansh.csv:2793|Data - Shivansh.csv:2801|Data - Shivansh.csv:2815|Data - Shivansh.csv:2833|Data - Shivansh.csv:2898|Data - Shivansh.csv:2920|Data - Shivansh.csv:2936|Data - Shivansh.csv:2939|Data - Shivansh.csv:2967|Data - Shivansh.csv:3084|Data - Shivansh.csv:3125|Data - Shivansh.csv:3187|Data - Shivansh.csv:3310|Data - Shivansh.csv:3337|Data - Shivansh.csv:3361|Data - Shivansh.csv:3362|Data - Shivansh.csv:3377|Data - Shivansh.csv:3416|Data - Shivansh.csv:3448|Data - Shivansh.csv:3479|Data - Shivansh.csv:3533|Data - Shivansh.csv:3562|Data - Shivansh.csv:3605|Data - Shivansh.csv:3619|Data - Shivansh.csv:3700|Data - Shivansh.csv:3758|Data - Shivansh.csv:3766|Data - Shivansh.csv:3776|Data - Shivansh.csv:3893|Data - Shivansh.csv:3931|Data - Shivansh.csv:3959|Data - Shivansh.csv:4026|Data - Shivansh.csv:4101|Data - Shivansh.csv:4151|Data - Shivansh.csv:4187|Data - Shivansh.csv:4230|Data - Shivansh.csv:4301|Data - Shivansh.csv:4319|Data - Shivansh.csv:4332|Data - Shivansh.csv:4333|Data - Shivansh.csv:4452|Data - Shivansh.csv:4477|Data - Shivansh.csv:4496|Data - Shivansh.csv:4500
47c87e8dca644f0d,Harvard financial aid,harvard financial aid,medium,strong_observed_majority,0.833333,Observed route majority 5/6,,0.0,6,medium:5|short_circuit:1,medium:5|short_circuit:1,,cost_financial_aid,advisor,attribute_lookup:1|cost_financial_aid:5,advisor:2|college_student:1|counselor_teacher:1|high_school_student:1|parent:1,Data - Shivansh.csv|Data Anthony.csv,Data - Shivansh.csv:2989|Data - Shivansh.csv:3556|Data - Shivansh.csv:3603|Data - Shivansh.csv:3644|Data - Shivansh.csv:4459|Data Anthony.csv:27
9520421de01bd005,housing for Purdue,housing for purdue,short_circuit,intent_policy,0.98,Recognized intents consistently map to one frozen V1 route,,0.0,2,medium:1|short_circuit:1,medium:1|short_circuit:1,,attribute_lookup,high_school_student,attribute_lookup:2,college_student:1|high_school_student:1,Data - Shivansh.csv,Data - Shivansh.csv:1650|Data - Shivansh.csv:4462
733d1faabc47fc4c,housing for University of Michigan,housing for university of michigan,short_circuit,intent_policy,0.98,Recognized intents consistently map to one frozen V1 route,,0.0,2,medium:1|short_circuit:1,medium:1|short_circuit:1,,attribute_lookup,college_student,attribute_lookup:2,college_student:1|counselor_teacher:1,Data - Shivansh.csv,Data - Shivansh.csv:1090|Data - Shivansh.csv:4357
61a46dfa7f9f12bc,how do i apply to Boston University,how do i apply to boston university,medium,intent_policy,0.98,Recognized intents consistently map to one frozen V1 route,,0.0,3,complex:1|medium:2,complex:1|medium:2,,admissions_process,counselor_teacher,admissions_process:3,counselor_teacher:1|high_school_student:1|parent:1,Data - Shivansh.csv,Data - Shivansh.csv:1040|Data - Shivansh.csv:1672|Data - Shivansh.csv:1976
45a89cc2f073e946,how do i apply to Cornell,how do i apply to cornell,medium,intent_policy,0.98,Recognized intents consistently map to one frozen V1 route,,0.0,6,medium:5|short_circuit:1,medium:5|short_circuit:1,,admissions_process,parent,admissions_process:6,advisor:2|college_student:1|counselor_teacher:1|parent:2,Data - Shivansh.csv,Data - Shivansh.csv:296|Data - Shivansh.csv:2261|Data - Shivansh.csv:2514|Data - Shivansh.csv:3123|Data - Shivansh.csv:3301|Data - Shivansh.csv:4167
3e7cd253d00f190b,how do i apply to Duke,how do i apply to duke,medium,intent_policy,0.98,Recognized intents consistently map to one frozen V1 route,,0.0,2,complex:1|medium:1,complex:1|medium:1,,admissions_process,advisor,admissions_process:2,advisor:1|college_student:1,Data - Shivansh.csv,Data - Shivansh.csv:704|Data - Shivansh.csv:1594
4596766cfbe324db,how do i apply to MIT,how do i apply to mit,medium,intent_policy,0.98,Recognized intents consistently map to one frozen V1 route,,0.0,3,llm_needed:1|medium:2,llm_needed:1|medium:2,,admissions_process,counselor_teacher,admissions_process:3,counselor_teacher:2|parent:1,Data - Shivansh.csv,Data - Shivansh.csv:949|Data - Shivansh.csv:2564|Data - Shivansh.csv:3908
fdd132b553b359e4,how do i apply to Penn State,how do i apply to penn state,medium,intent_policy,0.98,Recognized intents consistently map to one frozen V1 route,,0.0,3,complex:1|medium:2,complex:1|medium:2,,admissions_process,counselor_teacher,admissions_process:3,advisor:1|college_student:1|counselor_teacher:1,Data - Shivansh.csv,Data - Shivansh.csv:862|Data - Shivansh.csv:2734|Data - Shivansh.csv:2797
4fa667cda900d8d4,how do i apply to University of Michigan,how do i apply to university of michigan,medium,intent_policy,0.98,Recognized intents consistently map to one frozen V1 route,,0.0,3,llm_needed:1|medium:2,llm_needed:1|medium:2,,admissions_process,college_student,admissions_process:3,advisor:1|college_student:2,Data - Shivansh.csv,Data - Shivansh.csv:739|Data - Shivansh.csv:2556|Data - Shivansh.csv:3429
b9c3fee9c7670711,how do we update our school profile data,how do we update our school profile data,medium,manual_override,1.0,Profile management or support workflow,,0.0,58,complex:6|llm_needed:2|medium:47|short_circuit:3,complex:6|llm_needed:2|medium:47|short_circuit:3,,b2b_partnership,college_b2b,admissions_process:1|attribute_lookup:1|b2b_partnership:50|career_outcomes:1|exact_lookup:1|filtered_search:1|multi_constraint:2|rewrite_needed:1,advisor:3|college_b2b:42|college_student:4|counselor_teacher:4|high_school_student:1|parent:4,Data - Shivansh.csv,Data - Shivansh.csv:49|Data - Shivansh.csv:62|Data - Shivansh.csv:63|Data - Shivansh.csv:65|Data - Shivansh.csv:68|Data - Shivansh.csv:71|Data - Shivansh.csv:72|Data - Shivansh.csv:95|Data - Shivansh.csv:96|Data - Shivansh.csv:131|Data - Shivansh.csv:154|Data - Shivansh.csv:176|Data - Shivansh.csv:218|Data - Shivansh.csv:261|Data - Shivansh.csv:275|Data - Shivansh.csv:486|Data - Shivansh.csv:623|Data - Shivansh.csv:655|Data - Shivansh.csv:693|Data - Shivansh.csv:1110|Data - Shivansh.csv:1390|Data - Shivansh.csv:1758|Data - Shivansh.csv:1806|Data - Shivansh.csv:1816|Data - Shivansh.csv:1832|Data - Shivansh.csv:1872|Data - Shivansh.csv:1896|Data - Shivansh.csv:1899|Data - Shivansh.csv:1905|Data - Shivansh.csv:1937|Data - Shivansh.csv:1944|Data - Shivansh.csv:1950|Data - Shivansh.csv:1958|Data - Shivansh.csv:1983|Data - Shivansh.csv:1996|Data - Shivansh.csv:2014|Data - Shivansh.csv:2026|Data - Shivansh.csv:2031|Data - Shivansh.csv:2045|Data - Shivansh.csv:2068|Data - Shivansh.csv:2072|Data - Shivansh.csv:2078|Data - Shivansh.csv:2116|Data - Shivansh.csv:2169|Data - Shivansh.csv:2203|Data - Shivansh.csv:2216|Data - Shivansh.csv:2251|Data - Shivansh.csv:2269|Data - Shivansh.csv:2289|Data - Shivansh.csv:2315|Data - Shivansh.csv:2322|Data - Shivansh.csv:2329|Data - Shivansh.csv:2351|Data - Shivansh.csv:2368|Data - Shivansh.csv:2391|Data - Shivansh.csv:2445|Data - Shivansh.csv:2467|Data - Shivansh.csv:2475
4a46d6887391bfb1,how to advise students who want to work abroad after graduation,how to advise students who want to work abroad after graduation,,manual_review,0.0,"Evidence was tied, weak, missing, or internally inconsistent",medium,0.25,2,complex:1|medium:1,complex:1|medium:1,,attribute_lookup,advisor,advisory:1|attribute_lookup:1,advisor:2,Data - Edward.csv|Data - Ridhi.csv,Data - Edward.csv:1630|Data - Ridhi.csv:904
9c98e4d72facc4c6,how to lower college costs,how to lower college costs,medium,manual_override,1.0,General financial aid and cost guidance retrieval,,0.0,15,complex:1|medium:14,complex:1|medium:14,,cost_financial_aid,high_school_student,cost_financial_aid:15,advisor:3|college_student:1|counselor_teacher:3|high_school_student:5|parent:3,Data - Shivansh.csv,Data - Shivansh.csv:9|Data - Shivansh.csv:21|Data - Shivansh.csv:33|Data - Shivansh.csv:424|Data - Shivansh.csv:694|Data - Shivansh.csv:703|Data - Shivansh.csv:764|Data - Shivansh.csv:1712|Data - Shivansh.csv:1959|Data - Shivansh.csv:2195|Data - Shivansh.csv:2212|Data - Shivansh.csv:2240|Data - Shivansh.csv:2407|Data - Shivansh.csv:2454|Data - Shivansh.csv:2500
d07880e714e755c5,how to talk to a professor about a bad grade,how to talk to a professor about a bad grade,llm_needed,intent_policy,0.98,Recognized intents consistently map to one frozen V1 route,,0.0,2,llm_needed:1|medium:1,llm_needed:1|medium:1,,emotional_advisory,college_student,advisory:1|emotional_advisory:1,college_student:2,Data - Edward.csv|Data - Ridhi.csv,Data - Edward.csv:876|Data - Ridhi.csv:259
f7466ae5fdf809fb,internships for UC Berkeley,internships for uc berkeley,short_circuit,intent_policy,0.98,Recognized intents consistently map to one frozen V1 route,,0.0,2,medium:1|short_circuit:1,medium:1|short_circuit:1,,attribute_lookup,college_student,attribute_lookup:2,college_student:1|parent:1,Data - Shivansh.csv,Data - Shivansh.csv:1777|Data - Shivansh.csv:3665
fed3b773785f35cd,job placement for Northwestern,job placement for northwestern,short_circuit,intent_policy,0.98,Recognized intents consistently map to one frozen V1 route,,0.0,2,medium:1|short_circuit:1,medium:1|short_circuit:1,,attribute_lookup,advisor,attribute_lookup:2,advisor:2,Data - Shivansh.csv,Data - Shivansh.csv:684|Data - Shivansh.csv:2511
ca485d3f13923e64,job placement for UC San Diego,job placement for uc san diego,short_circuit,intent_policy,0.98,Recognized intents consistently map to one frozen V1 route,,0.0,2,medium:1|short_circuit:1,medium:1|short_circuit:1,,attribute_lookup,advisor,attribute_lookup:2,advisor:1|college_student:1,Data - Shivansh.csv,Data - Shivansh.csv:645|Data - Shivansh.csv:3282
78198e7ab262449a,MIT,mit,short_circuit,manual_override,1.0,Exact school lookup,,0.0,20,medium:1|short_circuit:19,medium:1|short_circuit:19,short_circuit:1,exact_lookup,high_school_student,exact_lookup:20,advisor:3|college_student:3|counselor_teacher:5|high_school_student:5|parent:4,Data - Anika.csv|Data - Shivansh.csv|Data Anthony.csv,Data - Anika.csv:2|Data - Shivansh.csv:377|Data - Shivansh.csv:403|Data - Shivansh.csv:683|Data - Shivansh.csv:1222|Data - Shivansh.csv:1849|Data - Shivansh.csv:1868|Data - Shivansh.csv:1925|Data - Shivansh.csv:1926|Data - Shivansh.csv:2128|Data - Shivansh.csv:2924|Data - Shivansh.csv:2975|Data - Shivansh.csv:3109|Data - Shivansh.csv:3272|Data - Shivansh.csv:3575|Data - Shivansh.csv:3705|Data - Shivansh.csv:3868|Data - Shivansh.csv:3916|Data - Shivansh.csv:4082|Data Anthony.csv:19
7343209aae89b2ff,MIT admissions profile average sat and gpa,mit admissions profile average sat and gpa,,manual_review,0.0,"Evidence was tied, weak, missing, or internally inconsistent",complex,0.666667,3,complex:2|short_circuit:1,complex:2|short_circuit:1,,attribute_lookup,counselor_teacher,attribute_lookup:1|comparison:1|rewrite_needed:1,counselor_teacher:3,Data - Shivansh.csv,Data - Shivansh.csv:341|Data - Shivansh.csv:1032|Data - Shivansh.csv:1659
298cecaf16165e13,mit without the suffering,mit without the suffering,complex,manual_override,1.0,Recommendation for alternatives with an implicit constraint,,0.0,60,complex:57|llm_needed:1|medium:1|short_circuit:1,complex:57|llm_needed:1|medium:1|short_circuit:1,,rewrite_needed,college_student,rewrite_needed:60,advisor:12|college_student:19|counselor_teacher:10|high_school_student:6|parent:13,Data - Shivansh.csv|Data Anthony.csv,Data - Shivansh.csv:48|Data - Shivansh.csv:151|Data - Shivansh.csv:230|Data - Shivansh.csv:276|Data - Shivansh.csv:344|Data - Shivansh.csv:426|Data - Shivansh.csv:1288|Data - Shivansh.csv:1713|Data - Shivansh.csv:1716|Data - Shivansh.csv:1724|Data - Shivansh.csv:1843|Data - Shivansh.csv:1884|Data - Shivansh.csv:1927|Data - Shivansh.csv:2121|Data - Shivansh.csv:2124|Data - Shivansh.csv:2126|Data - Shivansh.csv:2155|Data - Shivansh.csv:2219|Data - Shivansh.csv:2232|Data - Shivansh.csv:2233|Data - Shivansh.csv:2507|Data - Shivansh.csv:2510|Data - Shivansh.csv:2569|Data - Shivansh.csv:2625|Data - Shivansh.csv:2628|Data - Shivansh.csv:2698|Data - Shivansh.csv:2765|Data - Shivansh.csv:2782|Data - Shivansh.csv:2795|Data - Shivansh.csv:2838|Data - Shivansh.csv:2840|Data - Shivansh.csv:2842|Data - Shivansh.csv:2885|Data - Shivansh.csv:2906|Data - Shivansh.csv:2972|Data - Shivansh.csv:3025|Data - Shivansh.csv:3057|Data - Shivansh.csv:3130|Data - Shivansh.csv:3161|Data - Shivansh.csv:3241|Data - Shivansh.csv:3304|Data - Shivansh.csv:3321|Data - Shivansh.csv:3490|Data - Shivansh.csv:3536|Data - Shivansh.csv:3675|Data - Shivansh.csv:3676|Data - Shivansh.csv:3681|Data - Shivansh.csv:3768|Data - Shivansh.csv:3772|Data - Shivansh.csv:3841|Data - Shivansh.csv:3853|Data - Shivansh.csv:3859|Data - Shivansh.csv:3900|Data - Shivansh.csv:3982|Data - Shivansh.csv:3985|Data - Shivansh.csv:4049|Data - Shivansh.csv:4235|Data - Shivansh.csv:4340|Data - Shivansh.csv:4419|Data Anthony.csv:5
8d8764cbe197a42b,northeastern,northeastern,short_circuit,intent_policy,0.98,Recognized intents consistently map to one frozen V1 route,,0.0,6,complex:1|short_circuit:5,complex:1|short_circuit:5,,exact_lookup,college_student,exact_lookup:6,advisor:1|college_student:2|counselor_teacher:1|parent:2,Data - Shivansh.csv,Data - Shivansh.csv:212|Data - Shivansh.csv:890|Data - Shivansh.csv:1146|Data - Shivansh.csv:1836|Data - Shivansh.csv:1882|Data - Shivansh.csv:2303
84707f79a4217679,Northeastern tuition vs MIT tuition,northeastern tuition vs mit tuition,complex,intent_policy,0.98,Recognized intents consistently map to one frozen V1 route,,0.0,2,complex:1|llm_needed:1,complex:1|llm_needed:1,,comparison,college_student,comparison:2,college_student:1|parent:1,Data - Shivansh.csv,Data - Shivansh.csv:804|Data - Shivansh.csv:1723
9078d0ad69d27e90,Northwestern,northwestern,short_circuit,intent_policy,0.98,Recognized intents consistently map to one frozen V1 route,,0.0,10,llm_needed:2|short_circuit:8,llm_needed:2|short_circuit:8,,exact_lookup,advisor,exact_lookup:10,advisor:4|college_student:3|counselor_teacher:1|parent:2,Data - Shivansh.csv,Data - Shivansh.csv:132|Data - Shivansh.csv:924|Data - Shivansh.csv:943|Data - Shivansh.csv:1341|Data - Shivansh.csv:1409|Data - Shivansh.csv:1549|Data - Shivansh.csv:2949|Data - Shivansh.csv:3500|Data - Shivansh.csv:3801|Data - Shivansh.csv:3890
6a0072654f46c417,Northwestern housing,northwestern housing,short_circuit,intent_policy,0.98,Recognized intents consistently map to one frozen V1 route,,0.0,2,medium:1|short_circuit:1,medium:1|short_circuit:1,,attribute_lookup,college_student,attribute_lookup:2,college_student:2,Data - Shivansh.csv,Data - Shivansh.csv:1946|Data - Shivansh.csv:2509
a691b6bc04f1996c,NYU,nyu,short_circuit,manual_override,1.0,Exact school lookup,,0.0,14,complex:1|llm_needed:1|short_circuit:12,complex:1|llm_needed:1|short_circuit:12,,exact_lookup,college_student,exact_lookup:14,advisor:3|college_student:3|counselor_teacher:3|high_school_student:3|parent:2,Data - Shivansh.csv|Data Anthony.csv,Data - Shivansh.csv:713|Data - Shivansh.csv:1271|Data - Shivansh.csv:1383|Data - Shivansh.csv:1472|Data - Shivansh.csv:1527|Data - Shivansh.csv:1698|Data - Shivansh.csv:1852|Data - Shivansh.csv:2497|Data - Shivansh.csv:2501|Data - Shivansh.csv:3071|Data - Shivansh.csv:3238|Data - Shivansh.csv:3398|Data - Shivansh.csv:4328|Data Anthony.csv:15
ff27d36d86256166,NYU housing guarantee,nyu housing guarantee,,manual_review,0.0,"Evidence was tied, weak, missing, or internally inconsistent",medium,0.666667,3,llm_needed:1|medium:2,llm_needed:1|medium:2,,admissions_process,parent,admissions_process:1|b2b_partnership:1|campus_life_fit:1,parent:3,Data - Shivansh.csv,Data - Shivansh.csv:267|Data - Shivansh.csv:2341|Data - Shivansh.csv:2370
bd1bd58c92ee3d16,NYU job placement,nyu job placement,short_circuit,intent_policy,0.98,Recognized intents consistently map to one frozen V1 route,,0.0,2,medium:1|short_circuit:1,medium:1|short_circuit:1,,attribute_lookup,high_school_student,attribute_lookup:2,advisor:1|high_school_student:1,Data - Shivansh.csv,Data - Shivansh.csv:1297|Data - Shivansh.csv:3797
aed649ff5fa1cd33,penn state,penn state,short_circuit,manual_override,1.0,Exact school lookup,,0.0,15,medium:1|short_circuit:14,medium:1|short_circuit:14,,exact_lookup,college_student,exact_lookup:15,advisor:2|college_student:5|counselor_teacher:3|high_school_student:3|parent:2,Data - Shivansh.csv|Data Anthony.csv,Data - Shivansh.csv:74|Data - Shivansh.csv:186|Data - Shivansh.csv:348|Data - Shivansh.csv:1656|Data - Shivansh.csv:1885|Data - Shivansh.csv:2644|Data - Shivansh.csv:2812|Data - Shivansh.csv:2908|Data - Shivansh.csv:2999|Data - Shivansh.csv:3001|Data - Shivansh.csv:3278|Data - Shivansh.csv:3887|Data - Shivansh.csv:3915|Data - Shivansh.csv:4399|Data Anthony.csv:20
70474a520284cfc8,pricing for partner colleges,pricing for partner colleges,medium,manual_override,1.0,Direct B2B pricing inquiry,,0.0,43,complex:1|llm_needed:2|medium:38|short_circuit:2,complex:1|llm_needed:2|medium:38|short_circuit:2,,b2b_partnership,college_b2b,b2b_partnership:43,advisor:4|college_b2b:28|college_student:2|counselor_teacher:4|high_school_student:4|parent:1,Data - Shivansh.csv,Data - Shivansh.csv:130|Data - Shivansh.csv:140|Data - Shivansh.csv:187|Data - Shivansh.csv:334|Data - Shivansh.csv:393|Data - Shivansh.csv:411|Data - Shivansh.csv:508|Data - Shivansh.csv:719|Data - Shivansh.csv:806|Data - Shivansh.csv:1108|Data - Shivansh.csv:1180|Data - Shivansh.csv:1670|Data - Shivansh.csv:1704|Data - Shivansh.csv:1710|Data - Shivansh.csv:1714|Data - Shivansh.csv:1725|Data - Shivansh.csv:1752|Data - Shivansh.csv:1761|Data - Shivansh.csv:1807|Data - Shivansh.csv:1831|Data - Shivansh.csv:1842|Data - Shivansh.csv:1866|Data - Shivansh.csv:1892|Data - Shivansh.csv:1934|Data - Shivansh.csv:1955|Data - Shivansh.csv:1967|Data - Shivansh.csv:2019|Data - Shivansh.csv:2079|Data - Shivansh.csv:2089|Data - Shivansh.csv:2104|Data - Shivansh.csv:2119|Data - Shivansh.csv:2162|Data - Shivansh.csv:2186|Data - Shivansh.csv:2192|Data - Shivansh.csv:2215|Data - Shivansh.csv:2222|Data - Shivansh.csv:2235|Data - Shivansh.csv:2250|Data - Shivansh.csv:2272|Data - Shivansh.csv:2295|Data - Shivansh.csv:2323|Data - Shivansh.csv:2353|Data - Shivansh.csv:2414
965cf138a8466428,Princeton student-to-faculty ratio,princeton student-to-faculty ratio,short_circuit,intent_policy,0.98,Recognized intents consistently map to one frozen V1 route,,0.0,2,medium:1|short_circuit:1,medium:1|short_circuit:1,,attribute_lookup,high_school_student,attribute_lookup:2,advisor:1|high_school_student:1,Data - Shivansh.csv,Data - Shivansh.csv:560|Data - Shivansh.csv:3153
2349a82c0443e6a7,Purdue scholarships,purdue scholarships,medium,intent_policy,0.98,Recognized intents consistently map to one frozen V1 route,,0.0,3,complex:1|medium:2,complex:1|medium:2,,cost_financial_aid,advisor,cost_financial_aid:3,advisor:1|college_student:1|counselor_teacher:1,Data - Shivansh.csv,Data - Shivansh.csv:1585|Data - Shivansh.csv:1805|Data - Shivansh.csv:3967
64634419de305781,rankings for Carnegie Mellon,rankings for carnegie mellon,short_circuit,intent_policy,0.98,Recognized intents consistently map to one frozen V1 route,,0.0,2,medium:1|short_circuit:1,medium:1|short_circuit:1,,attribute_lookup,high_school_student,attribute_lookup:2,advisor:1|high_school_student:1,Data - Shivansh.csv,Data - Shivansh.csv:1553|Data - Shivansh.csv:3522
5f939345dc8b3a59,recommend large colleges near the beach for psychology reach schools,recommend large colleges near the beach for psychology reach schools,complex,intent_policy,0.98,Recognized intents consistently map to one frozen V1 route,,0.0,2,complex:1|llm_needed:1,complex:1|llm_needed:1,,recommendation,high_school_student,recommendation:2,counselor_teacher:1|high_school_student:1,Data - Shivansh.csv,Data - Shivansh.csv:1019|Data - Shivansh.csv:1474
2a9109fef3e4af56,request demo for our admissions team,request demo for our admissions team,medium,manual_override,1.0,Direct B2B lead or demo workflow,,0.0,49,complex:5|llm_needed:4|medium:38|short_circuit:2,complex:5|llm_needed:4|medium:38|short_circuit:2,,b2b_partnership,college_b2b,b2b_partnership:43|campus_life_fit:1|comparison:1|cost_financial_aid:1|exact_lookup:1|filtered_search:1|recommendation:1,advisor:3|college_b2b:29|college_student:5|counselor_teacher:6|high_school_student:3|parent:3,Data - Shivansh.csv,Data - Shivansh.csv:13|Data - Shivansh.csv:64|Data - Shivansh.csv:66|Data - Shivansh.csv:67|Data - Shivansh.csv:69|Data - Shivansh.csv:73|Data - Shivansh.csv:94|Data - Shivansh.csv:97|Data - Shivansh.csv:192|Data - Shivansh.csv:225|Data - Shivansh.csv:239|Data - Shivansh.csv:355|Data - Shivansh.csv:410|Data - Shivansh.csv:436|Data - Shivansh.csv:443|Data - Shivansh.csv:1153|Data - Shivansh.csv:1224|Data - Shivansh.csv:1732|Data - Shivansh.csv:1741|Data - Shivansh.csv:1767|Data - Shivansh.csv:1781|Data - Shivansh.csv:1804|Data - Shivansh.csv:1824|Data - Shivansh.csv:1829|Data - Shivansh.csv:1835|Data - Shivansh.csv:1869|Data - Shivansh.csv:1903|Data - Shivansh.csv:1917|Data - Shivansh.csv:1948|Data - Shivansh.csv:2039|Data - Shivansh.csv:2083|Data - Shivansh.csv:2145|Data - Shivansh.csv:2151|Data - Shivansh.csv:2168|Data - Shivansh.csv:2204|Data - Shivansh.csv:2357|Data - Shivansh.csv:2375|Data - Shivansh.csv:2378|Data - Shivansh.csv:2388|Data - Shivansh.csv:2398|Data - Shivansh.csv:2428|Data - Shivansh.csv:2443|Data - Shivansh.csv:2444|Data - Shivansh.csv:2461|Data - Shivansh.csv:2462|Data - Shivansh.csv:2466|Data - Shivansh.csv:2474|Data - Shivansh.csv:2476|Data - Shivansh.csv:2484
b287d79bf753ed50,research opportunities for University of Florida,research opportunities for university of florida,short_circuit,intent_policy,0.98,Recognized intents consistently map to one frozen V1 route,,0.0,2,medium:1|short_circuit:1,medium:1|short_circuit:1,,attribute_lookup,parent,attribute_lookup:2,advisor:1|parent:1,Data - Shivansh.csv,Data - Shivansh.csv:1119|Data - Shivansh.csv:2624
0b4ec33bab58e1e9,Rice University admissions profile average sat and gpa,rice university admissions profile average sat and gpa,,manual_review,0.0,"Evidence was tied, weak, missing, or internally inconsistent",medium,0.6,5,complex:1|medium:3|short_circuit:1,complex:1|medium:3|short_circuit:1,,multi_constraint,counselor_teacher,b2b_partnership:1|cost_financial_aid:1|exact_lookup:1|filtered_search:1|multi_constraint:1,counselor_teacher:5,Data - Shivansh.csv,Data - Shivansh.csv:88|Data - Shivansh.csv:128|Data - Shivansh.csv:625|Data - Shivansh.csv:1076|Data - Shivansh.csv:1760
89df52e938368c1b,Rice University housing guarantee,rice university housing guarantee,,manual_review,0.0,"Evidence was tied, weak, missing, or internally inconsistent",medium,0.375,4,complex:1|medium:1|short_circuit:2,complex:1|medium:1|short_circuit:2,,admissions_process,parent,admissions_process:1|attribute_lookup:1|cost_financial_aid:1|rewrite_needed:1,parent:4,Data - Shivansh.csv,Data - Shivansh.csv:1042|Data - Shivansh.csv:1436|Data - Shivansh.csv:2284|Data - Shivansh.csv:2494
5e49244577305a32,schools good for chill campus,schools good for chill campus,llm_needed,intent_policy,0.98,Recognized intents consistently map to one frozen V1 route,,0.0,9,complex:2|llm_needed:7,complex:2|llm_needed:7,,campus_life_fit,college_student,campus_life_fit:9,advisor:1|college_student:3|counselor_teacher:2|high_school_student:1|parent:2,Data - Shivansh.csv,Data - Shivansh.csv:46|Data - Shivansh.csv:265|Data - Shivansh.csv:1127|Data - Shivansh.csv:1178|Data - Shivansh.csv:1231|Data - Shivansh.csv:1358|Data - Shivansh.csv:1772|Data - Shivansh.csv:2082|Data - Shivansh.csv:2091
f2ee1a109d54f322,schools good for introverts,schools good for introverts,llm_needed,intent_policy,0.98,Recognized intents consistently map to one frozen V1 route,,0.0,10,llm_needed:9|medium:1,llm_needed:9|medium:1,,campus_life_fit,parent,campus_life_fit:9|emotional_advisory:1,advisor:3|counselor_teacher:2|high_school_student:2|parent:3,Data - Shivansh.csv|Data Anthony.csv,Data - Shivansh.csv:85|Data - Shivansh.csv:447|Data - Shivansh.csv:499|Data - Shivansh.csv:1018|Data - Shivansh.csv:1147|Data - Shivansh.csv:1377|Data - Shivansh.csv:1801|Data - Shivansh.csv:2085|Data - Shivansh.csv:2290|Data Anthony.csv:10
659931f13e706810,schools good for non-competitive culture,schools good for non-competitive culture,llm_needed,intent_policy,0.98,Recognized intents consistently map to one frozen V1 route,,0.0,9,complex:1|llm_needed:5|medium:1|short_circuit:2,complex:1|llm_needed:5|medium:1|short_circuit:2,,campus_life_fit,high_school_student,campus_life_fit:9,advisor:1|college_student:1|counselor_teacher:2|high_school_student:3|parent:2,Data - Shivansh.csv,Data - Shivansh.csv:673|Data - Shivansh.csv:723|Data - Shivansh.csv:773|Data - Shivansh.csv:874|Data - Shivansh.csv:987|Data - Shivansh.csv:1016|Data - Shivansh.csv:1111|Data - Shivansh.csv:1769|Data - Shivansh.csv:2332
d4d8cba9063f3236,schools good for normal people,schools good for normal people,llm_needed,intent_policy,0.98,Recognized intents consistently map to one frozen V1 route,,0.0,9,llm_needed:8|short_circuit:1,llm_needed:8|short_circuit:1,,campus_life_fit,high_school_student,campus_life_fit:9,advisor:2|college_student:3|counselor_teacher:1|high_school_student:3,Data - Shivansh.csv,Data - Shivansh.csv:77|Data - Shivansh.csv:243|Data - Shivansh.csv:347|Data - Shivansh.csv:434|Data - Shivansh.csv:1202|Data - Shivansh.csv:1510|Data - Shivansh.csv:1782|Data - Shivansh.csv:1991|Data - Shivansh.csv:2403
7612dfee45c38fd6,schools in warm states with low student-to-faculty ratio,schools in warm states with low student-to-faculty ratio,medium,intent_policy,0.98,Recognized intents consistently map to one frozen V1 route,,0.0,4,llm_needed:1|medium:3,llm_needed:1|medium:3,,filtered_search,advisor,filtered_search:4,advisor:2|high_school_student:2,Data - Shivansh.csv,Data - Shivansh.csv:294|Data - Shivansh.csv:329|Data - Shivansh.csv:666|Data - Shivansh.csv:1964
31350d0adfcd7c75,schools like Carnegie Mellon but cheaper,schools like carnegie mellon but cheaper,complex,intent_policy,0.98,Recognized intents consistently map to one frozen V1 route,,0.0,5,complex:3|llm_needed:1|medium:1,complex:3|llm_needed:1|medium:1,,recommendation,parent,recommendation:5,advisor:1|counselor_teacher:1|high_school_student:1|parent:2,Data - Shivansh.csv,Data - Shivansh.csv:202|Data - Shivansh.csv:1241|Data - Shivansh.csv:1795|Data - Shivansh.csv:3891|Data - Shivansh.csv:4017
1d66d6bbc2cd61ad,schools like MIT but cheaper,schools like mit but cheaper,complex,intent_policy,0.98,Recognized intents consistently map to one frozen V1 route,,0.0,3,complex:2|medium:1,complex:2|medium:1,,recommendation,advisor,recommendation:3,advisor:1|college_student:1|counselor_teacher:1,Data - Shivansh.csv,Data - Shivansh.csv:1652|Data - Shivansh.csv:3611|Data - Shivansh.csv:4280
58146d544492a33a,schools like Northeastern but cheaper,schools like northeastern but cheaper,complex,intent_policy,0.98,Recognized intents consistently map to one frozen V1 route,,0.0,2,complex:1|short_circuit:1,complex:1|short_circuit:1,,recommendation,parent,recommendation:2,college_student:1|parent:1,Data - Shivansh.csv,Data - Shivansh.csv:386|Data - Shivansh.csv:2495
d15d845a326ca98e,schools like Northwestern but cheaper,schools like northwestern but cheaper,complex,intent_policy,0.98,Recognized intents consistently map to one frozen V1 route,,0.0,3,complex:2|medium:1,complex:2|medium:1,,recommendation,college_student,recommendation:3,college_student:1|counselor_teacher:1|parent:1,Data - Shivansh.csv,Data - Shivansh.csv:353|Data - Shivansh.csv:995|Data - Shivansh.csv:3897
0e9e5435d233b363,schools like NYU but cheaper,schools like nyu but cheaper,complex,intent_policy,0.98,Recognized intents consistently map to one frozen V1 route,,0.0,5,complex:4|llm_needed:1,complex:4|llm_needed:1,complex:1,recommendation,college_student,recommendation:5,advisor:1|college_student:2|high_school_student:1|parent:1,Data - Anika.csv|Data - Shivansh.csv,Data - Anika.csv:17|Data - Shivansh.csv:816|Data - Shivansh.csv:1322|Data - Shivansh.csv:1517|Data - Shivansh.csv:3209
b6dc433b4f158eea,schools like Rice University but cheaper,schools like rice university but cheaper,complex,intent_policy,0.98,Recognized intents consistently map to one frozen V1 route,,0.0,5,complex:4|short_circuit:1,complex:4|short_circuit:1,,recommendation,advisor,recommendation:5,advisor:2|college_student:1|high_school_student:1|parent:1,Data - Shivansh.csv,Data - Shivansh.csv:705|Data - Shivansh.csv:1466|Data - Shivansh.csv:1785|Data - Shivansh.csv:2190|Data - Shivansh.csv:3802
e20e8a0b69daa810,schools like Stanford but cheaper,schools like stanford but cheaper,complex,intent_policy,0.98,Recognized intents consistently map to one frozen V1 route,,0.0,4,complex:3|medium:1,complex:3|medium:1,,recommendation,high_school_student,recommendation:4,college_student:1|counselor_teacher:1|high_school_student:1|parent:1,Data - Shivansh.csv,Data - Shivansh.csv:926|Data - Shivansh.csv:1102|Data - Shivansh.csv:2992|Data - Shivansh.csv:3888
d6e74fc4ba61b84b,schools like UT Austin but cheaper,schools like ut austin but cheaper,complex,intent_policy,0.98,Recognized intents consistently map to one frozen V1 route,,0.0,3,complex:2|short_circuit:1,complex:2|short_circuit:1,,recommendation,college_student,recommendation:3,college_student:2|parent:1,Data - Shivansh.csv,Data - Shivansh.csv:2202|Data - Shivansh.csv:4225|Data - Shivansh.csv:4497
36a7655f6462fee2,schools near the beach with low student-to-faculty ratio,schools near the beach with low student-to-faculty ratio,medium,intent_policy,0.98,Recognized intents consistently map to one frozen V1 route,,0.0,7,llm_needed:1|medium:6,llm_needed:1|medium:6,,filtered_search,college_student,filtered_search:7,college_student:3|counselor_teacher:1|high_school_student:2|parent:1,Data - Shivansh.csv,Data - Shivansh.csv:214|Data - Shivansh.csv:913|Data - Shivansh.csv:1078|Data - Shivansh.csv:1440|Data - Shivansh.csv:1822|Data - Shivansh.csv:1877|Data - Shivansh.csv:2049
cfda1b6c82c1b2b9,schools not Florida with low student-to-faculty ratio,schools not florida with low student-to-faculty ratio,medium,intent_policy,0.98,Recognized intents consistently map to one frozen V1 route,,0.0,6,complex:1|medium:5,complex:1|medium:5,,filtered_search,college_student,filtered_search:6,college_student:2|high_school_student:2|parent:2,Data - Shivansh.csv,Data - Shivansh.csv:266|Data - Shivansh.csv:1324|Data - Shivansh.csv:1395|Data - Shivansh.csv:1607|Data - Shivansh.csv:2025|Data - Shivansh.csv:2210
0252f5dd9a108832,schools on the East Coast with low student-to-faculty ratio,schools on the east coast with low student-to-faculty ratio,medium,intent_policy,0.98,Recognized intents consistently map to one frozen V1 route,,0.0,6,complex:1|medium:5,complex:1|medium:5,,filtered_search,parent,filtered_search:6,advisor:2|college_student:1|high_school_student:1|parent:2,Data - Shivansh.csv,Data - Shivansh.csv:246|Data - Shivansh.csv:695|Data - Shivansh.csv:1190|Data - Shivansh.csv:1296|Data - Shivansh.csv:1664|Data - Shivansh.csv:2400
4dd0bee9a72b73f5,schools with high internship placement rates,schools with high internship placement rates,medium,manual_override,1.0,Single attribute discovery search,,0.0,69,complex:1|llm_needed:2|medium:63|short_circuit:3,complex:1|llm_needed:2|medium:63|short_circuit:3,,career_outcomes,advisor,attribute_lookup:1|career_outcomes:68,advisor:20|college_student:18|counselor_teacher:10|high_school_student:6|highschool_student:1|parent:14,Data - Ridhi.csv|Data - Shivansh.csv,Data - Ridhi.csv:7|Data - Shivansh.csv:23|Data - Shivansh.csv:161|Data - Shivansh.csv:173|Data - Shivansh.csv:236|Data - Shivansh.csv:375|Data - Shivansh.csv:466|Data - Shivansh.csv:483|Data - Shivansh.csv:586|Data - Shivansh.csv:628|Data - Shivansh.csv:670|Data - Shivansh.csv:801|Data - Shivansh.csv:1166|Data - Shivansh.csv:1386|Data - Shivansh.csv:1738|Data - Shivansh.csv:1763|Data - Shivansh.csv:1784|Data - Shivansh.csv:1808|Data - Shivansh.csv:1939|Data - Shivansh.csv:1969|Data - Shivansh.csv:2022|Data - Shivansh.csv:2054|Data - Shivansh.csv:2096|Data - Shivansh.csv:2097|Data - Shivansh.csv:2137|Data - Shivansh.csv:2239|Data - Shivansh.csv:2249|Data - Shivansh.csv:2287|Data - Shivansh.csv:2296|Data - Shivansh.csv:2301|Data - Shivansh.csv:2340|Data - Shivansh.csv:2412|Data - Shivansh.csv:2423|Data - Shivansh.csv:2438|Data - Shivansh.csv:2578|Data - Shivansh.csv:2979|Data - Shivansh.csv:2993|Data - Shivansh.csv:3011|Data - Shivansh.csv:3014|Data - Shivansh.csv:3021|Data - Shivansh.csv:3029|Data - Shivansh.csv:3104|Data - Shivansh.csv:3154|Data - Shivansh.csv:3195|Data - Shivansh.csv:3207|Data - Shivansh.csv:3302|Data - Shivansh.csv:3332|Data - Shivansh.csv:3485|Data - Shivansh.csv:3527|Data - Shivansh.csv:3532|Data - Shivansh.csv:3567|Data - Shivansh.csv:3573|Data - Shivansh.csv:3586|Data - Shivansh.csv:3674|Data - Shivansh.csv:3715|Data - Shivansh.csv:3771|Data - Shivansh.csv:3902|Data - Shivansh.csv:3943|Data - Shivansh.csv:3979|Data - Shivansh.csv:4008|Data - Shivansh.csv:4122|Data - Shivansh.csv:4137|Data - Shivansh.csv:4325|Data - Shivansh.csv:4352|Data - Shivansh.csv:4359|Data - Shivansh.csv:4368|Data - Shivansh.csv:4410|Data - Shivansh.csv:4415|Data - Shivansh.csv:4469
202cff7651bedf7e,schools with normal people,schools with normal people,llm_needed,manual_override,1.0,Subjective and underspecified fit language,,0.0,31,complex:2|llm_needed:24|medium:3|short_circuit:2,complex:2|llm_needed:24|medium:3|short_circuit:2,,campus_life_fit,high_school_student,campus_life_fit:30|emotional_advisory:1,advisor:6|college_student:5|counselor_teacher:4|high_school_student:10|parent:6,Data - Shivansh.csv|Data Anthony.csv,Data - Shivansh.csv:10|Data - Shivansh.csv:206|Data - Shivansh.csv:380|Data - Shivansh.csv:395|Data - Shivansh.csv:419|Data - Shivansh.csv:464|Data - Shivansh.csv:561|Data - Shivansh.csv:577|Data - Shivansh.csv:593|Data - Shivansh.csv:854|Data - Shivansh.csv:1339|Data - Shivansh.csv:1581|Data - Shivansh.csv:1743|Data - Shivansh.csv:1819|Data - Shivansh.csv:1834|Data - Shivansh.csv:1838|Data - Shivansh.csv:1895|Data - Shivansh.csv:1916|Data - Shivansh.csv:1931|Data - Shivansh.csv:1960|Data - Shivansh.csv:1963|Data - Shivansh.csv:1974|Data - Shivansh.csv:2052|Data - Shivansh.csv:2087|Data - Shivansh.csv:2093|Data - Shivansh.csv:2131|Data - Shivansh.csv:2244|Data - Shivansh.csv:2268|Data - Shivansh.csv:2308|Data - Shivansh.csv:2480|Data Anthony.csv:6
7af1b9e9964cc0df,schools with strong first gen support,schools with strong first gen support,medium,manual_override,1.0,Single attribute or support filter,,0.0,30,complex:9|llm_needed:3|medium:13|short_circuit:5,complex:9|llm_needed:3|medium:13|short_circuit:5,,career_outcomes,counselor_teacher,admissions_process:1|attribute_lookup:1|b2b_partnership:4|campus_life_fit:4|career_outcomes:4|comparison:1|cost_financial_aid:1|exact_lookup:3|filtered_search:4|multi_constraint:2|recommendation:3|rewrite_needed:2,counselor_teacher:30,Data - Shivansh.csv,Data - Shivansh.csv:38|Data - Shivansh.csv:41|Data - Shivansh.csv:86|Data - Shivansh.csv:105|Data - Shivansh.csv:114|Data - Shivansh.csv:146|Data - Shivansh.csv:208|Data - Shivansh.csv:255|Data - Shivansh.csv:357|Data - Shivansh.csv:367|Data - Shivansh.csv:381|Data - Shivansh.csv:432|Data - Shivansh.csv:760|Data - Shivansh.csv:805|Data - Shivansh.csv:894|Data - Shivansh.csv:1456|Data - Shivansh.csv:1762|Data - Shivansh.csv:1790|Data - Shivansh.csv:1929|Data - Shivansh.csv:1978|Data - Shivansh.csv:2000|Data - Shivansh.csv:2023|Data - Shivansh.csv:2086|Data - Shivansh.csv:2101|Data - Shivansh.csv:2127|Data - Shivansh.csv:2220|Data - Shivansh.csv:2223|Data - Shivansh.csv:2281|Data - Shivansh.csv:2343|Data - Shivansh.csv:2471
a0fe90e6451e756e,schools with strong honors programs,schools with strong honors programs,,manual_review,0.0,"Evidence was tied, weak, missing, or internally inconsistent",llm_needed,0.5,2,llm_needed:1|medium:1,llm_needed:1|medium:1,,campus_life_fit,college_student,campus_life_fit:1|filtered_search:1,college_student:1|counselor:1,Data - Anika.csv|Data Anthony.csv,Data - Anika.csv:500|Data Anthony.csv:344
7003807a013fa11f,Stanford housing guarantee,stanford housing guarantee,complex,intent_policy,0.98,Recognized intents consistently map to one frozen V1 route,,0.0,2,complex:1|llm_needed:1,complex:1|llm_needed:1,,comparison,parent,comparison:2,parent:2,Data - Shivansh.csv,Data - Shivansh.csv:1097|Data - Shivansh.csv:1783
c5b80d395ee0b261,uc berkeley,uc berkeley,short_circuit,intent_policy,0.98,Recognized intents consistently map to one frozen V1 route,,0.0,11,medium:1|short_circuit:10,medium:1|short_circuit:10,,exact_lookup,counselor_teacher,exact_lookup:11,advisor:2|college_student:2|counselor_teacher:4|parent:3,Data - Shivansh.csv,Data - Shivansh.csv:503|Data - Shivansh.csv:796|Data - Shivansh.csv:819|Data - Shivansh.csv:1464|Data - Shivansh.csv:1479|Data - Shivansh.csv:2549|Data - Shivansh.csv:2990|Data - Shivansh.csv:3002|Data - Shivansh.csv:3203|Data - Shivansh.csv:3933|Data - Shivansh.csv:4240
845269fd08ec9571,UC Berkeley admissions profile average sat and gpa,uc berkeley admissions profile average sat and gpa,,manual_review,0.0,"Evidence was tied, weak, missing, or internally inconsistent",short_circuit,0.5,2,complex:1|short_circuit:1,complex:1|short_circuit:1,,attribute_lookup,counselor_teacher,attribute_lookup:1|comparison:1,counselor_teacher:2,Data - Shivansh.csv,Data - Shivansh.csv:211|Data - Shivansh.csv:1614
6c629817b8b39f1a,UC Berkeley scholarships,uc berkeley scholarships,medium,intent_policy,0.98,Recognized intents consistently map to one frozen V1 route,,0.0,5,medium:4|short_circuit:1,medium:4|short_circuit:1,,cost_financial_aid,counselor_teacher,cost_financial_aid:5,college_student:1|counselor_teacher:2|parent:2,Data - Shivansh.csv,Data - Shivansh.csv:286|Data - Shivansh.csv:720|Data - Shivansh.csv:1079|Data - Shivansh.csv:3023|Data - Shivansh.csv:4418
7e8739868b2415df,UC Irvine,uc irvine,short_circuit,intent_policy,0.98,Recognized intents consistently map to one frozen V1 route,,0.0,2,medium:1|short_circuit:1,medium:1|short_circuit:1,,exact_lookup,advisor,exact_lookup:2,advisor:2,Data - Shivansh.csv,Data - Shivansh.csv:1426|Data - Shivansh.csv:2463
f0279241475dd4bf,UC Irvine housing guarantee,uc irvine housing guarantee,,manual_review,0.0,"Evidence was tied, weak, missing, or internally inconsistent",complex,0.5,4,complex:2|llm_needed:1|short_circuit:1,complex:2|llm_needed:1|short_circuit:1,,exact_lookup,parent,comparison:2|exact_lookup:2,parent:4,Data - Shivansh.csv,Data - Shivansh.csv:487|Data - Shivansh.csv:970|Data - Shivansh.csv:1344|Data - Shivansh.csv:1886
19752902f56ccf01,UC Irvine job placement for chemistry,uc irvine job placement for chemistry,medium,intent_policy,0.98,Recognized intents consistently map to one frozen V1 route,,0.0,2,complex:1|medium:1,complex:1|medium:1,,career_outcomes,advisor,career_outcomes:2,advisor:1|college_student:1,Data - Shivansh.csv,Data - Shivansh.csv:309|Data - Shivansh.csv:825
17ee16c31bea6389,UC Irvine scholarships,uc irvine scholarships,,manual_review,0.0,"Evidence was tied, weak, missing, or internally inconsistent",medium,0.5,3,llm_needed:1|medium:1|short_circuit:1,llm_needed:1|medium:1|short_circuit:1,,cost_financial_aid,college_student,attribute_lookup:1|cost_financial_aid:2,college_student:1|counselor_teacher:1|high_school_student:1,Data - Shivansh.csv,Data - Shivansh.csv:15|Data - Shivansh.csv:1329|Data - Shivansh.csv:1400
21e8cabe855849bd,uc san diego,uc san diego,short_circuit,manual_override,1.0,Exact school lookup,,0.0,14,llm_needed:1|medium:1|short_circuit:12,llm_needed:1|medium:1|short_circuit:12,,exact_lookup,parent,exact_lookup:14,advisor:3|college_student:2|counselor_teacher:3|high_school_student:2|parent:4,Data - Shivansh.csv,Data - Shivansh.csv:260|Data - Shivansh.csv:638|Data - Shivansh.csv:675|Data - Shivansh.csv:783|Data - Shivansh.csv:1133|Data - Shivansh.csv:1257|Data - Shivansh.csv:1312|Data - Shivansh.csv:1325|Data - Shivansh.csv:1435|Data - Shivansh.csv:1540|Data - Shivansh.csv:1649|Data - Shivansh.csv:2410|Data - Shivansh.csv:2720|Data - Shivansh.csv:3313
c9bcf75098ea8fe1,uc san diego acceptance rate,uc san diego acceptance rate,short_circuit,intent_policy,0.98,Recognized intents consistently map to one frozen V1 route,,0.0,3,medium:1|short_circuit:2,medium:1|short_circuit:2,short_circuit:1,attribute_lookup,high_school_student,attribute_lookup:3,advisor:1|college_student:1|high_school_student:1,Data - Anika.csv|Data - Shivansh.csv,Data - Anika.csv:723|Data - Shivansh.csv:51|Data - Shivansh.csv:4501
77f951ab59ee0f81,UCLA,ucla,short_circuit,intent_policy,0.98,Recognized intents consistently map to one frozen V1 route,,0.0,9,medium:1|short_circuit:8,medium:1|short_circuit:8,,exact_lookup,college_student,exact_lookup:9,advisor:2|college_student:4|counselor_teacher:2|parent:1,Data - Shivansh.csv,Data - Shivansh.csv:358|Data - Shivansh.csv:918|Data - Shivansh.csv:960|Data - Shivansh.csv:1211|Data - Shivansh.csv:2305|Data - Shivansh.csv:2465|Data - Shivansh.csv:3483|Data - Shivansh.csv:3830|Data - Shivansh.csv:4341
9dea39c519dbd296,UCLA housing guarantee,ucla housing guarantee,,manual_review,0.0,"Evidence was tied, weak, missing, or internally inconsistent",short_circuit,0.666667,3,medium:1|short_circuit:2,medium:1|short_circuit:2,,attribute_lookup,parent,admissions_process:1|attribute_lookup:2,parent:3,Data - Shivansh.csv,Data - Shivansh.csv:2181|Data - Shivansh.csv:2252|Data - Shivansh.csv:2473
cf0142c606507ec8,ucla vibe but not so expensive,ucla vibe but not so expensive,complex,manual_override,1.0,Similarity plus affordability recommendation,,0.0,18,complex:15|llm_needed:2|medium:1,complex:15|llm_needed:2|medium:1,,rewrite_needed,parent,rewrite_needed:18,advisor:3|college_student:2|counselor_teacher:3|high_school_student:3|parent:7,Data - Shivansh.csv,Data - Shivansh.csv:12|Data - Shivansh.csv:36|Data - Shivansh.csv:138|Data - Shivansh.csv:149|Data - Shivansh.csv:322|Data - Shivansh.csv:351|Data - Shivansh.csv:416|Data - Shivansh.csv:490|Data - Shivansh.csv:1045|Data - Shivansh.csv:1820|Data - Shivansh.csv:2004|Data - Shivansh.csv:2041|Data - Shivansh.csv:2074|Data - Shivansh.csv:2166|Data - Shivansh.csv:2246|Data - Shivansh.csv:2307|Data - Shivansh.csv:2409|Data - Shivansh.csv:2464
9c1c64f229b65411,universities with strong economics,universities with strong economics,medium,intent_policy,0.98,Recognized intents consistently map to one frozen V1 route,,0.0,5,complex:1|medium:4,complex:1|medium:4,,filtered_search,parent,filtered_search:5,advisor:1|college_student:1|counselor_teacher:1|high_school_student:1|parent:1,Data - Shivansh.csv,Data - Shivansh.csv:240|Data - Shivansh.csv:1984|Data - Shivansh.csv:2197|Data - Shivansh.csv:4140|Data - Shivansh.csv:4259
4e2eaca5b9b5c9a8,University of Florida but cheaper,university of florida but cheaper,complex,intent_policy,0.98,Recognized intents consistently map to one frozen V1 route,,0.0,6,complex:5|llm_needed:1,complex:5|llm_needed:1,,rewrite_needed,advisor,rewrite_needed:6,advisor:3|college_student:1|counselor_teacher:2,Data - Shivansh.csv,Data - Shivansh.csv:122|Data - Shivansh.csv:1675|Data - Shivansh.csv:1910|Data - Shivansh.csv:2646|Data - Shivansh.csv:3147|Data - Shivansh.csv:4307
6d56ddd0819ae9b2,University of Florida housing guarantee,university of florida housing guarantee,,manual_review,0.0,"Evidence was tied, weak, missing, or internally inconsistent",short_circuit,0.555556,4,complex:1|medium:1|short_circuit:2,complex:1|medium:1|short_circuit:2,short_circuit:1,attribute_lookup,parent,attribute_lookup:2|career_outcomes:1|comparison:1,parent:4,Data - Anika.csv|Data - Shivansh.csv,Data - Anika.csv:23|Data - Shivansh.csv:27|Data - Shivansh.csv:2173|Data - Shivansh.csv:2382
13f7c73ae8019e75,University of Maryland,university of maryland,short_circuit,intent_policy,0.98,Recognized intents consistently map to one frozen V1 route,,0.0,6,complex:1|short_circuit:5,complex:1|short_circuit:5,,exact_lookup,high_school_student,exact_lookup:6,advisor:1|high_school_student:3|parent:2,Data - Shivansh.csv|Data Anthony.csv,Data - Shivansh.csv:761|Data - Shivansh.csv:1246|Data - Shivansh.csv:1792|Data - Shivansh.csv:2018|Data - Shivansh.csv:2364|Data Anthony.csv:13
4466b2500cf1e588,University of Michigan admissions profile average sat and gpa,university of michigan admissions profile average sat and gpa,,manual_review,0.0,"Evidence was tied, weak, missing, or internally inconsistent",short_circuit,0.5,2,complex:1|short_circuit:1,complex:1|short_circuit:1,,attribute_lookup,counselor_teacher,attribute_lookup:1|rewrite_needed:1,counselor_teacher:2,Data - Shivansh.csv,Data - Shivansh.csv:1184|Data - Shivansh.csv:2110
e7cd074b2462cb59,University of Michigan application deadlines,university of michigan application deadlines,medium,intent_policy,0.98,Recognized intents consistently map to one frozen V1 route,,0.0,4,llm_needed:1|medium:3,llm_needed:1|medium:3,,admissions_process,college_student,admissions_process:4,advisor:1|college_student:2|counselor_teacher:1,Data - Shivansh.csv,Data - Shivansh.csv:2062|Data - Shivansh.csv:2766|Data - Shivansh.csv:3722|Data - Shivansh.csv:3905
364021165819c103,University of Michigan housing guarantee,university of michigan housing guarantee,,manual_review,0.0,"Evidence was tied, weak, missing, or internally inconsistent",llm_needed,0.5,2,complex:1|llm_needed:1,complex:1|llm_needed:1,,campus_life_fit,parent,campus_life_fit:1|recommendation:1,parent:2,Data - Shivansh.csv,Data - Shivansh.csv:933|Data - Shivansh.csv:1363
100274eab9119919,University of Washington admissions profile average sat and gpa,university of washington admissions profile average sat and gpa,,manual_review,0.0,"Evidence was tied, weak, missing, or internally inconsistent",complex,0.666667,3,complex:2|medium:1,complex:2|medium:1,,admissions_process,counselor_teacher,admissions_process:1|comparison:1|recommendation:1,counselor_teacher:3,Data - Shivansh.csv,Data - Shivansh.csv:44|Data - Shivansh.csv:1369|Data - Shivansh.csv:1389
a492fcb9f3f5bd63,University of Washington housing guarantee,university of washington housing guarantee,,manual_review,0.0,"Evidence was tied, weak, missing, or internally inconsistent",complex,0.5,2,complex:1|medium:1,complex:1|medium:1,,multi_constraint,parent,admissions_process:1|multi_constraint:1,parent:2,Data - Shivansh.csv,Data - Shivansh.csv:1117|Data - Shivansh.csv:1193
cb6e8b81ec29b2b8,University of Washington rankings,university of washington rankings,short_circuit,intent_policy,0.98,Recognized intents consistently map to one frozen V1 route,,0.0,2,medium:1|short_circuit:1,medium:1|short_circuit:1,,attribute_lookup,counselor_teacher,attribute_lookup:2,advisor:1|counselor_teacher:1,Data - Shivansh.csv,Data - Shivansh.csv:1284|Data - Shivansh.csv:3437
67c6f10137695270,University of Wisconsin admissions profile average sat and gpa,university of wisconsin admissions profile average sat and gpa,,manual_review,0.0,"Evidence was tied, weak, missing, or internally inconsistent",medium,0.5,4,complex:1|medium:2|short_circuit:1,complex:1|medium:2|short_circuit:1,,b2b_partnership,counselor_teacher,attribute_lookup:1|b2b_partnership:1|cost_financial_aid:1|rewrite_needed:1,counselor_teacher:4,Data - Shivansh.csv,Data - Shivansh.csv:923|Data - Shivansh.csv:1148|Data - Shivansh.csv:1327|Data - Shivansh.csv:2067
df77c5138ae76098,USC,usc,short_circuit,manual_override,1.0,Exact school lookup,,0.0,11,llm_needed:1|medium:1|short_circuit:9,llm_needed:1|medium:1|short_circuit:9,,exact_lookup,counselor_teacher,exact_lookup:11,advisor:3|college_student:2|counselor_teacher:3|high_school_student:3,Data - Shivansh.csv|Data Anthony.csv,Data - Shivansh.csv:287|Data - Shivansh.csv:306|Data - Shivansh.csv:848|Data - Shivansh.csv:2157|Data - Shivansh.csv:2171|Data - Shivansh.csv:2188|Data - Shivansh.csv:2365|Data - Shivansh.csv:3548|Data - Shivansh.csv:3903|Data - Shivansh.csv:4275|Data Anthony.csv:14
24e0422647a0ef5d,USC housing guarantee,usc housing guarantee,,manual_review,0.0,"Evidence was tied, weak, missing, or internally inconsistent",short_circuit,0.5,2,medium:1|short_circuit:1,medium:1|short_circuit:1,,exact_lookup,parent,cost_financial_aid:1|exact_lookup:1,parent:2,Data - Shivansh.csv,Data - Shivansh.csv:164|Data - Shivansh.csv:1904
d21c3067d975e9e6,USC scholarships,usc scholarships,medium,intent_policy,0.98,Recognized intents consistently map to one frozen V1 route,,0.0,3,llm_needed:1|medium:2,llm_needed:1|medium:2,,cost_financial_aid,counselor_teacher,cost_financial_aid:3,college_student:1|counselor_teacher:2,Data - Shivansh.csv,Data - Shivansh.csv:1251|Data - Shivansh.csv:3065|Data - Shivansh.csv:3831
d9fa9841cd19742f,UT Austin tuition,ut austin tuition,short_circuit,intent_policy,0.98,Recognized intents consistently map to one frozen V1 route,,0.0,2,medium:1|short_circuit:1,medium:1|short_circuit:1,,attribute_lookup,counselor_teacher,attribute_lookup:2,counselor_teacher:2,Data - Shivansh.csv,Data - Shivansh.csv:1653|Data - Shivansh.csv:4242
e63b9641f880cc33,Vanderbilt,vanderbilt,short_circuit,intent_policy,0.98,Recognized intents consistently map to one frozen V1 route,,0.0,9,complex:1|short_circuit:8,complex:1|short_circuit:8,short_circuit:1,exact_lookup,parent,exact_lookup:9,college_student:1|counselor_teacher:2|high_school_student:1|parent:5,Data - Anika.csv|Data - Shivansh.csv,Data - Anika.csv:22|Data - Shivansh.csv:26|Data - Shivansh.csv:134|Data - Shivansh.csv:500|Data - Shivansh.csv:639|Data - Shivansh.csv:882|Data - Shivansh.csv:1258|Data - Shivansh.csv:1609|Data - Shivansh.csv:1773
fd3c21bec1d5ad03,Vanderbilt housing guarantee,vanderbilt housing guarantee,,manual_review,0.0,"Evidence was tied, weak, missing, or internally inconsistent",medium,0.666667,3,medium:2|short_circuit:1,medium:2|short_circuit:1,,admissions_process,parent,admissions_process:1|career_outcomes:1|exact_lookup:1,parent:3,Data - Shivansh.csv,Data - Shivansh.csv:222|Data - Shivansh.csv:1026|Data - Shivansh.csv:1136
a0c8e8758fee51c3,Virginia Tech admissions profile average sat and gpa,virginia tech admissions profile average sat and gpa,complex,intent_policy,0.98,Recognized intents consistently map to one frozen V1 route,,0.0,2,medium:1|short_circuit:1,medium:1|short_circuit:1,,multi_constraint,counselor_teacher,comparison:1|multi_constraint:1,counselor_teacher:2,Data - Shivansh.csv,Data - Shivansh.csv:562|Data - Shivansh.csv:1923
aa774a10b6da3309,Virginia Tech financial aid,virginia tech financial aid,,manual_review,0.0,"Evidence was tied, weak, missing, or internally inconsistent",medium,0.666667,3,medium:2|short_circuit:1,medium:2|short_circuit:1,,cost_financial_aid,high_school_student,attribute_lookup:1|cost_financial_aid:2,advisor:1|counselor_teacher:1|high_school_student:1,Data - Shivansh.csv,Data - Shivansh.csv:481|Data - Shivansh.csv:3939|Data - Shivansh.csv:4287
2ac9e3a656b7b1c5,Virginia Tech housing guarantee,virginia tech housing guarantee,,manual_review,0.0,"Evidence was tied, weak, missing, or internally inconsistent",medium,0.666667,3,llm_needed:1|medium:2,llm_needed:1|medium:2,,campus_life_fit,parent,campus_life_fit:1|career_outcomes:1|cost_financial_aid:1,parent:3,Data - Shivansh.csv,Data - Shivansh.csv:1512|Data - Shivansh.csv:1601|Data - Shivansh.csv:2236
9052f558d7f5cc09,what essays does Cornell require,what essays does cornell require,medium,intent_policy,0.98,Recognized intents consistently map to one frozen V1 route,,0.0,3,llm_needed:2|medium:1,llm_needed:2|medium:1,,admissions_process,college_student,admissions_process:3,college_student:1|counselor_teacher:1|parent:1,Data - Shivansh.csv,Data - Shivansh.csv:787|Data - Shivansh.csv:2384|Data - Shivansh.csv:2421
324a1121d2179f32,what is demonstrated interest and does it matter,what is demonstrated interest and does it matter,,manual_review,0.0,"Evidence was tied, weak, missing, or internally inconsistent",llm_needed,0.5,2,llm_needed:1|medium:1,llm_needed:1|medium:1,,attribute_lookup,highschool_student,advisory:1|attribute_lookup:1,high_school_student:1|highschool_student:1,Data - Edward.csv|Data Anthony.csv,Data - Edward.csv:527|Data Anthony.csv:996
8d6a4f81ab44b504,what schools should i apply to for engineering in Texas good financial aid,what schools should i apply to for engineering in texas good financial aid,complex,intent_policy,0.98,Recognized intents consistently map to one frozen V1 route,,0.0,2,complex:1|short_circuit:1,complex:1|short_circuit:1,,recommendation,counselor_teacher,recommendation:2,counselor_teacher:1|high_school_student:1,Data - Shivansh.csv,Data - Shivansh.csv:565|Data - Shivansh.csv:2447
