query_text,intent_raw,complexity_raw,persona_raw,pipeline_raw,entities_raw,notes_raw,source_file,source_row,query_norm,query_id,intent,persona,observed_route_raw,observed_route,pipeline,pipeline_route
mechanical engineering programs strong in robotics but not huge lecture halls,multi_constraint,high,High school student,filtered_search,major:mechanical_engineering; attribute:robotics_focus; attribute:small_class_size,Academic + environment constraint,Data - Nimisha.csv,112,mechanical engineering programs strong in robotics but not huge lecture halls,2750601dad23c009,multi_constraint,high_school_student,high,high,filtered_search,
colleges where engineers still study abroad easily,multi_constraint,high,High school student,filtered_search,major:engineering; attribute:study_abroad_friendly,Flexibility for engineers,Data - Nimisha.csv,114,colleges where engineers still study abroad easily,7e33e433c4415e88,multi_constraint,high_school_student,high,high,filtered_search,
tech focused colleges with strong art scene,multi_constraint,high,High school student,llm_recommendation,attribute:technology_focus; attribute:arts_culture,Culture blend,Data - Nimisha.csv,116,tech focused colleges with strong art scene,98b1ac843a6e5864,multi_constraint,high_school_student,high,high,llm_recommendation,
mid sized universities where cs students collaborate not compete,emotional_advisory,high,High school student,llm_recommendation,major:computer_science; attribute:collaborative_culture; attribute:medium_enrollment,Culture nuance,Data - Nimisha.csv,119,mid sized universities where cs students collaborate not compete,beb3eab9da7ffd26,emotional_advisory,high_school_student,high,high,llm_recommendation,
cs schools strong in cybersecurity but not military heavy,multi_constraint,high,High school student,llm_recommendation,major:computer_science; specialization:cybersecurity; attribute:non_military_culture,Cultural filter,Data - Nimisha.csv,123,cs schools strong in cybersecurity but not military heavy,97969387492daa4c,multi_constraint,high_school_student,high,high,llm_recommendation,
engineering schools with strong mental health support,multi_constraint,high,High school student,filtered_search,major:engineering; attribute:mental_health_resources,Wellness concern,Data - Nimisha.csv,126,engineering schools with strong mental health support,528947ee42e82176,multi_constraint,high_school_student,high,high,filtered_search,
schools combining environmental engineering and policy,multi_constraint,high,High school student,filtered_search,major:environmental_engineering; attribute:policy_integration,Dual interest,Data - Nimisha.csv,129,schools combining environmental engineering and policy,ff607110f3042809,multi_constraint,high_school_student,high,high,filtered_search,
is switching from biology to biomedical engineering risky junior year,advisory,high,College student,llm_advisory,major:biology; major:biomedical_engineering,Late major pivot,Data - Nimisha.csv,132,is switching from biology to biomedical engineering risky junior year,330d29e20c5e62f1,advisory,college_student,high,high,llm_advisory,
cs double major with philosophy worth extra semester,advisory,high,College student,llm_advisory,major:computer_science; major:philosophy,Interdisciplinary ROI,Data - Nimisha.csv,133,cs double major with philosophy worth extra semester,4eae29fd247fcde7,advisory,college_student,high,high,llm_advisory,
cs major burnout what alternatives in tech,advisory,high,College student,llm_advisory,major:computer_science; field:technology,Career redirection,Data - Nimisha.csv,136,cs major burnout what alternatives in tech,a86709d4b9328a0f,advisory,college_student,high,high,llm_advisory,
staying fifth year for masters in engineering worth it,advisory,high,College student,llm_advisory,major:engineering; degree:masters,Accelerated masters,Data - Nimisha.csv,137,staying fifth year for masters in engineering worth it,c2bb8e60978e9417,advisory,college_student,high,high,llm_advisory,
should my kid choose engineering at smaller liberal arts college,advisory,high,Parent,llm_advisory,major:engineering; attribute:liberal_arts_college,Fit question,Data - Nimisha.csv,142,should my kid choose engineering at smaller liberal arts college,db0187a88247c681,advisory,parent,high,high,llm_advisory,
worried about daughter in male dominated engineering program,emotional_advisory,high,Parent,llm_advisory,major:engineering; attribute:gender_balance,Inclusion concern,Data - Nimisha.csv,143,worried about daughter in male dominated engineering program,66c908a1c3476e6c,emotional_advisory,parent,high,high,llm_advisory,
engineering degree with heavy loans responsible decision,advisory,high,Parent,llm_advisory,major:engineering; attribute:student_loans,Financial caution,Data - Nimisha.csv,145,engineering degree with heavy loans responsible decision,2d58445ea7d10450,advisory,parent,high,high,llm_advisory,
engineering colleges balancing rigor and wellbeing,emotional_advisory,high,Parent,llm_recommendation,major:engineering; attribute:student_wellbeing,Culture balance,Data - Nimisha.csv,149,engineering colleges balancing rigor and wellbeing,5bf64ac12155d871,emotional_advisory,parent,high,high,llm_recommendation,
how to guide student interested in both aerospace and physics,advisory,high,Counselor,llm_advisory,major:aerospace_engineering; major:physics,Overlapping interests,Data - Nimisha.csv,152,how to guide student interested in both aerospace and physics,044adf7f369ab344,advisory,counselor,high,high,llm_advisory,
supporting first gen student applying to engineering schools,emotional_advisory,high,Counselor,llm_advisory,major:engineering; attribute:first_generation,Access support,Data - Nimisha.csv,153,supporting first gen student applying to engineering schools,833f146effda669c,emotional_advisory,counselor,high,high,llm_advisory,
student wants tech career but dislikes coding,advisory,high,Counselor,llm_advisory,field:technology; major:computer_science,Alternative pathways,Data - Nimisha.csv,157,student wants tech career but dislikes coding,79deefc291b045b2,advisory,counselor,high,high,llm_advisory,
improving yield among admitted computer science students,strategy,high,College admissions officer,llm_strategy,major:computer_science; attribute:yield_rate,Enrollment management,Data - Nimisha.csv,162,improving yield among admitted computer science students,762073494ed1d3ed,strategy,college_admissions_officer,high,high,llm_strategy,
increasing diversity in tech applicant pool,strategy,high,College admissions officer,llm_strategy,field:technology; attribute:diversity,Recruitment strategy,Data - Nimisha.csv,164,increasing diversity in tech applicant pool,08888f048f8880ad,strategy,college_admissions_officer,high,high,llm_strategy,
communicating rigor without scaring applicants,strategy,high,College admissions officer,llm_strategy,attribute:academic_rigor,Tone balance,Data - Nimisha.csv,168,communicating rigor without scaring applicants,25c52a1f2560a91b,strategy,college_admissions_officer,high,high,llm_strategy,
repositioning regional tech university brand perception,strategy,high,College admissions officer,llm_strategy,attribute:technology_focus; attribute:brand_perception,Market positioning,Data - Nimisha.csv,171,repositioning regional tech university brand perception,a0f85207603d3f9e,strategy,college_admissions_officer,high,high,llm_strategy,
best engineering schools for introverted students,emotional_advisory,high,High school student,llm_recommendation,major:engineering; attribute:student_personality_fit,Personality fit,Data - Nimisha.csv,172,best engineering schools for introverted students,2e09e5f97e2a21cd,emotional_advisory,high_school_student,high,high,llm_recommendation,
tech universities with vibrant debate clubs,multi_constraint,high,High school student,llm_recommendation,attribute:technology_focus; attribute:debate_club,Academic + extracurricular,Data - Nimisha.csv,175,tech universities with vibrant debate clubs,6702120eb45291e6,multi_constraint,high_school_student,high,high,llm_recommendation,
engineering major with interest in public service pathways,advisory,high,College student,llm_advisory,major:engineering; career:public_service,Nontraditional path,Data - Nimisha.csv,182,engineering major with interest in public service pathways,8d96a0851052d408,advisory,college_student,high,high,llm_advisory,
cs major feeling behind peers in coding interviews,emotional_advisory,high,College student,llm_advisory,major:computer_science; attribute:technical_interviews,Confidence issue,Data - Nimisha.csv,185,cs major feeling behind peers in coding interviews,5c3059b2ad087546,emotional_advisory,college_student,high,high,llm_advisory,
cs major worried about ai replacing entry level jobs,advisory,high,College student,llm_advisory,major:computer_science; field:artificial_intelligence,Automation anxiety,Data - Nimisha.csv,190,cs major worried about ai replacing entry level jobs,39601a4f1cd6ae37,advisory,college_student,high,high,llm_advisory,
mechancial engeneering schools good for robotics but not cutthroat,multi_constraint,high,High school student,llm_recommendation,major:mechanical_engineering; attribute:robotics_focus; attribute:collaborative_culture,Academic + culture,Data - Nimisha.csv,192,mechancial engeneering schools good for robotics but not cutthroat,8921c6031ae78799,multi_constraint,high_school_student,high,high,llm_recommendation,
cs collages w strong peer mentroing not super compeditive,multi_constraint,high,High school student,llm_recommendation,major:computer_science; attribute:peer_mentoring; attribute:low_competitiveness,Supportive CS,Data - Nimisha.csv,193,cs collages w strong peer mentroing not super compeditive,fc8408202978f292,multi_constraint,high_school_student,high,high,llm_recommendation,
cs schools strong in cyber secuirty but chill vibe,multi_constraint,high,High school student,llm_recommendation,major:computer_science; specialization:cybersecurity; attribute:relaxed_culture,Specialty + vibe,Data - Nimisha.csv,196,cs schools strong in cyber secuirty but chill vibe,23a7b44662725083,multi_constraint,high_school_student,high,high,llm_recommendation,
enviromental engeneering programs w policy focus,multi_constraint,high,High school student,filtered_search,major:environmental_engineering; attribute:policy_integration,Dual focus,Data - Nimisha.csv,198,enviromental engeneering programs w policy focus,fe164d099b3ab7f4,multi_constraint,high_school_student,high,high,filtered_search,
swtiching from chem eng to comp sci sophmore year bad idea,advisory,high,College student,llm_advisory,major:chemical_engineering; major:computer_science,Major pivot,Data - Nimisha.csv,202,swtiching from chem eng to comp sci sophmore year bad idea,0278a16a4d6cd44c,advisory,college_student,high,high,llm_advisory,
engeneering 5th year masters worth extra tution,advisory,high,College student,llm_advisory,major:engineering; degree:masters,Cost tradeoff,Data - Nimisha.csv,204,engeneering 5th year masters worth extra tution,571415cc894964d3,advisory,college_student,high,high,llm_advisory,
cs burnout what other tech carrers exist,advisory,high,College student,llm_advisory,major:computer_science; field:technology,Alternatives,Data - Nimisha.csv,207,cs burnout what other tech carrers exist,eb0145e12544aef2,advisory,college_student,high,high,llm_advisory,
civil engeneering jobs stable in 2030,advisory,high,College student,llm_advisory,major:civil_engineering; attribute:job_stability,Future outlook,Data - Nimisha.csv,211,civil engeneering jobs stable in 2030,f90d633fd47f15c1,advisory,college_student,high,high,llm_advisory,
is engeneering degree too stressfull for my son,emotional_advisory,high,Parent,llm_advisory,major:engineering; attribute:academic_rigor,Parent concern,Data - Nimisha.csv,212,is engeneering degree too stressfull for my son,d1499451bde53e98,emotional_advisory,parent,high,high,llm_advisory,
mech eng programs good for introverted kids,emotional_advisory,high,Parent,llm_recommendation,major:mechanical_engineering; attribute:personality_fit,Fit focus,Data - Nimisha.csv,215,mech eng programs good for introverted kids,a1f62851f792746a,emotional_advisory,parent,high,high,llm_recommendation,
cs oversaturted job market worry,advisory,high,Parent,llm_advisory,major:computer_science; attribute:job_market,Market anxiety,Data - Nimisha.csv,217,cs oversaturted job market worry,958a49bd0fbbbfd0,advisory,parent,high,high,llm_advisory,
daughter in male domnated eng field safe,emotional_advisory,high,Parent,llm_advisory,major:engineering; attribute:gender_balance,Inclusion,Data - Nimisha.csv,219,daughter in male domnated eng field safe,a091697196050f77,emotional_advisory,parent,high,high,llm_advisory,
cs grad school worth more debt,advisory,high,Parent,llm_advisory,major:computer_science; degree:graduate_school,Debt decision,Data - Nimisha.csv,221,cs grad school worth more debt,55b5d9bafaa4b50e,advisory,parent,high,high,llm_advisory,
advising student intrested aerospace + physics overlap,advisory,high,Counselor,llm_advisory,major:aerospace_engineering; major:physics,Dual interest,Data - Nimisha.csv,222,advising student intrested aerospace + physics overlap,4bcffae13dcb53cf,advisory,counselor,high,high,llm_advisory,
first gen studnt applying engineering help,emotional_advisory,high,Counselor,llm_advisory,major:engineering; attribute:first_generation,Access,Data - Nimisha.csv,223,first gen studnt applying engineering help,9721e0c36075e49b,emotional_advisory,counselor,high,high,llm_advisory,
cs student worried ai replace entry lvl jobs,advisory,high,Counselor,llm_advisory,major:computer_science; field:artificial_intelligence,Automation,Data - Nimisha.csv,224,cs student worried ai replace entry lvl jobs,884f1156034770e9,advisory,counselor,high,high,llm_advisory,
improve yield comp sci admits strategy,strategy,high,College admissions officer,llm_strategy,major:computer_science; attribute:yield_rate,Enrollment,Data - Nimisha.csv,232,improve yield comp sci admits strategy,aa26eb51103d37ce,strategy,college_admissions_officer,high,high,llm_strategy,
attract more women to tech aplicants,strategy,high,College admissions officer,llm_strategy,field:technology; attribute:gender_diversity,Diversity,Data - Nimisha.csv,235,attract more women to tech aplicants,91d26b6cbfdfd479,strategy,college_admissions_officer,high,high,llm_strategy,
communicate rigor w out scaring aplicants,strategy,high,College admissions officer,llm_strategy,attribute:academic_rigor,Tone,Data - Nimisha.csv,237,communicate rigor w out scaring aplicants,ed75a62a4835e733,strategy,college_admissions_officer,high,high,llm_strategy,
reposition regional tech brand percepetion,strategy,high,College admissions officer,llm_strategy,attribute:technology_focus; attribute:brand_perception,Branding,Data - Nimisha.csv,239,reposition regional tech brand percepetion,9f78dcc7e7065f12,strategy,college_admissions_officer,high,high,llm_strategy,
tech universties w good debate + coding mix,multi_constraint,high,High school student,llm_recommendation,attribute:technology_focus; attribute:debate_club; major:computer_science,Mixed interest,Data - Nimisha.csv,246,tech universties w good debate + coding mix,36ab825869b8850e,multi_constraint,high_school_student,high,high,llm_recommendation,
cs major feel behind coding interveiws,emotional_advisory,high,College student,llm_advisory,major:computer_science; attribute:technical_interviews,Confidence,Data - Nimisha.csv,252,cs major feel behind coding interveiws,6fbba894ac03538f,emotional_advisory,college_student,high,high,llm_advisory,
chemical engeneering demand future outlook,advisory,high,College student,llm_advisory,major:chemical_engineering; attribute:job_market,Trend,Data - Nimisha.csv,260,chemical engeneering demand future outlook,7c1c9b98f2aebc34,advisory,college_student,high,high,llm_advisory,
is engeneering too hard for avg student,emotional_advisory,high,Parent,llm_advisory,major:engineering; attribute:academic_difficulty,Parent worry,Data - Nimisha.csv,262,is engeneering too hard for avg student,478a1d8683603b51,emotional_advisory,parent,high,high,llm_advisory,
cs degree oversaturtion myth or real,advisory,high,Parent,llm_advisory,major:computer_science; attribute:job_market,Market myth,Data - Nimisha.csv,263,cs degree oversaturtion myth or real,fa0d4350bd82847c,advisory,parent,high,high,llm_advisory,
engeneering w heavy loans responsble,advisory,high,Parent,llm_advisory,major:engineering; attribute:student_loans,Financial,Data - Nimisha.csv,265,engeneering w heavy loans responsble,b01cf3a05631ef8f,advisory,parent,high,high,llm_advisory,
cs career longetivity in ai era,advisory,high,Parent,llm_advisory,major:computer_science; field:artificial_intelligence,Longevity,Data - Nimisha.csv,266,cs career longetivity in ai era,13f914376b6c9ba8,advisory,parent,high,high,llm_advisory,
mech eng schools supportive enviroment,emotional_advisory,high,Parent,llm_recommendation,major:mechanical_engineering; attribute:supportive_culture,Fit,Data - Nimisha.csv,267,mech eng schools supportive enviroment,bafc6a320bf9c03f,emotional_advisory,parent,high,high,llm_recommendation,
comp sci grad school roi calcualtion,advisory,high,Parent,llm_advisory,major:computer_science; degree:graduate_school; attribute:roi,Cost benefit,Data - Nimisha.csv,269,comp sci grad school roi calcualtion,ebb03310a2ee45bd,advisory,parent,high,high,llm_advisory,
eng small skl not city,multi_constraint,high,High school student,filtered_search,major:engineering; attribute:small_enrollment; attribute:non_urban,Size + location,Data - Nimisha.csv,274,eng small skl not city,a7d58e28813796fe,multi_constraint,high_school_student,high,high,filtered_search,
tech but artsy vibe?,multi_constraint,high,High school student,llm_recommendation,attribute:technology_focus; attribute:arts_culture,Culture blend,Data - Nimisha.csv,275,tech but artsy vibe,7ec31610e319fb52,multi_constraint,high_school_student,high,high,llm_recommendation,
cs no calc heavy,multi_constraint,high,High school student,llm_recommendation,major:computer_science; attribute:low_math_intensity,Curriculum concern,Data - Nimisha.csv,277,cs no calc heavy,a59a87c287396bb6,multi_constraint,high_school_student,high,high,llm_recommendation,
eng not weed out school,attribute_lookup,high,High school student,llm_recommendation,major:engineering; attribute:low_attrition,Retention focus,Data - Nimisha.csv,278,eng not weed out school,7e1a797d1b86250f,attribute_lookup,high_school_student,high,high,llm_recommendation,
eng w study abrod ez,attribute_lookup,high,High school student,filtered_search,major:engineering; attribute:study_abroad_friendly,Flexibility,Data - Nimisha.csv,280,eng w study abrod ez,5a0d0467ede88dc1,attribute_lookup,high_school_student,high,high,filtered_search,
switch bio 2 biomed eng jr yr dumb?,advisory,high,College student,llm_advisory,major:biology; major:biomedical_engineering,Late switch,Data - Nimisha.csv,282,switch bio 2 biomed eng jr yr dumb,635a35514efdd148,advisory,college_student,high,high,llm_advisory,
cs gpa 2.7 screwed?,emotional_advisory,high,College student,llm_advisory,major:computer_science; attribute:gpa_2_7,Anxiety,Data - Nimisha.csv,283,cs gpa 2.7 screwed,dc99f5661668a64f,emotional_advisory,college_student,high,high,llm_advisory,
eng 5yr ms worth??,advisory,high,College student,llm_advisory,major:engineering; degree:masters,Accelerated masters,Data - Nimisha.csv,284,eng 5yr ms worth,f4c6bc7c150e32cf,advisory,college_student,high,high,llm_advisory,
comp sci oversat??,advisory,high,College student,llm_advisory,major:computer_science; attribute:job_market,Market fear,Data - Nimisha.csv,288,comp sci oversat,54c1e14792e5c81a,advisory,college_student,high,high,llm_advisory,
eng burnout alt path,advisory,high,College student,llm_advisory,major:engineering,Redirection,Data - Nimisha.csv,291,eng burnout alt path,59efcec6db9599cb,advisory,college_student,high,high,llm_advisory,
son eng too stress?,emotional_advisory,high,Parent,llm_advisory,major:engineering; attribute:academic_rigor,Concern,Data - Nimisha.csv,292,son eng too stress,867e1a3a136ef44e,emotional_advisory,parent,high,high,llm_advisory,
eng loans dumb idea?,advisory,high,Parent,llm_advisory,major:engineering; attribute:student_loans,Debt,Data - Nimisha.csv,296,eng loans dumb idea,d34aa947020b6461,advisory,parent,high,high,llm_advisory,
cs ai replace kids?,advisory,high,Parent,llm_advisory,major:computer_science; field:artificial_intelligence,Automation worry,Data - Nimisha.csv,297,cs ai replace kids,ae5a8d4d3b2a1d9d,advisory,parent,high,high,llm_advisory,
daughter eng male dom ok?,emotional_advisory,high,Parent,llm_advisory,major:engineering; attribute:gender_balance,Inclusion,Data - Nimisha.csv,299,daughter eng male dom ok,f8a13e8cffae95bb,emotional_advisory,parent,high,high,llm_advisory,
cs grad skl debt worth,advisory,high,Parent,llm_advisory,major:computer_science; degree:graduate_school,Cost,Data - Nimisha.csv,301,cs grad skl debt worth,cee319db5d0ea47e,advisory,parent,high,high,llm_advisory,
student aero + phys lost,emotional_advisory,high,Counselor,llm_advisory,major:aerospace_engineering; major:physics,Dual path,Data - Nimisha.csv,302,student aero + phys lost,8478bf9a0b35169a,emotional_advisory,counselor,high,high,llm_advisory,
first gen eng apps help,advisory,high,Counselor,llm_advisory,major:engineering; attribute:first_generation,Access,Data - Nimisha.csv,303,first gen eng apps help,2d882ed2fcb863c0,advisory,counselor,high,high,llm_advisory,
cs ai fear talk pts,advisory,high,Counselor,llm_advisory,major:computer_science; field:artificial_intelligence,Talking points,Data - Nimisha.csv,304,cs ai fear talk pts,6b7823783b37f13c,advisory,counselor,high,high,llm_advisory,
cs yield down why,strategy,high,College admissions officer,llm_strategy,major:computer_science; attribute:yield_rate,Enrollment,Data - Nimisha.csv,312,cs yield down why,d75d37af5064229e,strategy,college_admissions_officer,high,high,llm_strategy,
eng brand weak fix,strategy,high,College admissions officer,llm_strategy,major:engineering; attribute:brand_perception,Branding,Data - Nimisha.csv,313,eng brand weak fix,41a4a5161f364075,strategy,college_admissions_officer,high,high,llm_strategy,
women tech apps low,strategy,high,College admissions officer,llm_strategy,field:technology; attribute:gender_diversity,Diversity,Data - Nimisha.csv,315,women tech apps low,1de5c3ff18c0dc11,strategy,college_admissions_officer,high,high,llm_strategy,
rigor scare kids,strategy,high,College admissions officer,llm_strategy,attribute:academic_rigor,Tone,Data - Nimisha.csv,317,rigor scare kids,e7256e91676a0ac7,strategy,college_admissions_officer,high,high,llm_strategy,
tech rep midwest meh,strategy,high,College admissions officer,llm_strategy,attribute:technology_focus; attribute:regional_brand,Positioning,Data - Nimisha.csv,321,tech rep midwest meh,9d7954da6b675acf,strategy,college_admissions_officer,high,high,llm_strategy,
tech + debate rare?,multi_constraint,high,High school student,llm_recommendation,attribute:technology_focus; attribute:debate_club,Mixed interest,Data - Nimisha.csv,326,tech + debate rare,71a67dddab78732b,multi_constraint,high_school_student,high,high,llm_recommendation,
cs interveiw fail lot,emotional_advisory,high,College student,llm_advisory,major:computer_science; attribute:technical_interviews,Confidence,Data - Nimisha.csv,332,cs interveiw fail lot,8663a0dceecc47b0,emotional_advisory,college_student,high,high,llm_advisory,
eng startup + gpa tank,emotional_advisory,high,College student,llm_advisory,major:engineering; attribute:entrepreneurship,Balance,Data - Nimisha.csv,333,eng startup + gpa tank,ea90ac636604315e,emotional_advisory,college_student,high,high,llm_advisory,
eng gpa 3.1 phd shot,advisory,high,College student,llm_advisory,major:engineering; degree:phd; attribute:gpa_3_1,Admissions,Data - Nimisha.csv,338,eng gpa 3.1 phd shot,56e58d889e8540cc,advisory,college_student,high,high,llm_advisory,
eng avg kid survive,emotional_advisory,high,Parent,llm_advisory,major:engineering; attribute:academic_difficulty,Worry,Data - Nimisha.csv,342,eng avg kid survive,6a78d2bcb5d06717,emotional_advisory,parent,high,high,llm_advisory,
cs bubble burst?,advisory,high,Parent,llm_advisory,major:computer_science; attribute:job_market,Market,Data - Nimisha.csv,343,cs bubble burst,165817082141e4d8,advisory,parent,high,high,llm_advisory,
eng debt trap?,advisory,high,Parent,llm_advisory,major:engineering; attribute:student_loans,Debt,Data - Nimisha.csv,345,eng debt trap,57ee9429d33b9dbd,advisory,parent,high,high,llm_advisory,
cs long term safe,advisory,high,Parent,llm_advisory,major:computer_science; attribute:career_longevity,Stability,Data - Nimisha.csv,346,cs long term safe,636149584e88b72b,advisory,parent,high,high,llm_advisory,
cs masters roi math,advisory,high,Parent,llm_advisory,major:computer_science; degree:masters; attribute:roi,Cost benefit,Data - Nimisha.csv,349,cs masters roi math,3ad04c191661bd4d,advisory,parent,high,high,llm_advisory,
transfer mech eng credits 2 year to 4 year pain?,advisory,high,Transfer student,llm_advisory,major:mechanical_engineering; attribute:credit_transfer,Credit mobility,Data - Nimisha.csv,352,transfer mech eng credits 2 year to 4 year pain,773bd9920327f9f6,advisory,transfer_student,high,high,llm_advisory,
eng prereqs diff univ mess,attribute_lookup,high,Transfer student,filtered_search,major:engineering; attribute:prerequisites,Curriculum mismatch,Data - Nimisha.csv,354,eng prereqs diff univ mess,f333de5bc5a7ff95,attribute_lookup,transfer_student,high,high,filtered_search,
2yr eng degree job ready?,advisory,high,Community college student,llm_advisory,major:engineering; degree:associate_degree,Employability,Data - Nimisha.csv,358,2yr eng degree job ready,fa6fb484812d72bb,advisory,community_college_student,high,high,llm_advisory,
intl student cs opt chances,advisory,high,International student,llm_advisory,major:computer_science; attribute:opt_employment,Visa employment,Data - Nimisha.csv,362,intl student cs opt chances,6ef094e1ea0b20c1,advisory,international_student,high,high,llm_advisory,
eng h1b realistic now,advisory,high,International student,llm_advisory,major:engineering; attribute:h1b_visa,Immigration concern,Data - Nimisha.csv,363,eng h1b realistic now,ef1809c980f2cf3e,advisory,international_student,high,high,llm_advisory,
us cs masters vs canada better visa,comparison,high,International student,llm_advisory,major:computer_science; degree:masters; country:united_states; country:canada,Migration strategy,Data - Nimisha.csv,364,us cs masters vs canada better visa,0852b47a8ebac935,comparison,international_student,high,high,llm_advisory,
mech eng jobs sponsor rare?,advisory,high,International student,llm_advisory,major:mechanical_engineering; attribute:visa_sponsorship,Hiring barrier,Data - Nimisha.csv,365,mech eng jobs sponsor rare,f95c30143a6b1c65,advisory,international_student,high,high,llm_advisory,
phd mech eng industry exit good,advisory,high,Graduate applicant,llm_advisory,major:mechanical_engineering; degree:phd,Career outcome,Data - Nimisha.csv,367,phd mech eng industry exit good,3bc9adfe55b6d34e,advisory,graduate_applicant,high,high,llm_advisory,
biomed eng phd oversupply?,advisory,high,Graduate applicant,llm_advisory,major:biomedical_engineering; degree:phd; attribute:job_market,Academic market,Data - Nimisha.csv,370,biomed eng phd oversupply,eb80f7d96de61203,advisory,graduate_applicant,high,high,llm_advisory,
ai phd vs industry lab diff,comparison,high,Graduate applicant,llm_advisory,field:artificial_intelligence; degree:phd,Career fork,Data - Nimisha.csv,371,ai phd vs industry lab diff,60e1bafaa6c4140c,comparison,graduate_applicant,high,high,llm_advisory,
30yr old learn cs dumb?,emotional_advisory,high,Career changer,llm_advisory,major:computer_science,Age concern,Data - Nimisha.csv,372,30yr old learn cs dumb,21602c669ce516e3,emotional_advisory,career_changer,high,high,llm_advisory,
mech eng to software bootcamp risky,advisory,high,Career changer,llm_advisory,major:mechanical_engineering; major:software_engineering,Pivot risk,Data - Nimisha.csv,373,mech eng to software bootcamp risky,7516a3e61afa234a,advisory,career_changer,high,high,llm_advisory,
eng degree stale 10yrs update how,advisory,high,Career changer,llm_advisory,major:engineering; attribute:continuing_education,Skill refresh,Data - Nimisha.csv,374,eng degree stale 10yrs update how,dddcbc9d62120749,advisory,career_changer,high,high,llm_advisory,
cs grads cant explain systems well why,advisory,high,Employer,llm_advisory,major:computer_science; attribute:systems_knowledge,Skills gap,Data - Nimisha.csv,377,cs grads cant explain systems well why,ee80b308ebbdd345,advisory,employer,high,high,llm_advisory,
cs interns need less leetcode more design,advisory,high,Employer,llm_advisory,major:computer_science; attribute:software_design,Hiring signal,Data - Nimisha.csv,381,cs interns need less leetcode more design,0c3741358be0401b,advisory,employer,high,high,llm_advisory,
entry level eng salary inflation trend,attribute_lookup,high,Industry hiring manager,filtered_search,major:engineering; attribute:entry_level_salary,Compensation trend,Data - Nimisha.csv,382,entry level eng salary inflation trend,4e10ca0a677bca2a,attribute_lookup,industry_hiring_manager,high,high,filtered_search,
cs grads expect remote only realistic,advisory,high,Industry hiring manager,llm_advisory,major:computer_science; attribute:remote_work,Expectation gap,Data - Nimisha.csv,383,cs grads expect remote only realistic,75f02600fdb10710,advisory,industry_hiring_manager,high,high,llm_advisory,
ai grads theory heavy prod light,advisory,high,Industry hiring manager,llm_advisory,field:artificial_intelligence; attribute:production_experience,Practical gap,Data - Nimisha.csv,385,ai grads theory heavy prod light,201f114bf96a4ddf,advisory,industry_hiring_manager,high,high,llm_advisory,
cs students need better portfolio tools,strategy,high,EdTech founder,llm_strategy,major:computer_science; attribute:portfolio,Product design,Data - Nimisha.csv,387,cs students need better portfolio tools,6f902f3431c21479,strategy,edtech_founder,high,high,llm_strategy,
eng lab sim software market opp,strategy,high,EdTech founder,llm_strategy,major:engineering; attribute:lab_simulation,Market gap,Data - Nimisha.csv,388,eng lab sim software market opp,bf4dc3c097eab05a,strategy,edtech_founder,high,high,llm_strategy,
data sci project marketplace viable,strategy,high,EdTech founder,llm_strategy,major:data_science; attribute:project_based_learning,Platform idea,Data - Nimisha.csv,389,data sci project marketplace viable,e88ac529830450e4,strategy,edtech_founder,high,high,llm_strategy,
ai ethics curriculum demand rising,attribute_lookup,high,EdTech founder,filtered_search,specialization:ai_ethics; field:artificial_intelligence,Trend validation,Data - Nimisha.csv,390,ai ethics curriculum demand rising,152a15bb4710496b,attribute_lookup,edtech_founder,high,high,filtered_search,
eng scholarship roi measurable?,advisory,high,Scholarship foundation officer,llm_advisory,major:engineering; attribute:roi,Impact evaluation,Data - Nimisha.csv,392,eng scholarship roi measurable,447bc99f2ccab39c,advisory,scholarship_foundation_officer,high,high,llm_advisory,
cs low income grantee grad rates,attribute_lookup,high,Scholarship foundation officer,filtered_search,major:computer_science; attribute:graduation_rate,Outcome tracking,Data - Nimisha.csv,393,cs low income grantee grad rates,e7641c1824aa517d,attribute_lookup,scholarship_foundation_officer,high,high,filtered_search,
fund women in mech eng impact,advisory,high,Scholarship foundation officer,llm_advisory,major:mechanical_engineering; attribute:gender_diversity,Equity,Data - Nimisha.csv,394,fund women in mech eng impact,39d268dd2e960717,advisory,scholarship_foundation_officer,high,high,llm_advisory,
rural students tech degree mobility,advisory,high,Scholarship foundation officer,llm_advisory,field:technology; attribute:social_mobility,Access,Data - Nimisha.csv,395,rural students tech degree mobility,aa7ffc457ad9b73f,advisory,scholarship_foundation_officer,high,high,llm_advisory,
regional eng grad shortage 2035,forecast,high,Government workforce analyst,filtered_search,major:engineering; attribute:workforce_demand,Projection,Data - Nimisha.csv,397,regional eng grad shortage 2035,1384f241d7a11133,forecast,government_workforce_analyst,high,high,filtered_search,
cs labor market cyclical pattern,attribute_lookup,high,Government workforce analyst,filtered_search,major:computer_science; attribute:job_market,Trend data,Data - Nimisha.csv,398,cs labor market cyclical pattern,ea5da7c1ad9c0d5a,attribute_lookup,government_workforce_analyst,high,high,filtered_search,
mech eng automation displacement risk,advisory,high,Government workforce analyst,llm_advisory,major:mechanical_engineering; attribute:automation_risk,Risk model,Data - Nimisha.csv,399,mech eng automation displacement risk,4c616df71a8d1144,advisory,government_workforce_analyst,high,high,llm_advisory,
data sci workforce oversupply metro areas,attribute_lookup,high,Government workforce analyst,filtered_search,major:data_science; attribute:regional_job_market,Geographic imbalance,Data - Nimisha.csv,400,data sci workforce oversupply metro areas,11dd63f8bdcd3027,attribute_lookup,government_workforce_analyst,high,high,filtered_search,
civil eng infrastructure bill demand spike,attribute_lookup,high,Government workforce analyst,filtered_search,major:civil_engineering; attribute:public_infrastructure,Policy impact,Data - Nimisha.csv,401,civil eng infrastructure bill demand spike,2bd01ddef65d7857,attribute_lookup,government_workforce_analyst,high,high,filtered_search,
transfer cs credits lost?,advisory,high,Transfer student,llm_advisory,major:computer_science; attribute:credit_transfer,Concern over lost credits,Data - Nimisha.csv,402,transfer cs credits lost,d52ecfb01003bfd7,advisory,transfer_student,high,high,llm_advisory,
mech eng 2 yr to 4 yr worth?,advisory,high,Transfer student,llm_advisory,major:mechanical_engineering; attribute:degree_transfer,ROI question,Data - Nimisha.csv,403,mech eng 2 yr to 4 yr worth,f08b6bde2ea32500,advisory,transfer_student,high,high,llm_advisory,
intl student visa eng jobs,advisory,high,International student,llm_advisory,major:engineering; attribute:visa; career:employment,Immigration worry,Data - Nimisha.csv,406,intl student visa eng jobs,892735e9393870de,advisory,international_student,high,high,llm_advisory,
ai phd abroad worth?,advisory,high,International student,llm_advisory,degree:phd; field:ai; country:foreign,ROI + migration,Data - Nimisha.csv,407,ai phd abroad worth,eda337fba98a865a,advisory,international_student,high,high,llm_advisory,
career changer law 2 cs dumb?,emotional_advisory,high,Career changer,llm_advisory,prior_degree:law; major:computer_science,Anxiety about pivot,Data - Nimisha.csv,410,career changer law 2 cs dumb,63ff8751253ad471,emotional_advisory,career_changer,high,high,llm_advisory,
ai hires theory heavy prod light,advisory,high,Industry hiring manager,llm_advisory,field:artificial_intelligence; attribute:applied_experience,Skills mismatch,Data - Nimisha.csv,416,ai hires theory heavy prod light,f7cb264653d0d100,advisory,industry_hiring_manager,high,high,llm_advisory,
edtech build cs portfolio tool,strategy,high,EdTech founder,llm_strategy,major:computer_science; attribute:portfolio_tool,Product idea,Data - Nimisha.csv,417,edtech build cs portfolio tool,38a4790159e77dcc,strategy,edtech_founder,high,high,llm_strategy,
eng lab sim software needed,strategy,high,EdTech founder,llm_strategy,major:engineering; attribute:simulation,Market research,Data - Nimisha.csv,418,eng lab sim software needed,27c3e3b8605ff03f,strategy,edtech_founder,high,high,llm_strategy,
data sci project platform ok?,strategy,high,EdTech founder,llm_strategy,major:data_science; attribute:project_based_learning,Feasibility,Data - Nimisha.csv,419,data sci project platform ok,a9eaa36b83e4c519,strategy,edtech_founder,high,high,llm_strategy,
eng scholar ROI measure,advisory,high,Scholarship foundation officer,llm_advisory,major:engineering; attribute:roi,Grant impact,Data - Nimisha.csv,422,eng scholar roi measure,ce356f8b1a42733b,advisory,scholarship_foundation_officer,high,high,llm_advisory,
cs low-income grad rates,attribute_lookup,high,Scholarship foundation officer,filtered_search,major:computer_science; attribute:graduation_rate,Outcome tracking,Data - Nimisha.csv,423,cs low-income grad rates,a75d2bf988f7337b,attribute_lookup,scholarship_foundation_officer,high,high,filtered_search,
women mech eng impact?,advisory,high,Scholarship foundation officer,llm_advisory,major:mechanical_engineering; attribute:gender_equity,Inclusion metric,Data - Nimisha.csv,424,women mech eng impact,cfe9ce816f561477,advisory,scholarship_foundation_officer,high,high,llm_advisory,
rural tech students help,advisory,high,Scholarship foundation officer,llm_advisory,field:technology; attribute:rural_access,Equity,Data - Nimisha.csv,425,rural tech students help,fef1b48fba57d9f0,advisory,scholarship_foundation_officer,high,high,llm_advisory,
eng shortage 2035 region,forecast,high,Government workforce analyst,filtered_search,major:engineering; attribute:regional_demand,Projection,Data - Nimisha.csv,427,eng shortage 2035 region,fab35bd36da502da,forecast,government_workforce_analyst,high,high,filtered_search,
cs labor market cycle,attribute_lookup,high,Government workforce analyst,filtered_search,major:computer_science; attribute:job_trends,Trend,Data - Nimisha.csv,428,cs labor market cycle,544d66075d2991aa,attribute_lookup,government_workforce_analyst,high,high,filtered_search,
mech eng automation risk,advisory,high,Government workforce analyst,llm_advisory,major:mechanical_engineering; attribute:automation,Workforce risk,Data - Nimisha.csv,429,mech eng automation risk,39f0f5616bbf698d,advisory,government_workforce_analyst,high,high,llm_advisory,
data sci oversupply cities,attribute_lookup,high,Government workforce analyst,filtered_search,major:data_science; attribute:regional_job_market,Geographic imbalance,Data - Nimisha.csv,430,data sci oversupply cities,20bcf716eade4d4b,attribute_lookup,government_workforce_analyst,high,high,filtered_search,
civil eng infra bill spike,attribute_lookup,high,Government workforce analyst,filtered_search,major:civil_engineering; attribute:public_infrastructure,Policy effect,Data - Nimisha.csv,431,civil eng infra bill spike,46de6dd51e0a9d86,attribute_lookup,government_workforce_analyst,high,high,filtered_search,
transfer student cs minor conflict,advisory,high,Transfer student,llm_advisory,major:computer_science; attribute:minor_conflict,Scheduling,Data - Nimisha.csv,432,transfer student cs minor conflict,ea3a72439684c804,advisory,transfer_student,high,high,llm_advisory,
intl student opt cap stress,emotional_advisory,high,International student,llm_advisory,major:computer_science; attribute:opt_limit,Visa stress,Data - Nimisha.csv,434,intl student opt cap stress,8c6b967fb1c4b431,emotional_advisory,international_student,high,high,llm_advisory,
career changer eng burnout,emotional_advisory,high,Career changer,llm_advisory,major:engineering,Stress,Data - Nimisha.csv,436,career changer eng burnout,31aaeb3f6d05cde6,emotional_advisory,career_changer,high,high,llm_advisory,
edtech product students like?,strategy,high,EdTech founder,llm_strategy,attribute:student_engagement; product:edtech_platform,Adoption,Data - Nimisha.csv,439,edtech product students like,76f8f19a1fb3f3dc,strategy,edtech_founder,high,high,llm_strategy,
scholarship officer measure impact,advisory,high,Scholarship foundation officer,llm_advisory,attribute:program_efficacy,Evaluation,Data - Nimisha.csv,440,scholarship officer measure impact,5b4c124cd9d36fa4,advisory,scholarship_foundation_officer,high,high,llm_advisory,
gov analyst cs grad shortage,forecast,high,Government workforce analyst,filtered_search,major:computer_science; attribute:shortage,Supply-demand,Data - Nimisha.csv,441,gov analyst cs grad shortage,906ac5c3c8779b76,forecast,government_workforce_analyst,high,high,filtered_search,
transfer student eng prereq gap,advisory,high,Transfer student,llm_advisory,major:engineering; attribute:prerequisites,Course mapping,Data - Nimisha.csv,442,transfer student eng prereq gap,b8ca6304c7b9fcc2,advisory,transfer_student,high,high,llm_advisory,
cc student transfer GPA low,emotional_advisory,high,Community college student,llm_advisory,major:computer_science; attribute:gpa,Stress,Data - Nimisha.csv,443,cc student transfer gpa low,77563426822d0f01,emotional_advisory,community_college_student,high,high,llm_advisory,
grad applicant phd admit low,emotional_advisory,high,Graduate applicant,llm_advisory,degree:phd; major:mechanical_engineering,Anxiety,Data - Nimisha.csv,445,grad applicant phd admit low,27127f6f7175f83a,emotional_advisory,graduate_applicant,high,high,llm_advisory,
scholarship officer rural student impact,advisory,high,Scholarship foundation officer,llm_advisory,attribute:accessibility; location:rural,Outcome,Data - Nimisha.csv,450,scholarship officer rural student impact,6081de987a5f3838,advisory,scholarship_foundation_officer,high,high,llm_advisory,
government analyst mech eng pay trends,attribute_lookup,high,Government workforce analyst,filtered_search,major:mechanical_engineering; attribute:salary,Compensation,Data - Nimisha.csv,451,government analyst mech eng pay trends,b04825363b93665a,attribute_lookup,government_workforce_analyst,high,high,filtered_search,
transf cs cred lost univ?,advisory,high,Transfer student,llm_advisory,major:computer_science; attribute:credit_transfer,Concern about credit transfer,Data - Nimisha.csv,452,transf cs cred lost univ,652802ebcb88052c,advisory,transfer_student,high,high,llm_advisory,
intl eng grad visa stresser,emotional_advisory,high,International student,llm_advisory,major:engineering; attribute:visa,Visa anxiety,Data - Nimisha.csv,454,intl eng grad visa stresser,d4a0605c77f770a1,emotional_advisory,international_student,high,high,llm_advisory,
career change mech2cs risk,advisory,high,Career changer,llm_advisory,major:mechanical_engineering; major:computer_science,Pivot risk,Data - Nimisha.csv,456,career change mech2cs risk,31cff12c9981dc5b,advisory,career_changer,high,high,llm_advisory,
edtech build ai bootcamp,strategy,high,EdTech founder,llm_strategy,field:artificial_intelligence; attribute:bootcamp,Product idea,Data - Nimisha.csv,459,edtech build ai bootcamp,97981feafbe26568,strategy,edtech_founder,high,high,llm_strategy,
scholarship officer rural cs poor,advisory,high,Scholarship foundation officer,llm_advisory,major:computer_science; location:rural,Access issue,Data - Nimisha.csv,460,scholarship officer rural cs poor,8a225e0e7876ce9a,advisory,scholarship_foundation_officer,high,high,llm_advisory,
gov analyst eng jobs gap,forecast,high,Government workforce analyst,filtered_search,major:engineering; attribute:job_gap,Workforce projection,Data - Nimisha.csv,461,gov analyst eng jobs gap,b234c908234920d4,forecast,government_workforce_analyst,high,high,filtered_search,
transf aero prereq clash,advisory,high,Transfer student,llm_advisory,major:aerospace_engineering; attribute:prerequisites,Course clash,Data - Nimisha.csv,462,transf aero prereq clash,e151f82bd9b60624,advisory,transfer_student,high,high,llm_advisory,
intl cs opt cap fear,emotional_advisory,high,International student,llm_advisory,major:computer_science; attribute:opt_limit,Visa stress,Data - Nimisha.csv,464,intl cs opt cap fear,f8daf1086b0beebc,emotional_advisory,international_student,high,high,llm_advisory,
grad mech phd vs industry,comparison,high,Graduate applicant,llm_advisory,major:mechanical_engineering; degree:phd,Career path choice,Data - Nimisha.csv,465,grad mech phd vs industry,6addf2ae29ddea85,comparison,graduate_applicant,high,high,llm_advisory,
career switch law2ai?,emotional_advisory,high,Career changer,llm_advisory,prior_degree:law; major:ai,Anxiety over pivot,Data - Nimisha.csv,466,career switch law2ai,d0222cad943726c1,emotional_advisory,career_changer,high,high,llm_advisory,
hiring mgr ai grads theory > practice,advisory,high,Industry hiring manager,llm_advisory,field:ai; attribute:applied,Practical experience lacking,Data - Nimisha.csv,468,hiring mgr ai grads theory > practice,91001194bb5b962a,advisory,industry_hiring_manager,high,high,llm_advisory,
scholarship fund impact measure,advisory,high,Scholarship foundation officer,llm_advisory,attribute:impact,Program assessment,Data - Nimisha.csv,470,scholarship fund impact measure,7ca6901c2e2d95f7,advisory,scholarship_foundation_officer,high,high,llm_advisory,
gov analyst cs shortage midwest,forecast,high,Government workforce analyst,filtered_search,major:computer_science; region:midwest,Supply-demand,Data - Nimisha.csv,471,gov analyst cs shortage midwest,edc7c566894074c7,forecast,government_workforce_analyst,high,high,filtered_search,
transf eng course mismatch,advisory,high,Transfer student,llm_advisory,major:engineering; attribute:prerequisites,Transfer gap,Data - Nimisha.csv,472,transf eng course mismatch,f5e231b93b339d73,advisory,transfer_student,high,high,llm_advisory,
career changer late 30s learn cs,emotional_advisory,high,Career changer,llm_advisory,major:computer_science; age:30s,Age anxiety,Data - Nimisha.csv,476,career changer late 30s learn cs,7255f71b0b5cd5a9,emotional_advisory,career_changer,high,high,llm_advisory,
edtech ai ethics course need,strategy,high,EdTech founder,llm_strategy,specialization:ai_ethics; field:ai,Trend product,Data - Nimisha.csv,479,edtech ai ethics course need,63a45b33cc0ada12,strategy,edtech_founder,high,high,llm_strategy,
scholarship officer women eng support,advisory,high,Scholarship foundation officer,llm_advisory,major:engineering; attribute:gender_equity,Equity measure,Data - Nimisha.csv,480,scholarship officer women eng support,a63cc77517535253,advisory,scholarship_foundation_officer,high,high,llm_advisory,
gov analyst civil infra bill 2030,forecast,high,Government workforce analyst,filtered_search,major:civil_engineering; attribute:policy_impact,Workforce need,Data - Nimisha.csv,481,gov analyst civil infra bill 2030,04ba2ebc49ea9615,forecast,government_workforce_analyst,high,high,filtered_search,
transf cs minor clash,advisory,high,Transfer student,llm_advisory,major:computer_science; attribute:minor_conflict,Scheduling,Data - Nimisha.csv,482,transf cs minor clash,193f8405f6e2cd5c,advisory,transfer_student,high,high,llm_advisory,
scholarship fund rural cs support,advisory,high,Scholarship foundation officer,llm_advisory,major:computer_science; attribute:rural_access,Inclusion,Data - Nimisha.csv,490,scholarship fund rural cs support,07c46e2db38189fe,advisory,scholarship_foundation_officer,high,high,llm_advisory,
gov analyst eng pay trend,attribute_lookup,high,Government workforce analyst,filtered_search,major:engineering; attribute:salary,Compensation trends,Data - Nimisha.csv,491,gov analyst eng pay trend,6554da882a196f3a,attribute_lookup,government_workforce_analyst,high,high,filtered_search,
transf aero prereq missing,advisory,high,Transfer student,llm_advisory,major:aerospace_engineering; attribute:prerequisites,Gap concern,Data - Nimisha.csv,492,transf aero prereq missing,c48c232f5820043d,advisory,transfer_student,high,high,llm_advisory,
intl student stem OPT stress,emotional_advisory,high,International student,llm_advisory,major:STEM; attribute:opt,Visa anxiety,Data - Nimisha.csv,494,intl student stem opt stress,c04f6777b8c726e5,emotional_advisory,international_student,high,high,llm_advisory,
career changer late 20s phd risk,advisory,high,Career changer,llm_advisory,age:late_20s; degree:phd,Career timing risk,Data - Nimisha.csv,496,career changer late 20s phd risk,32d9cbd75c3369d0,advisory,career_changer,high,high,llm_advisory,
edtech founder project-based CS tool,strategy,high,EdTech founder,llm_strategy,major:computer_science; attribute:project_based_learning,Product design,Data - Nimisha.csv,499,edtech founder project-based cs tool,f066b4cf363d2cf9,strategy,edtech_founder,high,high,llm_strategy,
scholarship officer undergrad outcomes,advisory,high,Scholarship foundation officer,llm_advisory,degree:undergraduate; attribute:outcomes,Program effectiveness,Data - Nimisha.csv,500,scholarship officer undergrad outcomes,632312baa3abb6fc,advisory,scholarship_foundation_officer,high,high,llm_advisory,
gov analyst AI grads oversupply,attribute_lookup,high,Government workforce analyst,filtered_search,field:AI; attribute:job_market,Supply-demand check,Data - Nimisha.csv,501,gov analyst ai grads oversupply,97aac552849e5e19,attribute_lookup,government_workforce_analyst,high,high,filtered_search,
transf CS prereq fail,advisory,high,Transfer student,llm_advisory,major:computer_science; attribute:prerequisites,Transfer risk,Data - Nimisha.csv,502,transf cs prereq fail,9de741977e03b584,advisory,transfer_student,high,high,llm_advisory,
grad applicant AI thesis risk,advisory,high,Graduate applicant,llm_advisory,field:AI; degree:masters,Thesis worry,Data - Nimisha.csv,505,grad applicant ai thesis risk,4bb6e658715825bd,advisory,graduate_applicant,high,high,llm_advisory,
edtech founder lab sim software,strategy,high,EdTech founder,llm_strategy,major:engineering; attribute:lab_sim,Market opportunity,Data - Nimisha.csv,509,edtech founder lab sim software,e97f4ee8d7c638fa,strategy,edtech_founder,high,high,llm_strategy,
scholarship officer women STEM,advisory,high,Scholarship foundation officer,llm_advisory,major:STEM; attribute:gender_equity,Equity focus,Data - Nimisha.csv,510,scholarship officer women stem,62370750ebf7035d,advisory,scholarship_foundation_officer,high,high,llm_advisory,
gov analyst civil eng infra jobs,forecast,high,Government workforce analyst,filtered_search,major:civil_engineering; attribute:policy_demand,Future demand,Data - Nimisha.csv,511,gov analyst civil eng infra jobs,59532831b1cbd7c2,forecast,government_workforce_analyst,high,high,filtered_search,
career switch law2cs viable?,advisory,high,Career changer,llm_advisory,prior_degree:law; major:computer_science,Pivot feasibility,Data - Nimisha.csv,516,career switch law2cs viable,f8013a5cb5c1cb9d,advisory,career_changer,high,high,llm_advisory,
edtech founder cs bootcamp tool,strategy,high,EdTech founder,llm_strategy,major:computer_science; attribute:bootcamp,Product idea,Data - Nimisha.csv,519,edtech founder cs bootcamp tool,f77b2cafddd68d31,strategy,edtech_founder,high,high,llm_strategy,
scholarship officer rural eng low grad,advisory,high,Scholarship foundation officer,llm_advisory,major:engineering; attribute:graduation_rate; location:rural,Outcomes concern,Data - Nimisha.csv,520,scholarship officer rural eng low grad,380639bd92c474ab,advisory,scholarship_foundation_officer,high,high,llm_advisory,
gov analyst data sci oversupply,forecast,high,Government workforce analyst,filtered_search,major:data_science; attribute:job_market,Supply-demand issue,Data - Nimisha.csv,521,gov analyst data sci oversupply,2ea9ecea199712f8,forecast,government_workforce_analyst,high,high,filtered_search,
transf aero class missing prereq,advisory,high,Transfer student,llm_advisory,major:aerospace_engineering; attribute:prerequisites,Course mismatch,Data - Nimisha.csv,522,transf aero class missing prereq,cf7c71eed31f4ac2,advisory,transfer_student,high,high,llm_advisory,
intl cs OPT stress,emotional_advisory,high,International student,llm_advisory,major:computer_science; attribute:opt,Visa stress,Data - Nimisha.csv,524,intl cs opt stress,5f140bc054577e32,emotional_advisory,international_student,high,high,llm_advisory,
career changer late 30s cs,emotional_advisory,high,Career changer,llm_advisory,major:computer_science; age:30s,Age worry,Data - Nimisha.csv,526,career changer late 30s cs,757c6a3778992c74,emotional_advisory,career_changer,high,high,llm_advisory,
edtech microlearning mech tool,strategy,high,EdTech founder,llm_strategy,major:mechanical_engineering; attribute:microlearning,Product design,Data - Nimisha.csv,529,edtech microlearning mech tool,357dca88350bd157,strategy,edtech_founder,high,high,llm_strategy,
scholarship officer women cs,advisory,high,Scholarship foundation officer,llm_advisory,major:computer_science; attribute:gender_equity,Equity focus,Data - Nimisha.csv,530,scholarship officer women cs,b9706a229bc644cd,advisory,scholarship_foundation_officer,high,high,llm_advisory,
gov analyst eng shortage region,forecast,high,Government workforce analyst,filtered_search,major:engineering; attribute:shortage; region:specified,Workforce prediction,Data - Nimisha.csv,531,gov analyst eng shortage region,de7376d1e5db7520,forecast,government_workforce_analyst,high,high,filtered_search,
transf cs minor conflict?,advisory,high,Transfer student,llm_advisory,major:computer_science; attribute:minor_conflict,Scheduling,Data - Nimisha.csv,532,transf cs minor conflict,13d67e170e565370,advisory,transfer_student,high,high,llm_advisory,
edtech founder ai ethics course,strategy,high,EdTech founder,llm_strategy,specialization:ai_ethics; field:ai,Product trend,Data - Nimisha.csv,539,edtech founder ai ethics course,af825319174f5514,strategy,edtech_founder,high,high,llm_strategy,
scholarship officer rural STEM,advisory,high,Scholarship foundation officer,llm_advisory,major:STEM; location:rural,Equity,Data - Nimisha.csv,540,scholarship officer rural stem,c81bc799057b57df,advisory,scholarship_foundation_officer,high,high,llm_advisory,
gov analyst civil eng infra,attribute_lookup,high,Government workforce analyst,filtered_search,major:civil_engineering; attribute:infrastructure,Workforce trend,Data - Nimisha.csv,541,gov analyst civil eng infra,3aa99bcfe2961609,attribute_lookup,government_workforce_analyst,high,high,filtered_search,
transf eng credits lost?,advisory,high,Transfer student,llm_advisory,major:engineering; attribute:credit_transfer,Credit loss,Data - Nimisha.csv,542,transf eng credits lost,87fe5d534ff82f47,advisory,transfer_student,high,high,llm_advisory,
edtech founder mech VR lab,strategy,high,EdTech founder,llm_strategy,major:mechanical_engineering; attribute:VR_labs,Innovation,Data - Nimisha.csv,549,edtech founder mech vr lab,135b65f72ea2f55c,strategy,edtech_founder,high,high,llm_strategy,
scholarship officer women eng,advisory,high,Scholarship foundation officer,llm_advisory,major:engineering; attribute:gender_equity,Diversity focus,Data - Nimisha.csv,550,scholarship officer women eng,3643468a075b255f,advisory,scholarship_foundation_officer,high,high,llm_advisory,
gov analyst AI grads shortage,forecast,high,Government workforce analyst,filtered_search,field:AI; attribute:job_market,Supply-demand,Data - Nimisha.csv,551,gov analyst ai grads shortage,cdae540549cd506b,forecast,government_workforce_analyst,high,high,filtered_search,
transf aero prereq missing,advisory,high,Transfer student,llm_advisory,major:aerospace_engineering; attribute:prerequisites,Gap,Data - Nimisha.csv,552,transf aero prereq missing,c48c232f5820043d,advisory,transfer_student,high,high,llm_advisory,
intl student OPT panic,emotional_advisory,high,International student,llm_advisory,major:STEM; attribute:opt,Visa stress,Data - Nimisha.csv,554,intl student opt panic,75ff7dd33c3bb256,emotional_advisory,international_student,high,high,llm_advisory,
career change late 20s phd,advisory,high,Career changer,llm_advisory,age:late_20s; degree:phd,Timing risk,Data - Nimisha.csv,556,career change late 20s phd,ce90bac1058c85d0,advisory,career_changer,high,high,llm_advisory,
edtech founder cs project tool,strategy,high,EdTech founder,llm_strategy,major:computer_science; attribute:project_based_learning,Product idea,Data - Nimisha.csv,559,edtech founder cs project tool,5ebc8c5a87f72a85,strategy,edtech_founder,high,high,llm_strategy,
scholarship officer undergrad outcomes,advisory,high,Scholarship foundation officer,llm_advisory,degree:undergraduate; attribute:outcomes,Program evaluation,Data - Nimisha.csv,560,scholarship officer undergrad outcomes,632312baa3abb6fc,advisory,scholarship_foundation_officer,high,high,llm_advisory,
transf eng lab miss?,advisory,high,Transfer student,llm_advisory,major:engineering; attribute:lab_access,Missing lab concern,Data - Nimisha.csv,561,transf eng lab miss,4a3f3e402a1e3e14,advisory,transfer_student,high,high,llm_advisory,
intl cs visa OPT?,emotional_advisory,high,International student,llm_advisory,major:computer_science; attribute:visa_opt,Visa/OPT stress,Data - Nimisha.csv,563,intl cs visa opt,b6edd38bca3ffb40,emotional_advisory,international_student,high,high,llm_advisory,
career switch law2data ok?,advisory,high,Career changer,llm_advisory,prior_degree:law; major:data_science,Pivot feasibility,Data - Nimisha.csv,565,career switch law2data ok,fee32c03b15c83da,advisory,career_changer,high,high,llm_advisory,
edtech founder microlearn AI,strategy,high,EdTech founder,llm_strategy,field:AI; attribute:microlearning,Product idea,Data - Nimisha.csv,568,edtech founder microlearn ai,6af30ed78c99ae3a,strategy,edtech_founder,high,high,llm_strategy,
scholarship fund STEM women,advisory,high,Scholarship foundation officer,llm_advisory,major:STEM; attribute:gender_equity,Equity program,Data - Nimisha.csv,569,scholarship fund stem women,abaed4deafd8dd7c,advisory,scholarship_foundation_officer,high,high,llm_advisory,
transf CS minor conflict,advisory,high,Transfer student,llm_advisory,major:computer_science; attribute:minor_conflict,Schedule conflict,Data - Nimisha.csv,570,transf cs minor conflict,13d67e170e565370,advisory,transfer_student,high,high,llm_advisory,
grad appl Mech vs industry,comparison,high,Graduate applicant,llm_advisory,major:mechanical_engineering; degree:masters,Career path decision,Data - Nimisha.csv,573,grad appl mech vs industry,9da2eb023f357c4e,comparison,graduate_applicant,high,high,llm_advisory,
career switch teach2CS risk,emotional_advisory,high,Career changer,llm_advisory,prior_profession:teaching; major:computer_science,Anxiety about pivot,Data - Nimisha.csv,574,career switch teach2cs risk,c92fb3c81e6e8dc6,emotional_advisory,career_changer,high,high,llm_advisory,
hiring mgr AI grads theory > prac,advisory,high,Industry hiring manager,llm_advisory,major:AI; attribute:applied,Applied skill concern,Data - Nimisha.csv,576,hiring mgr ai grads theory > prac,5a0e27a629e7902b,advisory,industry_hiring_manager,high,high,llm_advisory,
scholarship officer rural eng,advisory,high,Scholarship foundation officer,llm_advisory,major:engineering; location:rural,Access equity,Data - Nimisha.csv,578,scholarship officer rural eng,afa9e52e404c91ae,advisory,scholarship_foundation_officer,high,high,llm_advisory,
transf Aero prereq fail,advisory,high,Transfer student,llm_advisory,major:aerospace_engineering; attribute:prerequisites,Course mismatch,Data - Nimisha.csv,579,transf aero prereq fail,266b1e4704dc76b3,advisory,transfer_student,high,high,llm_advisory,
intl student STEM OPT panic,emotional_advisory,high,International student,llm_advisory,major:STEM; attribute:opt,Visa stress,Data - Nimisha.csv,581,intl student stem opt panic,9586f15182c62d37,emotional_advisory,international_student,high,high,llm_advisory,
career change late 30s CS,emotional_advisory,high,Career changer,llm_advisory,major:computer_science; age:30s,Age anxiety,Data - Nimisha.csv,583,career change late 30s cs,2de0708a7aacc09f,emotional_advisory,career_changer,high,high,llm_advisory,
edtech founder project CS,strategy,high,EdTech founder,llm_strategy,major:computer_science; attribute:project_based,Product concept,Data - Nimisha.csv,586,edtech founder project cs,2c7d64e6392ad1b4,strategy,edtech_founder,high,high,llm_strategy,
scholarship officer undergrad outcomes,advisory,high,Scholarship foundation officer,llm_advisory,degree:undergraduate; attribute:outcomes,Program evaluation,Data - Nimisha.csv,587,scholarship officer undergrad outcomes,632312baa3abb6fc,advisory,scholarship_foundation_officer,high,high,llm_advisory,
transf Eng class conflict,advisory,high,Transfer student,llm_advisory,major:engineering; attribute:class_schedule,Scheduling conflict,Data - Nimisha.csv,588,transf eng class conflict,396837918f5f5890,advisory,transfer_student,high,high,llm_advisory,
edtech founder microlearning mech,strategy,high,EdTech founder,llm_strategy,major:mechanical_engineering; attribute:microlearning,Product concept,Data - Nimisha.csv,595,edtech founder microlearning mech,a1e690375a1c4dba,strategy,edtech_founder,high,high,llm_strategy,
scholarship officer women STEM rural,advisory,high,Scholarship foundation officer,llm_advisory,major:STEM; location:rural,Equity measure,Data - Nimisha.csv,596,scholarship officer women stem rural,9a2d74afff184329,advisory,scholarship_foundation_officer,high,high,llm_advisory,
transf CS prereq missing,advisory,high,Transfer student,llm_advisory,major:computer_science; attribute:prerequisites,Course gap,Data - Nimisha.csv,597,transf cs prereq missing,36f8b29442be468a,advisory,transfer_student,high,high,llm_advisory,
career switch late 20s phd,advisory,high,Career changer,llm_advisory,age:late_20s; degree:phd,Timing concern,Data - Nimisha.csv,601,career switch late 20s phd,9d93ce71c59233e4,advisory,career_changer,high,high,llm_advisory,
hiring mgr AI grads applied weak,advisory,high,Industry hiring manager,llm_advisory,major:AI; attribute:applied,Practical gap,Data - Nimisha.csv,603,hiring mgr ai grads applied weak,202d1f805744ab63,advisory,industry_hiring_manager,high,high,llm_advisory,
edtech founder VR lab mech,strategy,high,EdTech founder,llm_strategy,major:mechanical_engineering; attribute:VR_labs,Innovation,Data - Nimisha.csv,604,edtech founder vr lab mech,66ae6ac6c491f903,strategy,edtech_founder,high,high,llm_strategy,
scholarship officer rural CS,advisory,high,Scholarship foundation officer,llm_advisory,major:computer_science; location:rural,Access concern,Data - Nimisha.csv,605,scholarship officer rural cs,3bcf503accea20bf,advisory,scholarship_foundation_officer,high,high,llm_advisory,
transf Aero prereq missing,advisory,high,Transfer student,llm_advisory,major:aerospace_engineering; attribute:prerequisites,Scheduling,Data - Nimisha.csv,606,transf aero prereq missing,c48c232f5820043d,advisory,transfer_student,high,high,llm_advisory,
intl student OPT panic,emotional_advisory,high,International student,llm_advisory,major:STEM; attribute:opt,Stress,Data - Nimisha.csv,608,intl student opt panic,75ff7dd33c3bb256,emotional_advisory,international_student,high,high,llm_advisory,
edtech founder project CS lab,strategy,high,EdTech founder,llm_strategy,major:computer_science; attribute:project_based_learning,Product idea,Data - Nimisha.csv,613,edtech founder project cs lab,d48ec7b0c324078b,strategy,edtech_founder,high,high,llm_strategy,
scholarship officer undergrad success,advisory,high,Scholarship foundation officer,llm_advisory,degree:undergraduate; attribute:success_rate,Program evaluation,Data - Nimisha.csv,614,scholarship officer undergrad success,3ae0c5ffa4c31ef4,advisory,scholarship_foundation_officer,high,high,llm_advisory,
intl mech eng coop visa?,advisory,high,International student,llm_advisory,major:mechanical_engineering; attribute:coop; visa:required,Internship visa question,Data - Nimisha.csv,617,intl mech eng coop visa,603fe219789e6589,advisory,international_student,high,high,llm_advisory,
edtech founder math app cc,strategy,high,EdTech founder,llm_strategy,major:mathematics; audience:community_college,Product idea,Data - Nimisha.csv,622,edtech founder math app cc,3f8a5cbf46e62434,strategy,edtech_founder,high,high,llm_strategy,
scholarship officer rural STEM gap,advisory,high,Scholarship foundation officer,llm_advisory,major:STEM; location:rural,Equity program,Data - Nimisha.csv,623,scholarship officer rural stem gap,cc5dd246ddcd48fb,advisory,scholarship_foundation_officer,high,high,llm_advisory,
transf bio prereq confict?,advisory,high,Transfer student,llm_advisory,major:biology; attribute:prerequisites,Course mismatch,Data - Nimisha.csv,624,transf bio prereq confict,76987b299f054b4f,advisory,transfer_student,high,high,llm_advisory,
edtech founder remote STEM lab,strategy,high,EdTech founder,llm_strategy,major:STEM; attribute:remote_lab,Product development,Data - Nimisha.csv,631,edtech founder remote stem lab,e31758c47b14485b,strategy,edtech_founder,high,high,llm_strategy,
scholarship officer urban eng low grad,advisory,high,Scholarship foundation officer,llm_advisory,major:engineering; location:urban; attribute:graduation_rate,Program evaluation,Data - Nimisha.csv,632,scholarship officer urban eng low grad,8425d252daf965f2,advisory,scholarship_foundation_officer,high,high,llm_advisory,
transf mech credits lost?,advisory,high,Transfer student,llm_advisory,major:mechanical_engineering; attribute:credit_transfer,Credit transfer concern,Data - Nimisha.csv,633,transf mech credits lost,c847bc783f6d47cc,advisory,transfer_student,high,high,llm_advisory,
edtech founder art VR collab,strategy,high,EdTech founder,llm_strategy,major:art; attribute:VR_collaboration,Product idea,Data - Nimisha.csv,640,edtech founder art vr collab,e05d61cb980ff1f8,strategy,edtech_founder,high,high,llm_strategy,
scholarship officer STEM girls low rural,advisory,high,Scholarship foundation officer,llm_advisory,major:STEM; attribute:gender_equity; location:rural,Equity concern,Data - Nimisha.csv,641,scholarship officer stem girls low rural,4c90310c6d889ab7,advisory,scholarship_foundation_officer,high,high,llm_advisory,
transf aero prereq mess,advisory,high,Transfer student,llm_advisory,major:aerospace_engineering; attribute:prerequisites,Course mismatch,Data - Nimisha.csv,642,transf aero prereq mess,3f5e1f6a1cf6355e,advisory,transfer_student,high,high,llm_advisory,
intl student OPT panic,emotional_advisory,high,International student,llm_advisory,major:STEM; attribute:opt,Visa stress,Data - Nimisha.csv,644,intl student opt panic,75ff7dd33c3bb256,emotional_advisory,international_student,high,high,llm_advisory,
career change late 20s law2CS,emotional_advisory,high,Career changer,llm_advisory,age:late_20s; prior_degree:law; major:CS,Pivot worry,Data - Nimisha.csv,646,career change late 20s law2cs,2baa5e7d994b8877,emotional_advisory,career_changer,high,high,llm_advisory,
hiring mgr AI grads applied weak,advisory,high,Industry hiring manager,llm_advisory,major:AI; attribute:applied,Applied skill concern,Data - Nimisha.csv,648,hiring mgr ai grads applied weak,202d1f805744ab63,advisory,industry_hiring_manager,high,high,llm_advisory,
edtech founder VR mech lab,strategy,high,EdTech founder,llm_strategy,major:mechanical_engineering; attribute:VR_lab,Innovation,Data - Nimisha.csv,649,edtech founder vr mech lab,766a368cf50c249a,strategy,edtech_founder,high,high,llm_strategy,
scholarship officer rural CS,advisory,high,Scholarship foundation officer,llm_advisory,major:computer_science; location:rural,Access concern,Data - Nimisha.csv,650,scholarship officer rural cs,3bcf503accea20bf,advisory,scholarship_foundation_officer,high,high,llm_advisory,
transf aero prereq missing,advisory,high,Transfer student,llm_advisory,major:aerospace_engineering; attribute:prerequisites,Scheduling,Data - Nimisha.csv,651,transf aero prereq missing,c48c232f5820043d,advisory,transfer_student,high,high,llm_advisory,
intl student OPT panic 2,emotional_advisory,high,International student,llm_advisory,major:STEM; attribute:opt,Visa stress repeat variant,Data - Nimisha.csv,653,intl student opt panic 2,690882096fe41a0d,emotional_advisory,international_student,high,high,llm_advisory,
edtech founder project CS lab 2,strategy,high,EdTech founder,llm_strategy,major:computer_science; attribute:project_based_learning,Product idea variant,Data - Nimisha.csv,658,edtech founder project cs lab 2,f9b88359fee95a11,strategy,edtech_founder,high,high,llm_strategy,
scholarship officer undergrad success,advisory,high,Scholarship foundation officer,llm_advisory,degree:undergraduate; attribute:success_rate,Program evaluation,Data - Nimisha.csv,659,scholarship officer undergrad success,3ae0c5ffa4c31ef4,advisory,scholarship_foundation_officer,high,high,llm_advisory,
How can international students secure an internship in mechanical engineering?,advisory,high,International student,llm_advisory,major:mechanical_engineering; attribute:internship; visa:required,Visa and internship,Data - Nimisha.csv,662,how can international students secure an internship in mechanical engineering,3d6607b11d3bb3d0,advisory,international_student,high,high,llm_advisory,
How can I create a math learning app for community college students?,strategy,high,EdTech founder,llm_strategy,major:mathematics; audience:community_college,Product concept,Data - Nimisha.csv,667,how can i create a math learning app for community college students,de8f4a90dec4e021,strategy,edtech_founder,high,high,llm_strategy,
What scholarships support rural STEM students?,advisory,high,Scholarship foundation officer,llm_advisory,major:STEM; location:rural,Equity program,Data - Nimisha.csv,668,what scholarships support rural stem students,54c3f6fe5b122b4b,advisory,scholarship_foundation_officer,high,high,llm_advisory,
What should I do if my biology prerequisites do not transfer as a transfer student?,advisory,high,Transfer student,llm_advisory,major:biology; attribute:prerequisites,Transfer issue,Data - Nimisha.csv,669,what should i do if my biology prerequisites do not transfer as a transfer student,b2ccdcc1ec602934,advisory,transfer_student,high,high,llm_advisory,
How prepared are AI graduates in applied projects versus theory?,advisory,high,Industry hiring manager,llm_advisory,major:AI; attribute:applied,Skill assessment,Data - Nimisha.csv,675,how prepared are ai graduates in applied projects versus theory,e2af350e4dd86f82,advisory,industry_hiring_manager,high,high,llm_advisory,
How can a VR lab improve collaboration in mechanical engineering courses?,strategy,high,EdTech founder,llm_strategy,major:mechanical_engineering; attribute:VR_lab,Innovation strategy,Data - Nimisha.csv,676,how can a vr lab improve collaboration in mechanical engineering courses,181500bd3db11185,strategy,edtech_founder,high,high,llm_strategy,
What programs support rural computer science students with low graduation rates?,advisory,high,Scholarship foundation officer,llm_advisory,major:computer_science; location:rural; attribute:graduation_rate,Program evaluation,Data - Nimisha.csv,677,what programs support rural computer science students with low graduation rates,90d09b7223749ecc,advisory,scholarship_foundation_officer,high,high,llm_advisory,
How do transfer students handle lost mechanical engineering credits?,advisory,high,Transfer student,llm_advisory,major:mechanical_engineering; attribute:credit_transfer,Credit recovery guidance,Data - Nimisha.csv,678,how do transfer students handle lost mechanical engineering credits,88be255919046d5f,advisory,transfer_student,high,high,llm_advisory,
How can project-based CS labs enhance learning outcomes?,strategy,high,EdTech founder,llm_strategy,major:computer_science; attribute:project_based_learning,Curriculum design,Data - Nimisha.csv,685,how can project-based cs labs enhance learning outcomes,7c1632e30a454c99,strategy,edtech_founder,high,high,llm_strategy,
How do scholarship programs measure undergraduate success rates?,advisory,high,Scholarship foundation officer,llm_advisory,degree:undergraduate; attribute:success_rate,Program evaluation,Data - Nimisha.csv,686,how do scholarship programs measure undergraduate success rates,c0e7355176ee831f,advisory,scholarship_foundation_officer,high,high,llm_advisory,
How do transfer students resolve conflicts in aerospace prerequisites?,advisory,high,Transfer student,llm_advisory,major:aerospace_engineering; attribute:prerequisites,Scheduling conflicts,Data - Nimisha.csv,687,how do transfer students resolve conflicts in aerospace prerequisites,30bae14b9fa59ad1,advisory,transfer_student,high,high,llm_advisory,
How do international students manage OPT stress in STEM programs?,emotional_advisory,high,International student,llm_advisory,major:STEM; attribute:OPT,Visa/employment concern,Data - Nimisha.csv,689,how do international students manage opt stress in stem programs,5f380ebe245b9571,emotional_advisory,international_student,high,high,llm_advisory,
What are the risks of switching from law to computer science in your 20s?,emotional_advisory,high,Career changer,llm_advisory,age:20s; prior_degree:law; major:CS,Career pivot,Data - Nimisha.csv,691,what are the risks of switching from law to computer science in your 20s,32e75f82fa5e3457,emotional_advisory,career_changer,high,high,llm_advisory,
How strong are AI graduates in applied projects compared to theory?,advisory,high,Industry hiring manager,llm_advisory,major:AI; attribute:applied,Skill evaluation,Data - Nimisha.csv,693,how strong are ai graduates in applied projects compared to theory,d8540ea29486974e,advisory,industry_hiring_manager,high,high,llm_advisory,
How can VR labs enhance collaboration for mechanical engineering students?,strategy,high,EdTech founder,llm_strategy,major:mechanical_engineering; attribute:VR_lab,Innovation,Data - Nimisha.csv,694,how can vr labs enhance collaboration for mechanical engineering students,313e9fa21aca9ebe,strategy,edtech_founder,high,high,llm_strategy,
How can rural computer science students increase graduation rates?,advisory,high,Scholarship foundation officer,llm_advisory,major:computer_science; location:rural; attribute:graduation_rate,Program guidance,Data - Nimisha.csv,695,how can rural computer science students increase graduation rates,eb1a030de4288e21,advisory,scholarship_foundation_officer,high,high,llm_advisory,
How do transfer students handle missing aerospace prerequisites?,advisory,high,Transfer student,llm_advisory,major:aerospace_engineering; attribute:prerequisites,Academic planning,Data - Nimisha.csv,696,how do transfer students handle missing aerospace prerequisites,9999a1d47655c950,advisory,transfer_student,high,high,llm_advisory,
How do international students manage OPT deadlines and stress?,emotional_advisory,high,International student,llm_advisory,major:STEM; attribute:OPT,Visa management,Data - Nimisha.csv,698,how do international students manage opt deadlines and stress,4b4e4bbd82e31d10,emotional_advisory,international_student,high,high,llm_advisory,
How do project-based computer science labs improve learning?,strategy,high,EdTech founder,llm_strategy,major:computer_science; attribute:project_based_learning,Curriculum development,Data - Nimisha.csv,703,how do project-based computer science labs improve learning,23b250ecc22c84f7,strategy,edtech_founder,high,high,llm_strategy,
How are undergraduate success rates measured for scholarship programs?,advisory,high,Scholarship foundation officer,llm_advisory,degree:undergraduate; attribute:success_rate,Program evaluation,Data - Nimisha.csv,704,how are undergraduate success rates measured for scholarship programs,52a8de56a5a21aa3,advisory,scholarship_foundation_officer,high,high,llm_advisory,
What are the visa requirements for international students doing research abroad?,advisory,high,International student,llm_advisory,attribute:research; visa:required,Research travel guidance,Data - Nimisha.csv,707,what are the visa requirements for international students doing research abroad,1859ae2c513344cb,advisory,international_student,high,high,llm_advisory,
Are there bridge programs for graduate applicants from unrelated undergraduate majors?,advisory,high,Graduate applicant,llm_advisory,attribute:bridge_program; prior_degree:unrelated,Admission pathways,Data - Nimisha.csv,708,are there bridge programs for graduate applicants from unrelated undergraduate majors,e58233153e33c91f,advisory,graduate_applicant,high,high,llm_advisory,
What competencies are most important for industry hiring managers in cybersecurity roles?,advisory,high,Industry hiring manager,llm_advisory,field:cybersecurity; attribute:competencies,Skill prioritization,Data - Nimisha.csv,711,what competencies are most important for industry hiring managers in cybersecurity roles,ea9520057099d9c7,advisory,industry_hiring_manager,high,high,llm_advisory,
How can an EdTech founder design a coding bootcamp for adult learners?,strategy,high,EdTech founder,llm_strategy,audience:adult_learners; course:coding_bootcamp,Program design,Data - Nimisha.csv,712,how can an edtech founder design a coding bootcamp for adult learners,c48670c862752de7,strategy,edtech_founder,high,high,llm_strategy,
How can scholarship officers identify students from underrepresented communities?,advisory,high,Scholarship foundation officer,llm_advisory,attribute:underrepresented; program:scholarship,Equity identification,Data - Nimisha.csv,713,how can scholarship officers identify students from underrepresented communities,97f763594bcde723,advisory,scholarship_foundation_officer,high,high,llm_advisory,
What are the challenges transfer students face with financial aid?,advisory,high,Transfer student,llm_advisory,attribute:financial_aid,Funding guidance,Data - Nimisha.csv,714,what are the challenges transfer students face with financial aid,5511a915c8dc1196,advisory,transfer_student,high,high,llm_advisory,
How can EdTech founders design interactive VR experiences for physics courses?,strategy,high,EdTech founder,llm_strategy,major:physics; attribute:VR,Product innovation,Data - Nimisha.csv,721,how can edtech founders design interactive vr experiences for physics courses,012bc7ec4a5c573f,strategy,edtech_founder,high,high,llm_strategy,
How can EdTech founders incorporate AI tutors into online courses?,strategy,high,EdTech founder,llm_strategy,attribute:AI_tutors; course:online,Product design,Data - Nimisha.csv,730,how can edtech founders incorporate ai tutors into online courses,d140345860625e8e,strategy,edtech_founder,high,high,llm_strategy,
How can scholarship officers support first-generation college students?,advisory,high,Scholarship foundation officer,llm_advisory,attribute:first_generation,Equity support,Data - Nimisha.csv,731,how can scholarship officers support first-generation college students,79a424c4f32db84c,advisory,scholarship_foundation_officer,high,high,llm_advisory,
What transfer credit policies exist for engineering students moving universities?,advisory,high,Transfer student,llm_advisory,major:engineering; attribute:credit_transfer,Academic planning,Data - Nimisha.csv,732,what transfer credit policies exist for engineering students moving universities,01f3abb777198cb9,advisory,transfer_student,high,high,llm_advisory,
What technical competencies are most valued by hiring managers for data science roles?,advisory,high,Industry hiring manager,llm_advisory,field:data_science; attribute:technical_competencies,Skill prioritization,Data - Nimisha.csv,738,what technical competencies are most valued by hiring managers for data science roles,51e8bf4cc7c72019,advisory,industry_hiring_manager,high,high,llm_advisory,
How can EdTech founders create collaborative coding projects for students?,strategy,high,EdTech founder,llm_strategy,attribute:collaboration; course:coding,Product design,Data - Nimisha.csv,739,how can edtech founders create collaborative coding projects for students,6c848da834b623a3,strategy,edtech_founder,high,high,llm_strategy,
How can scholarship officers increase applications from rural students?,advisory,high,Scholarship foundation officer,llm_advisory,attribute:rural_students,Outreach,Data - Nimisha.csv,740,how can scholarship officers increase applications from rural students,bd155f02a8792db0,advisory,scholarship_foundation_officer,high,high,llm_advisory,
What are the top skills hiring managers look for in cloud computing applicants?,advisory,high,Industry hiring manager,llm_advisory,field:cloud_computing; attribute:skills,Recruitment guidance,Data - Nimisha.csv,747,what are the top skills hiring managers look for in cloud computing applicants,5e04ac5901f4ab60,advisory,industry_hiring_manager,high,high,llm_advisory,
How can EdTech founders integrate gamification into STEM learning?,strategy,high,EdTech founder,llm_strategy,field:STEM; attribute:gamification,Learning design,Data - Nimisha.csv,748,how can edtech founders integrate gamification into stem learning,f82922d3c55b0eba,strategy,edtech_founder,high,high,llm_strategy,
How can scholarship officers monitor equity outcomes in STEM scholarships?,advisory,high,Scholarship foundation officer,llm_advisory,major:STEM; attribute:equity_outcomes,Program evaluation,Data - Nimisha.csv,749,how can scholarship officers monitor equity outcomes in stem scholarships,86423de816780cbe,advisory,scholarship_foundation_officer,high,high,llm_advisory,
What are the employment restrictions for international students on OPT?,advisory,high,International student,llm_advisory,attribute:OPT; employment:restrictions,Compliance guidance,Data - Nimisha.csv,752,what are the employment restrictions for international students on opt,657ba79ea0abed3e,advisory,international_student,high,high,llm_advisory,
How can graduate applicants find funding for independent research projects?,advisory,high,Graduate applicant,llm_advisory,attribute:research_funding,Financial guidance,Data - Nimisha.csv,753,how can graduate applicants find funding for independent research projects,49ac48aafef6afd4,advisory,graduate_applicant,high,high,llm_advisory,
What are the most critical coding skills hiring managers require for AI roles?,advisory,high,Industry hiring manager,llm_advisory,field:AI; attribute:coding_skills,Recruitment guidance,Data - Nimisha.csv,756,what are the most critical coding skills hiring managers require for ai roles,fb4c7775742f1add,advisory,industry_hiring_manager,high,high,llm_advisory,
How can EdTech founders implement peer review in online courses?,strategy,high,EdTech founder,llm_strategy,attribute:peer_review; course:online,Curriculum innovation,Data - Nimisha.csv,757,how can edtech founders implement peer review in online courses,583b3d824c98bb75,strategy,edtech_founder,high,high,llm_strategy,
How can scholarship officers provide mentorship for underrepresented students?,advisory,high,Scholarship foundation officer,llm_advisory,attribute:mentorship; population:underrepresented,Program guidance,Data - Nimisha.csv,758,how can scholarship officers provide mentorship for underrepresented students,3430ba46f7f8b9de,advisory,scholarship_foundation_officer,high,high,llm_advisory,
Can international graduate students get assistantships at top research universities?,advisory,high,Graduate applicant,llm_advisory,status:international; attribute:assistantship,Funding and opportunity,Data - Nimisha.csv,761,can international graduate students get assistantships at top research universities,b9910a4d322eced0,advisory,graduate_applicant,high,high,llm_advisory,
What scholarships are available specifically for community college students transferring to STEM programs?,advisory,high,Community college student,llm_advisory,attribute:scholarship; major:STEM,Funding guidance,Data - Nimisha.csv,763,what scholarships are available specifically for community college students transferring to stem programs,b24e1f86ef31a783,advisory,community_college_student,high,high,llm_advisory,
How can graduate applicants improve their CV for competitive biology PhD programs?,advisory,high,Graduate applicant,llm_advisory,field:biology; attribute:CV,Application preparation,Data - Nimisha.csv,764,how can graduate applicants improve their cv for competitive biology phd programs,fa22bf19cc1370c3,advisory,graduate_applicant,high,high,llm_advisory,
How can graduate applicants improve research experience if they are coming from non-research backgrounds?,advisory,high,Graduate applicant,llm_advisory,attribute:research_experience; prior_background:non_research,Application strengthening,Data - Nimisha.csv,773,how can graduate applicants improve research experience if they are coming from non-research backgrounds,645caa5a2e4ff7fd,advisory,graduate_applicant,high,high,llm_advisory,
Can international graduate students apply for external funding from their home country?,advisory,high,Graduate applicant,llm_advisory,status:international; attribute:external_funding,Funding options,Data - Nimisha.csv,776,can international graduate students apply for external funding from their home country,d8db3de15d4d2f85,advisory,graduate_applicant,high,high,llm_advisory,
What strategies help international graduate students adjust to research culture in a new country?,advisory,high,Graduate applicant,llm_advisory,status:international; attribute:research_culture,Cultural adaptation,Data - Nimisha.csv,782,what strategies help international graduate students adjust to research culture in a new country,483e265e4d7021a3,advisory,graduate_applicant,high,high,llm_advisory,
How do transfer students handle GPA differences between schools when applying for graduate programs?,advisory,high,Transfer student,llm_advisory,attribute:GPA; target:graduate_program,Application evaluation,Data - Nimisha.csv,795,how do transfer students handle gpa differences between schools when applying for graduate programs,73c9b4cca93bcbb4,advisory,transfer_student,high,high,llm_advisory,
What funding options exist for graduate applicants doing unpaid internships?,advisory,high,Graduate applicant,llm_advisory,attribute:funding; opportunity:unpaid_internship,Financial guidance,Data - Nimisha.csv,809,what funding options exist for graduate applicants doing unpaid internships,280e77554e41cea8,advisory,graduate_applicant,high,high,llm_advisory,
How do transfer students prepare for graduate-level course expectations?,advisory,high,Transfer student,llm_advisory,attribute:graduate_course_prep,Academic readiness,Data - Nimisha.csv,813,how do transfer students prepare for graduate-level course expectations,88d499f13969c442,advisory,transfer_student,high,high,llm_advisory,
How can graduate applicants improve publication record before applying?,advisory,high,Graduate applicant,llm_advisory,attribute:publications; field:research,Application strengthening,Data - Nimisha.csv,821,how can graduate applicants improve publication record before applying,2216e654c1763973,advisory,graduate_applicant,high,high,llm_advisory,
Are there funding programs for international graduate students attending conferences?,advisory,high,Graduate applicant,llm_advisory,status:international; attribute:conference_funding,Networking & funding,Data - Nimisha.csv,827,are there funding programs for international graduate students attending conferences,ba022266c93e5d84,advisory,graduate_applicant,high,high,llm_advisory,
How do transfer students manage double majors with conflicting course requirements?,advisory,high,Transfer student,llm_advisory,attribute:double_major; action:course_planning,Degree planning,Data - Nimisha.csv,834,how do transfer students manage double majors with conflicting course requirements,ae04c2c8df6078c2,advisory,transfer_student,high,high,llm_advisory,
What strategies help graduate applicants secure competitive fellowships?,advisory,high,Graduate applicant,llm_advisory,attribute:fellowships; action:application_strategy,Funding,Data - Nimisha.csv,836,what strategies help graduate applicants secure competitive fellowships,6cb4d1e70208d375,advisory,graduate_applicant,high,high,llm_advisory,
How do graduate applicants prepare for interdisciplinary oral defenses?,advisory,high,Graduate applicant,llm_advisory,attribute:oral_defense; field:interdisciplinary,Exam preparation,Data - Nimisha.csv,842,how do graduate applicants prepare for interdisciplinary oral defenses,4103b40c3d8b428e,advisory,graduate_applicant,high,high,llm_advisory,
How can graduate applicants improve grant-writing skills?,advisory,high,Graduate applicant,llm_advisory,attribute:grant_writing,Funding preparation,Data - Nimisha.csv,851,how can graduate applicants improve grant-writing skills,852a45d8b70c51d3,advisory,graduate_applicant,high,high,llm_advisory,
Are there scholarships for community college students pursuing research-heavy majors?,advisory,high,Community college student,llm_advisory,attribute:scholarship; major:research_heavy,Funding,Data - Nimisha.csv,853,are there scholarships for community college students pursuing research-heavy majors,9ff50cb3d02c0beb,advisory,community_college_student,high,high,llm_advisory,
How can community college students find internships in competitive fields?,advisory,high,Community college student,llm_advisory,attribute:internship; field:competitive,Career prep,Data - Nimisha.csv,874,how can community college students find internships in competitive fields,66fb7ab00fbf44ea,advisory,community_college_student,high,high,llm_advisory,
How can graduate applicants prepare for comprehensive exams in interdisciplinary programs?,advisory,high,Graduate applicant,llm_advisory,attribute:comprehensive_exam; field:interdisciplinary,Exam prep,Data - Nimisha.csv,878,how can graduate applicants prepare for comprehensive exams in interdisciplinary programs,5075d658f707b705,advisory,graduate_applicant,high,high,llm_advisory,
